battery_id,voltage_mean,voltage_max,voltage_std,current_mean,current_std,temp_max,temp_mean,discharge_time,battery_health
B0047,3.4752664759657903,4.246764125510136,0.2846255796735321,-0.9527668403077523,0.20144763569935933,12.376815880696888,8.272422519178683,6436.141,100.0
B0047,3.4765588189090355,4.186635709569866,0.27249491756368766,-0.9838885014038209,0.106707692501956,11.314903320182369,8.210715424489035,5650.265,91.04472858585216
B0047,3.4707669643372343,4.199922751479228,0.2785348039336943,-0.9838892612061609,0.10731479696293067,11.624528187721143,7.954455063989402,5590.907,90.07179259172385
B0047,3.4675514337042928,4.199568876812779,0.27841577779232307,-0.9789465319710104,0.12749941051411634,11.0929238810592,7.985864710265717,5543.61,88.60739364832826
B0047,3.4628386272032645,4.1993968014662295,0.28258451732101864,-0.9762620303137102,0.13677027017945223,11.020979145558456,8.009426990342208,5499.046,87.62676993307483
B0047,3.4591836330966035,4.198907847432783,0.2809207435392792,-0.9711681299821951,0.15320166429797555,11.05909419348262,8.033626730077737,5461.219,86.53491316743637
B0047,3.440865649757287,4.163303236325632,0.27717370194432245,-0.9709334670284248,0.15361255478969701,11.877028657628198,8.150799939416203,5451.281,86.35545128053374
B0047,3.44810227661685,4.181797294694067,0.28324972172276147,-0.9610547420763002,0.18072914493363487,11.559250858608888,8.230899786348077,5468.062,85.47537541839961
B0047,3.4496654644975946,4.197837203348764,0.2801180152601075,-0.9582923588349711,0.18795126667322634,11.34743713793976,8.146945225413083,5411.297,84.76799436617847
B0047,3.4449123724079618,4.197777018222757,0.2854394747134755,-0.9553719838321842,0.19493355285943675,11.693269060729056,8.251894856354932,5369.703,83.61664306420813
B0047,3.4418308643708455,4.197306543877358,0.28257507687267536,-0.9527836491780217,0.201619340838536,11.557441727679937,8.23497518866995,5327.406,82.93088059439815
B0047,3.4344681780842876,4.19770091242359,0.29109652836021227,-0.949814677088373,0.20780089499321494,11.667407771157473,8.269239827690175,5299.266,81.53972395267488
B0047,3.430115214310407,4.1533796403143945,0.27346183379366445,-0.962374774611937,0.1770451371609594,11.311016339650983,8.236583239584068,5367.172,83.97779626140351
B0047,3.442078085056046,4.1809212253928045,0.2793773991192219,-0.9528782892582865,0.20076784571510078,11.175603921563273,8.16126508624072,5406.812,83.96047170054104
B0047,3.4424678812268277,4.198049966629152,0.2828692728108212,-0.9497638833815831,0.20761258162955815,11.15023736338702,8.25301239256121,5353.094,82.82639660220997
B0047,3.4338551425476287,4.19764856730434,0.2871250097007428,-0.9517106306260905,0.2036619845617688,11.81131136026599,8.291638340695691,5280.031,81.85518857796808
B0047,3.4327517306039357,4.1969633661005,0.2841656758412699,-0.9434304652541514,0.22064811025046008,11.699803023226297,8.318107121376224,5248.593,80.61513985174807
B0047,3.4273855541261473,4.196227134476293,0.28820668146207684,-0.9400482502771171,0.22717236753733644,11.234017863419322,8.303021352537922,5203.375,79.14648399526456
B0047,3.4184685184601045,4.176260352394772,0.28897140514808994,-0.9371553622323052,0.23346070210403588,11.729632241368254,8.32601397527908,5166.812,78.31276779905801
B0047,3.4156755122328164,4.199835388165491,0.29171487353679965,-0.9234823229846594,0.25740895558291654,12.186162994585318,8.388106987601862,5340.281,79.99878426165894
B0047,3.4189443106786306,4.195847527614419,0.2889889308711534,-0.930472095057463,0.24492727781071988,11.147409475641334,8.304841644444155,5103.0,76.74324034052742
B0047,3.4147835574863517,4.195387366763826,0.2877207992831268,-0.9322821459755778,0.24164614739638007,11.681014963080823,8.319029412369582,5051.172,76.55232199436679
B0047,3.409591730169167,4.174064296873529,0.28682733643798386,-0.9267897523084677,0.2517584402337099,11.29683746494969,8.401755924951388,5027.563,75.25542576909527
B0047,3.407645240350967,4.194958886516552,0.29096882856993483,-0.9316504925123936,0.24323000086333815,11.88239860330653,8.395347720509116,4993.765,75.61767892032425
B0047,3.407201115194828,4.194794488425212,0.292704417049633,-0.9255669375549472,0.25357822038800965,11.79170575767619,8.419292173692186,4962.469,74.14176143019554
B0047,3.402851724115477,4.194210512385239,0.29209013723210653,-0.9273633082574366,0.2505189121390405,11.72661603963688,8.293327119939335,4907.859,73.4566018667481
B0047,3.398740761774466,4.19378669081209,0.2935267080945486,-0.9267828902753352,0.25117779098823134,12.464631760563272,8.49190236531868,4888.656,73.34916886522723
B0047,3.3945066004903923,4.1718864589662426,0.29117819570995224,-0.9236824517720293,0.2567295399461265,11.863547747838409,8.437149776270967,4866.25,72.50685532318207
B0047,3.39192930556013,4.19388971043665,0.2973008027306913,-0.9289085100178415,0.24798750904872066,12.460832791038596,8.429621946088576,4836.125,72.70740349459761
B0047,3.39128980672992,4.193873318394839,0.2956687497396356,-0.9282275865985665,0.2489078118478761,12.213639136225725,8.46306110156025,4801.485,72.11020564059322
B0047,3.3932667889977304,4.193344395761288,0.2939777155020007,-0.9244391789678553,0.25527477857424213,11.534784991217848,8.459204966688853,4760.938,70.95724335924766
B0047,3.3838600818009588,4.19356398488292,0.300580222208762,-0.9270544586298616,0.25101873516241113,12.42977502748968,8.493224799915222,4740.907,70.85357391738499
B0047,3.3866520851320576,4.142510591712848,0.2852064921255158,-0.9460868598841972,0.21452297405787982,12.428323073625249,8.466232868159803,4914.532,75.33834871445302
B0047,3.402095154295076,4.174381011699289,0.29413289724697517,-0.9356871602351079,0.23519098155727214,12.48741336421358,8.553128334903379,4998.656,75.5432737015607
B0047,3.404625504614091,4.194961577545829,0.2937445374039524,-0.9401469539731849,0.2268940347339568,11.343734065329729,8.342818484380935,4890.015,74.45773888214354
B0047,3.3977378433240313,4.194728577808066,0.29693102237121016,-0.9395699773936357,0.22788519245968336,12.641653349352346,8.481468325698998,4842.11,73.66594517429576
B0047,3.39454078926717,4.194123941573546,0.2984891698517434,-0.9358360923749524,0.23500972226549796,11.969937687736325,8.425193812256257,4798.281,72.44350295518608
B0047,3.397135252361952,4.194413177433493,0.2929721642196723,-0.9347239037948782,0.23655267165917,11.438399477589398,8.471726206300676,4739.188,71.66620435105678
B0047,3.384557786350807,4.172002506353698,0.29624921484235456,-0.9317054169779714,0.2422403218363401,12.144441411939049,8.510483818712029,4733.156,71.08956165888245
B0047,3.38207924956575,4.194068049662567,0.30314675512928435,-0.9431234654151266,0.2210569521803255,12.67224284322037,8.530222967717657,4670.61,71.02986378745739
B0047,3.3808097620789024,4.193464344236471,0.3021249876075177,-0.9364521415339061,0.2337010477888509,11.984785271459067,8.420605358837513,4635.0,69.70473498459693
B0047,3.382026759648077,4.192797311893991,0.2985025820728942,-0.9330135422416266,0.24032611518862582,12.101959002780742,8.51215713252602,4615.86,69.374159273429
B0047,3.376424700878435,4.193468094113346,0.30214602858145784,-0.9354455085688509,0.23559635343756638,12.396974763839234,8.54602737861718,4580.75,69.01708832245835
B0047,3.3729563491800936,4.16991637056524,0.29562510262087255,-0.9350017140200774,0.23640771280261816,11.455115215105929,8.4485741292899,4557.406,68.6166882252563
B0047,3.378642488252421,4.192396921446495,0.294180159140943,-0.9345624675488318,0.23737812232379685,11.39345446641458,8.334392904335672,4524.032000000007,68.30136451625336
B0047,3.370172138170829,4.192623205881946,0.304141430671618,-0.9405823229183861,0.22588613939033642,12.6352725981059,8.548983420432004,4502.938,68.19556246011422
B0047,3.367920943746027,4.1933895299679325,0.3062974841373293,-0.940166082376245,0.22671708945223676,12.45444631401429,8.545644001542279,4483.094,67.85256095702546
B0047,3.3731133787458676,4.192510832064287,0.30161047505869326,-0.9385550163357156,0.22966915864031245,12.18400994607025,8.530684068571667,4448.36,67.11063034704141
B0047,3.3570684734893477,4.1689267149519535,0.3053121272443111,-0.9458548848985765,0.21495570482077586,12.849012968534735,8.5880890540764,4440.531,67.61313277156185
B0047,3.3691516897861753,4.191753022543457,0.3003935234767696,-0.9389122330771017,0.22889493172857933,11.44307926801482,8.520717953543993,4416.547,66.71486655899155
B0047,3.3578225461504885,4.192116566565046,0.30656051360266484,-0.9483861774789661,0.20976839206152106,12.895633770945397,8.509426489984776,4382.937,66.89600822485447
B0047,3.3676285575809373,4.192241727517348,0.29586612019047187,-0.9414049088928775,0.22442590227740364,11.573902587010837,8.454153696786289,4347.453,66.05591652859539
B0047,3.372493003925355,4.151696493245396,0.2925374912287001,-0.9331169601303769,0.23957458384935962,11.984288635557064,8.476574571858773,4746.5,71.12147542121009
B0047,3.382136756328252,4.173641970261601,0.3006286854042768,-0.9478477265636571,0.21080243893717954,12.836265571184011,8.567006275916873,4679.156,71.74552378530214
B0047,3.383822718764627,4.194390827243979,0.3043651285209073,-0.956443523785203,0.1911769096972139,12.655987301395294,8.607327084258758,4596.578,71.11554564205633
B0047,3.3860339727551585,4.194161811786053,0.29798085644120026,-0.9528668500629852,0.19997155885200235,12.20963360823446,8.707959029152644,4544.641,70.26424411425586
B0047,3.3841395923852935,4.194190653204952,0.30294981462554027,-0.9523529313575727,0.2004708697045603,12.780134013784457,9.003534328496398,4526.938,69.45038177558939
B0047,3.3827771801616184,4.194292935889806,0.30129986469807096,-0.9518066439769568,0.20145528266983814,12.658108002877777,9.02852617906244,4487.438,68.78170104369552
B0047,3.364536091766799,4.146356741131726,0.29531755871830145,-0.9517057744990748,0.20104472563134193,13.24936801902594,9.027729535660669,4513.312,69.18497683909584
B0047,3.3787603150369994,4.172368631167838,0.29950092168783143,-0.9457722537487265,0.21430530493640423,13.102537521023756,9.071608131387514,4568.438,69.83367469640976
B0047,3.38042492580436,4.193697451503613,0.30319991344922637,-0.9517682668620395,0.20166054745187945,13.019156020970016,9.050284055951,4499.656,69.2117042188277
B0047,3.3757552328187086,4.193432136090228,0.3054481887447721,-0.9577750037054298,0.1878394071811764,12.612257184300963,8.986064263951343,4430.984,68.3244085877098
B0047,3.3744651760728988,4.193707973256604,0.3043238803051794,-0.9541869981546398,0.19641372726719414,12.968805846071126,9.036875447987502,4411.141,67.99204926231046
B0047,3.3850807989789566,4.166980224197571,0.29476447574968107,-0.9269695970852067,0.24969369445325126,13.123905320087225,9.095394308322597,4883.312,72.94432443719845
B0047,3.3900890450634233,4.175112042490111,0.30035894140285996,-0.9526683776410486,0.19913034535695298,13.179418154583676,9.009063913586548,4663.907,71.8570679381464
B0047,3.3919885847746993,4.195168632438667,0.3016443057148904,-0.9591403423116251,0.185726222969627,12.742282067813369,8.958051495293551,4581.328,71.05723823500851
B0047,3.3862399608298266,4.19482784099826,0.3042836922683808,-0.9554277687381623,0.1943298107542679,13.23162562344335,8.972563208541265,4553.031,70.32307425341058
B0047,3.383817098626054,4.194470276921028,0.3056300178358854,-0.9577201485364993,0.18764840498286978,12.857920538298638,9.037146843138395,4486.5,69.18949677247087
B0047,3.3818846696550433,4.194180006661532,0.30162610454869104,-0.9573123780210179,0.18865171164480396,12.67528068575023,9.009035929017505,4450.625,69.08591493558421
B0045,3.3507147228969534,4.203467627142882,0.3839428270015385,-0.6795680439600006,0.47090862256752647,15.71039018923076,9.485217152757082,6436.141,64.6226077722441
B0045,3.343710562419324,4.16699885717682,0.39584588072596466,-0.6847946624076122,0.46886625014859135,16.327881769438125,9.412485833762908,5650.265,55.42314848518909
B0045,3.357113032625278,4.187894400053388,0.40017150075414254,-0.6646163130202214,0.4763092167102511,16.190453016227536,9.14441346005273,5590.907,52.869324489162494
B0045,3.358646172572514,4.188401226248918,0.40420308618144624,-0.6509315601298676,0.48076992050578465,16.44564599364816,9.074180330499932,5543.61,51.25118785366952
B0045,3.3660643885240518,4.188303916193977,0.400717878422444,-0.6402275004489041,0.48398522732410404,16.652821920677077,9.063698357219925,5499.046,50.225935511972274
B0045,3.367910347978234,4.18828020412361,0.4031565700221206,-0.6317025380405665,0.4862605528227396,16.626045153527933,9.076577071060372,5461.219,49.24713956055553
B0045,3.357745333360116,4.115223647482973,0.4048707415317866,-0.6176226155232352,0.4897888673253948,16.231693733501764,9.265023738219778,5451.281,47.39854225425187
B0045,3.3696607473704705,4.166319111887713,0.40050548320449386,-0.627554191403777,0.48739130422396415,16.185673883928935,9.339350112299787,5468.062,48.87805588007018
B0045,3.3747312015520436,4.188858082816243,0.40927362988669735,-0.6227956362441027,0.48860044035148464,16.52621032903044,9.308634523153344,5411.297,47.64750444430384
B0045,3.381799182114607,4.189052979187811,0.3988431120171047,-0.6164358149352739,0.49008808968585554,15.196414604557985,9.254145206672922,5369.703,47.74386166644823
B0045,3.385176591409285,4.189280705297697,0.40235248266139295,-0.6124951744838439,0.49104755617747153,16.354435553014117,9.291749311540086,5327.406,46.48560822202642
B0045,3.3813096388474886,4.189527524041756,0.4011741052704733,-0.6120748119063896,0.4910958019749207,15.57016420519042,9.310447961834724,5299.266,46.60882826709625
B0045,3.3490369985986668,4.097057578524458,0.4087066318405224,-0.6158982943710155,0.49022105726068954,16.481904111846188,9.29775486780575,5367.172,46.06723041350356
B0045,3.3694542187312684,4.166427487441078,0.4129355247437173,-0.625377064856349,0.4877759796268496,16.686364651804713,9.245632947295453,5406.812,47.49906010226954
B0045,3.3771129586319466,4.189116912804917,0.41262650055674266,-0.6180221346577055,0.48960874970956453,16.527315358470222,9.21860683892004,5353.094,46.73060979309803
B0045,3.382104218416538,4.189394418073402,0.4105577819660481,-0.6121745879630046,0.49096772180088016,16.325076195754107,9.19413015419709,5280.031,45.68711291332524
B0045,3.3859954600090036,4.189251613691141,0.409651466403204,-0.6064321892488668,0.4922986565308564,16.18780234880546,9.188267060937262,5248.593,45.062880283137666
B0045,3.3830345538672018,4.18999236240837,0.4089950950112181,-0.6063996219926951,0.4924351379550956,16.54868871782283,9.211910760834266,5203.375,44.8188957361521
B0045,3.37881379914347,4.165973150657214,0.4065693159509077,-0.6022530715841198,0.49315165917011455,15.893386512216576,9.15685740939557,5166.812,44.24079984888563
B0045,3.389059266953008,4.195641973763218,0.42010542441662124,-0.5861859230293525,0.4961015167504017,16.273556126855052,9.104538013834128,5340.281,43.65110722489161
B0045,3.3783919657677504,4.189381114418313,0.4128153527940675,-0.6037251705699035,0.49288338074389093,16.57769275391533,9.196243634400288,5103.0,43.52407095695363
B0045,3.3779346242690624,4.189726548094093,0.416396646884337,-0.6039804007945984,0.49293116450534197,16.451931737613187,9.224293881462565,5051.172,42.770131302052604
B0045,3.3727225247575885,4.166289777836687,0.4130458233121519,-0.6017545658130975,0.4933625520680386,16.660404158556567,9.239291915944644,5027.563,42.5800909754692
B0045,3.380735960428841,4.189756191273931,0.4111948532055461,-0.6038091172028306,0.4929476215663071,16.192781213892964,9.220514425854448,4993.765,42.656462941517184
B0045,3.3889133424072204,4.1890449974281685,0.3997123145751167,-0.6004829437675547,0.4936317472262758,14.742856005940368,9.140591023627803,4962.469,42.94660719690708
B0045,3.3855430731736647,4.189274783071479,0.40113086264517683,-0.6033075067931543,0.4930335377840712,14.693521549329,9.05273466167465,4907.859,42.847489093581736
B0045,3.375688256474184,4.189518201774546,0.4135213809950964,-0.6065620900458145,0.4922877337593461,15.86983818237976,9.311519157220646,4888.656,42.23261935354185
B0045,3.37794278508875,4.166301702021804,0.40460530662342287,-0.601440239072105,0.49335894405240666,14.829662137922766,9.167853966731156,4866.25,42.01930435505286
B0045,3.373558298075209,4.19002918934191,0.4158568314489528,-0.6098007335968902,0.4915016872800436,15.906462051621896,9.287848514483294,4836.125,41.456660150675496
B0045,3.368742642573582,4.1895524054233135,0.4170738781155352,-0.6120661413012833,0.49112122865566904,16.353770501511462,9.322184761530549,4801.485,41.295435677205276
B0045,3.3718000664169727,4.189008492340535,0.4070782057123108,-0.6132829070943792,0.4907788694839469,15.076528277493722,9.289681276195049,4760.938,41.63848797887139
B0045,3.366360304166582,4.189696962609597,0.41992554269413745,-0.6139518980958842,0.49066392240823753,16.045850353764667,9.365909184464234,4740.907,40.80774565724039
B0045,3.342277843498783,4.0900107068393625,0.42282308390345,-0.6004805193877815,0.49358112214206235,16.24823467681854,9.328022708662925,4914.532,40.745445768450935
B0045,3.3722684174392836,4.166284738890519,0.41748944710538666,-0.6129419979147948,0.49090058028484373,15.761879553141288,9.373114023056761,4998.656,43.53764890351728
B0045,3.357634548884028,4.188598948796885,0.4246116730195818,-0.6242152942509949,0.4881625695224866,16.349393593197068,9.306835708093752,4890.015,42.640515598471836
B0045,3.3697954619483568,4.188722662834883,0.42117158788500225,-0.6139171694764338,0.4907680085930617,16.22246271510604,9.339526786032339,4842.11,41.555945950045455
B0045,3.3766733742445987,4.188679542275547,0.41112399958350815,-0.6092419901647167,0.4917377119068585,14.780023826016944,9.1327535688995,4798.281,41.917775031958236
B0045,3.356692310359256,4.1894790557667125,0.42480699694262836,-0.6214369612467493,0.4890621025568637,16.357147782799643,9.343849839453913,4739.188,41.281661933217364
B0045,3.3716599583869122,4.165443751495042,0.41449279056812366,-0.6049628311237817,0.49260937466557064,15.304013119865168,9.257582649630315,4733.156,40.87236672133622
B0045,3.358461612325261,4.189848639216605,0.42704572239870164,-0.620638817556179,0.4891848552713746,16.298057069520368,9.38425161776499,4670.61,40.263846412442575
B0045,3.3733153872943236,4.165425573897933,0.41257068270354963,-0.6013875939812509,0.49339257162634786,15.088230300481198,9.144982402264807,4635.0,39.837850280396545
B0045,3.367632771675607,4.188987638858462,0.4172287219242889,-0.6146269558442435,0.49051516443029836,15.201775291002932,9.26257479341655,4615.86,40.63827172994172
B0045,3.363321307304569,4.189580414945199,0.4229384748469973,-0.6171094630530605,0.4901202033240467,15.820509282900383,9.40011028670591,4580.75,39.526042580922535
B0045,3.346491714827562,4.16611714089707,0.4228131163487178,-0.6209228615247188,0.48917804370853557,15.58071439830652,9.419332811255556,4557.406,39.55772540493444
B0045,3.3599039237162853,4.188826402459722,0.41429121024055576,-0.6204303388657685,0.4893291758248712,14.525034072927795,9.207828068558017,4524.032000000007,39.893325144870616
B0045,3.349639562276425,4.189296725569063,0.4311659276530074,-0.6244948594173985,0.4881635201129366,16.256345838594637,9.478974220669317,4502.938,38.75633098347927
B0045,3.352423027875088,4.189791506946971,0.43018587522720525,-0.6219881914832105,0.4887658765517261,15.916519503570711,9.37536325812961,4483.094,38.843819503124394
B0045,3.3563090390508155,4.189224626327275,0.4250155035902406,-0.6249048536030644,0.48822873117990856,15.322696472607957,9.348977069227304,4448.36,39.252577590886
B0045,3.340602870094091,4.165757111360098,0.43257643838511445,-0.6235638134980177,0.4885975143935364,16.435471374813734,9.539830147989116,4440.531,38.006924836289855
B0045,3.348511229053965,4.188761935596181,0.42223879235878903,-0.627718646983615,0.4874665205122712,14.7528730574534,9.436879605277216,4416.547,39.039782821193995
B0045,3.3328844784891074,4.188802708146619,0.4354653766057157,-0.6340722598435242,0.48569428810927645,16.57328291132994,9.4879310296259,4382.937,38.173625753569496
B0045,3.3518219079975298,4.18882331762149,0.4189092561940738,-0.626972097350462,0.4876530209253672,14.528444176948046,9.300314416191522,4347.453,38.71580768092077
B0045,3.268327350028982,4.189363830091343,0.4414205106619069,-0.7596521990041524,0.43292211845717743,15.828293567742277,10.076022301978172,3581.188,37.55563311778531
B0045,3.3368580984170784,4.087899947377259,0.4260536809740577,-0.5857626315966499,0.49628574252806096,15.05093934814998,9.254842453288928,4746.5,38.10878437990757
B0045,3.339305489603821,4.164689190245494,0.44430005979862,-0.6234849422351091,0.4885744602290706,16.878888140585346,9.58411609363967,4679.156,39.14953396979771
B0045,3.339570448565296,4.1883794105875705,0.44651701434149377,-0.625755737381111,0.4880219498520563,16.752865016509336,9.566905713744635,4596.578,38.73210570497785
B0045,3.3451677206996573,4.188367290905127,0.4400238237461333,-0.6206303941303277,0.48943622412566096,16.630725230629476,9.486246140892044,4544.641,38.54777159465621
B0045,3.3544794166161487,4.189241965038727,0.4315337822161972,-0.6149058946531849,0.49056915746283813,15.270710849004711,9.492943245052498,4526.938,38.38613043533329
B0045,3.3411905698302573,4.189229122156955,0.44175692058228644,-0.6208754134190153,0.4892087514185772,16.438070093673065,9.621291466671476,4487.438,37.94085217115065
B0045,3.3372444928972818,4.106243161598799,0.4358658079099028,-0.5953707956325988,0.49451502854983526,15.659914658719188,9.480811280043975,4513.312,36.77203949332502
B0045,3.3510332188429146,4.132596928052376,0.4321489348822529,-0.5897510821772117,0.495574433300395,15.265721279585906,9.448949676434,4568.438,36.85609625338452
B0045,3.3573066817086326,4.18912672162077,0.4331536933633804,-0.612901822920554,0.4910305033243829,15.459947276103474,9.522656892771677,4499.656,38.42924898370922
B0045,3.3367004271481884,4.18937088770508,0.4466188506056757,-0.6232202673264151,0.4886917095549094,16.472719613709117,9.570096566546104,4430.984,37.496904035095206
B0045,3.3507625069372007,4.189359078886884,0.4371073735820091,-0.6137007803105949,0.49078204267970527,15.321947787344948,9.488568418373822,4411.141,37.56830012680717
B0045,3.3452602996349197,4.107093365455889,0.4393714407910624,-0.5721341781091527,0.49819938486931437,15.469187485474004,9.378195494421618,4883.312,37.42661297555087
B0045,3.3478192813331984,4.165486716481237,0.44760023718020686,-0.6067408181545574,0.492006589158499,15.90915813248566,9.495184531517388,4663.907,38.797080025536964
B0045,3.3500352436555985,4.189250217496488,0.44979920483597535,-0.6091205801279866,0.49175701180081616,16.128312311530546,9.474914433741436,4581.328,37.851443699463644
B0045,3.3590566596536764,4.189075663187289,0.4430184342639093,-0.5996804433722752,0.49393097543058795,15.803292200329722,9.411639640493867,4553.031,37.61890390045773
B0045,3.3495911750877263,4.189728966453982,0.44425572356417753,-0.6062605227298314,0.4923019638155643,15.46350630780127,9.476832839675836,4486.5,36.92914206907874
B0045,3.3462597198775272,4.189240671585531,0.4517620447969772,-0.6055249640579493,0.4926159794839872,16.26952559815265,9.49822266009937,4450.625,36.250725489070305
B0048,3.4658606296374312,4.223690952621402,0.25221058668665197,-0.9275960004271296,0.2532778717098896,10.85194413164328,7.9114909421254485,6436.141,99.02591416637797
B0048,3.4593246298099665,4.161851896835355,0.24560705935427857,-0.95963764625613,0.188803449238805,10.829468947828506,7.958927971485882,5650.265,90.04892044800702
B0048,3.4552294701778714,4.175466417206107,0.25218760410448565,-0.9640819411783536,0.17795217357170967,11.053444137693344,7.708927821830712,5590.907,89.5250604233101
B0048,3.4575807060974952,4.174693750587349,0.2459036428377574,-0.9590403279797144,0.1909058034631918,10.582379295049948,7.711890755969547,5543.61,88.29288425129837
B0048,3.4576403855897397,4.174741021763634,0.2467630558768961,-0.9561581387967848,0.1975090776094402,10.227762694291696,7.733691649876036,5499.046,87.31127926503663
B0048,3.4540569996464043,4.174511213058054,0.24724368244493516,-0.95562492940014,0.19834739069464224,10.448166696977866,7.713793706750157,5461.219,86.66040487805445
B0048,3.436367401137892,4.14121689573938,0.24607272353750542,-0.9577937939731281,0.19312075371317386,11.087645565750543,7.8513931260036465,5451.281,86.7074528543715
B0048,3.4466304878843594,4.158004815622747,0.25018408196686265,-0.9502347980955429,0.2098007206025278,10.331525897326843,7.905320525605018,5468.062,86.26821794908187
B0048,3.4469353939775913,4.173957792716822,0.25005205256544416,-0.95236200437101,0.20582971840427322,10.695473118282326,7.847675607740912,5411.297,85.57213544922575
B0048,3.4438356242957933,4.173757067290182,0.25468575630031437,-0.9494102232020358,0.21206391187591123,10.588614300598088,7.926506175979814,5369.703,84.64654991434669
B0048,3.4417182002819104,4.172904801080625,0.2519398524910782,-0.9492095088363941,0.21321472468095284,10.7107611721746,7.937097401174621,5327.406,83.96058118507624
B0048,3.439456123966976,4.173032965850683,0.25492632312967695,-0.9438502376761829,0.2243320546530189,10.52686289722462,7.9661274485105595,5299.266,83.03569773618914
B0048,3.4300387550398135,4.133304141515335,0.23983029541381204,-0.9514090951270098,0.20723941002173946,10.680714357791624,7.886742523689043,5367.172,84.79136998709926
B0048,3.442487347026378,4.156655311996452,0.2451884116728965,-0.9441558237541219,0.22267914726596644,10.479304841863389,7.810373532807223,5406.812,84.75496489019348
B0048,3.4434500367152183,4.172913024979518,0.24901199074973987,-0.943749133811343,0.22396559073876143,10.378581035006627,7.869709498966687,5353.094,83.87196901587657
B0048,3.4369770767738053,4.172334722190024,0.2522879764244497,-0.948030574788209,0.2151793037861018,10.851484720266557,7.873285917762758,5280.031,83.11593534588249
B0048,3.4351167375068576,4.171533861821569,0.2522563185105066,-0.9424402883201639,0.2265055817316393,10.70498211965856,7.888295790156799,5248.593,82.12136048613262
B0048,3.4352880614818906,4.172113180559959,0.25163229304040974,-0.936561624298611,0.23788899699697827,10.26828159930382,7.90514873318139,5203.375,80.90018114066939
B0048,3.426473499744202,4.152547964911409,0.25343350935916564,-0.9359740520534714,0.2390804772714758,10.42028909453994,7.9278743808781424,5166.812,80.27345748066962
B0048,3.4231723044699156,4.176821150785954,0.25933204077618205,-0.9249433480673207,0.258310368939546,11.025933551300648,7.950376644939932,5340.281,81.96742440149428
B0048,3.428797713311107,4.171686901258687,0.2535686620922733,-0.9296783941589581,0.25047538219191096,10.196289899952207,7.891054732187375,5103.0,78.74376390814234
B0048,3.4246615589655973,4.172000465131976,0.2528975222415394,-0.9340469067277114,0.2425103313800676,10.67776116366158,7.911933312913009,5051.172,78.31744872674027
B0048,3.420260120001828,4.151092092342163,0.25227037214147907,-0.9282929869770825,0.25271220942756756,10.197605675555666,7.9731250548171255,5027.563,77.46601961248322
B0048,3.4176468335228454,4.171107672675929,0.2566413296188528,-0.9361639727698597,0.23902664150431657,10.817583822184044,7.988820643678426,4993.765,77.61561667783143
B0048,3.4172601086559014,4.170406220123355,0.2588691138843147,-0.9299928998106647,0.24981721597972834,10.516072793190034,7.990220402102304,4962.469,76.60585151747115
B0048,3.4115448650857543,4.169460748536267,0.25996525638617607,-0.934806579329965,0.24149299660731366,10.549697060839051,7.882690956878554,4907.859,76.16827338508756
B0048,3.4065891490442124,4.170165006607723,0.26227482250474077,-0.9370645194852636,0.23703345271446655,11.262651366620426,8.054682377673142,4888.656,76.06484132352426
B0048,3.404850768576602,4.148906074950599,0.2589335415441862,-0.9310772172053213,0.24793431027140467,10.67022537319244,7.989516678064296,4866.25,75.21996442895933
B0048,3.4037388246513496,4.170272562112315,0.263408777989533,-0.9394586031577282,0.23328767732457545,11.290252755528313,8.031961049301984,4836.125,75.44404700219553
B0048,3.4068285577090975,4.170271899546104,0.2590439771602346,-0.9358379166065879,0.2396506232979161,10.973350060572036,8.043229181254354,4801.485,74.60838506070836
B0048,3.4086789774100317,4.169452174938924,0.2583498577034428,-0.9322392887454545,0.24631820311513686,10.3391489283262,8.03181115051043,4760.938,73.70129910599029
B0048,3.3973450050321667,4.170146996930818,0.2663163081782509,-0.9406998132859437,0.23040883361870534,11.22843469416495,8.097013437245893,4740.907,74.06250241815397
B0048,3.3993392010348766,4.12494331073437,0.24973270819081891,-0.9537093572867028,0.2030457463093025,11.142187018109254,8.022533123805395,4914.532,77.86566789047937
B0048,3.4116534333763227,4.151287967783268,0.25921561302754653,-0.9460022622334843,0.21959175693865882,11.266783334689707,8.108172025448226,4998.656,78.54340541262191
B0048,3.417645007960136,4.170265534323388,0.25656366477603476,-0.9477332619889278,0.21605195224589466,10.42585253276335,7.8977220071348055,4890.015,76.97964388980184
B0048,3.4079105797438367,4.170979556153871,0.26429657444195187,-0.955996398502354,0.1979908763396427,11.216029100406416,8.04149350152151,4842.11,76.91035718955436
B0048,3.407164499269471,4.169424514471797,0.2629438368545806,-0.9495988780290303,0.21221449626411662,10.782099455149345,7.954120438181095,4798.281,75.6933887062778
B0048,3.411264697940678,4.170624380836064,0.2589130614735587,-0.9487217927497306,0.213748588156227,10.321202935071105,7.997450587692992,4739.188,74.69335254874632
B0048,3.399055092260418,4.149740744130536,0.2615216607376631,-0.9484783034454789,0.2140445770371947,10.97070399517944,8.033089769228212,4733.156,74.58099380618907
B0048,3.397998613644679,4.170538290499679,0.2670056830571981,-0.960288282497019,0.1880162382569513,11.121182366824469,8.032822875095608,4670.61,74.53854085018415
B0048,3.3968749308721438,4.170102316006519,0.2666229724571551,-0.9538841832821683,0.2032917749548563,10.805368665446066,7.971994643634386,4635.0,73.46867578053636
B0048,3.3949285391136215,4.169002458595089,0.2661113940219394,-0.9534653843148169,0.20386991586284756,10.90427632418744,7.985840586212385,4615.86,73.13003896260814
B0048,3.3923053503439844,4.169722967056448,0.2682660336075996,-0.9561814714709561,0.19764219330673877,11.177549576040898,8.055923800450703,4580.75,72.78652756441915
B0048,3.393507466288284,4.147796072295514,0.2588193750488777,-0.949495711589349,0.2122468477549533,10.375532122783676,7.982156595851859,4557.406,71.89769529207403
B0048,3.397997936501643,4.16937546220786,0.2583911061399535,-0.9491950189128958,0.21341542209438938,10.314092555911314,7.842796481143621,4524.032000000007,71.35882723064661
B0048,3.3882925257712984,4.170164354666364,0.2689684682745719,-0.9617018565505489,0.18438020969957125,11.367431862943256,8.079939832789865,4502.938,71.98266583213214
B0048,3.3877256181336417,4.169926901474105,0.26907492105644587,-0.9582791920312705,0.1929748361644375,11.06954549641082,8.064765751727984,4483.094,71.40723115963208
B0048,3.3892443793813447,4.169479557902343,0.26864254806446436,-0.9604573336465301,0.18708009287075983,10.977331626368253,8.047690080561159,4448.36,71.00557493969029
B0048,3.379247569665043,4.1466990810536295,0.2668320952393433,-0.964049565042912,0.17773625878182264,11.25041370680882,8.077528255423264,4440.531,71.16748183712562
B0048,3.3916390352444328,4.168333177873153,0.2626839326930855,-0.954156405475968,0.20224344087016005,10.261913330935936,7.993540199499143,4416.547,70.03854698642795
B0048,3.3795641863547807,4.1690272272079385,0.2696397720884101,-0.9703946548779708,0.16091909203576354,11.209451387068038,7.973181959906695,4382.937,70.72269197106868
B0048,3.3905357196785717,4.169215137661718,0.2600517985903082,-0.9568118198331175,0.19662478168597097,10.39465598668322,7.915947250994455,4347.453,69.14407403419999
B0048,3.3909861606032004,4.135364610542779,0.25795640620082266,-0.9536560997964092,0.20313757310587324,10.71880829888557,7.938268366482139,4746.5,75.2166447092111
B0048,3.3970417211274984,4.1506494675081695,0.2666276627052862,-0.9718532283937391,0.15625930624706955,11.267543040114028,8.024531067354474,4679.156,75.60650946531959
B0048,3.4053897793262036,4.170594556050919,0.26410943504528084,-0.9745908346175696,0.1478408452351438,10.977215485451683,8.026701986317695,4596.578,74.49419654745955
B0048,3.4044637089502996,4.170902199360611,0.2639890514884672,-0.9743182693533817,0.14875073740034178,10.698980931953203,8.083086131954136,4544.641,73.63108485241358
B0048,3.40066115678775,4.1707733769162845,0.2703829203339145,-0.9773202136961056,0.138489490209124,11.200778779435032,8.282945581406354,4526.938,73.5803492288828
B0048,3.399557901522936,4.170606882649154,0.26937208005839447,-0.9769934301900784,0.13892613310557142,11.067122162658642,8.296254318972048,4487.438,72.91299807451269
B0048,3.3869933616946555,4.128047138171167,0.26005141527085684,-0.9767440428637847,0.13869901037746707,11.217197558663642,8.280354632475289,4513.312,73.31664884868053
B0048,3.3947531020283486,4.150268203613492,0.26805931863881893,-0.9738169504529767,0.1490293454931124,11.59325762914515,8.346898191755683,4568.438,73.9816837616867
B0048,3.3979955411966936,4.1705243721131415,0.2710966988363643,-0.9802233649908892,0.12750689992333986,11.534047303435644,8.337878264565942,4499.656,73.36524485347621
B0048,3.399587991995103,4.170294880009359,0.26759636307734086,-0.9801797978590467,0.12835329710188526,10.92572543982624,8.259622932500356,4430.984,72.24181586940206
B0048,3.395118621843109,4.170568686817898,0.2714894862735072,-0.9833769221524863,0.11543107552003959,11.346378697595553,8.290496900072908,4411.141,72.16214437034164
B0048,3.402660754515897,4.152589435404936,0.2619307640474151,-0.9565798060844432,0.195515384170801,11.439171740202124,8.321321846834685,4883.312,77.6366105632729
B0048,3.409317486730915,4.151970239591361,0.26162461832207085,-0.9772401913298513,0.13759400304412564,11.147240167890732,8.23807744072398,4663.907,75.79994437653325
B0048,3.4133709426845633,4.170962379739071,0.2633981567320711,-0.9839943201059,0.11361732170860699,10.831285577855546,8.189029507624946,4581.328,74.9872128980856
B0048,3.4068009615962724,4.171135033653532,0.2692250403209314,-0.9871874196801942,0.09902616248286941,11.236293148641268,8.234868029314756,4553.031,74.77657198635897
B0048,3.4061690632747035,4.170873392468351,0.2710686284623541,-0.9901111158822024,0.08170742633920844,11.08616967823061,8.238279702155017,4486.5,73.91116845491383
B0048,3.406745720524415,4.170920111392399,0.26593604609003624,-0.9865545525457216,0.10032406710115391,10.751912617606896,8.219372551773532,4450.625,73.05285378074159
B0046,3.4409645322869102,4.23781853684158,0.33266708974229325,-1.0031661082518326,0.06413893909154737,13.880080551261509,9.035891964302168,6436.141,103.22130650546822
B0046,3.4252545586780085,4.162338775528476,0.324416627188017,-1.0024459582241103,0.06866756022994973,12.941526372487642,8.872109574065124,5650.265,90.55393599008292
B0046,3.425904453303529,4.180873304847234,0.3259611149510463,-1.0023572232862559,0.06909222403266178,13.359691095670462,8.6284456728549,5590.907,89.77584250802146
B0046,3.423608435843718,4.182266567788393,0.3282197984864449,-1.0022919216677797,0.06946080397493304,12.683911154117247,8.63136091760955,5543.61,88.74523384909094
B0046,3.4211455348547464,4.180656549578995,0.3300594684044501,-1.0022939530561292,0.0697780204319978,13.065399804685724,8.67696820980418,5499.046,87.76515961583463
B0046,3.418211640329191,4.180899052149243,0.33009999497241194,-1.0024377453810243,0.070058201268088,12.802479603911388,8.714755394110101,5461.219,87.13798750705058
B0046,3.3913871477101263,4.121126965024616,0.3226024836852678,-1.0021665244093547,0.070345701667888,13.585554405586658,8.941517894800649,5451.281,86.94267636282744
B0046,3.405195390316552,4.158094572470294,0.33414838543876374,-1.002235007588667,0.07031099612973526,13.94301293338268,8.956808204433374,5468.062,86.97534107767241
B0046,3.4089875975783017,4.180141305155931,0.33519899020528177,-1.0021923537852624,0.07069545989050316,13.134169173843691,8.857079944726477,5411.297,86.24829071534388
B0046,3.405344636824463,4.179370029585307,0.339015984513181,-1.002036442615774,0.07097168339471424,14.086951683642924,8.951187295260016,5369.703,85.30670830917958
B0046,3.4032461605763142,4.178701514525068,0.33868025792262746,-1.0019449254309927,0.07138218919696752,13.314723048488911,8.966158040889411,5327.406,84.8104205223405
B0046,3.3967709514446076,4.178686122362143,0.34487656529063965,-1.0019368953910395,0.07162416677861992,14.173291675329546,8.972930848723113,5299.266,83.87496997181127
B0046,3.3721964614287634,4.104216707532647,0.326601194057571,-1.0020744940471753,0.07124894198446215,13.959348125513564,9.032800036514974,5367.172,85.01649025779687
B0046,3.3962096829403037,4.155511867054,0.33590363084480995,-1.0019365649129635,0.07108402856895,13.523198161538613,8.8666091485246,5406.812,85.64718521751513
B0046,3.3989726713804767,4.17891702072451,0.34321528277080354,-1.0017349404979956,0.07163237002750386,13.750234723504356,8.91721938287038,5353.094,84.72279071465726
B0046,3.39769311615204,4.178285871350945,0.3391751766715806,-1.001588196535767,0.07221054759052462,13.400973711086476,8.923958703020183,5280.031,83.95313566628417
B0046,3.3923860221630204,4.178074763829319,0.34508000729365307,-1.0016469274447983,0.07255186373956755,13.648707282364962,8.991317663963024,5248.593,82.96108620097722
B0046,3.387564802409393,4.177918597629585,0.3479959310646284,-1.0017210974492488,0.07282207501978942,13.959820884900516,9.016720196858456,5203.375,81.9644041874624
B0046,3.3755889260430436,4.151019587024004,0.3458902183522197,-1.0015714385037338,0.07325730412095802,14.349640095291218,8.999593683204713,5166.812,81.32198722551183
B0046,3.3771442240108183,4.178852366259435,0.34764718537438866,-1.0017131896387048,0.07211448226749685,13.720010432160604,9.073580268946476,5340.281,84.21574424185711
B0046,3.3739069772216053,4.177296277706522,0.3520484342617095,-1.0014759387718013,0.07384765949431796,14.214578668306734,9.035703497783533,5103.0,80.00736674342129
B0046,3.3730377771688125,4.176859724330072,0.3496329879324099,-1.001751590105337,0.07432888943983189,13.7206185074268,9.0428494070086,5051.172,79.38528233412322
B0046,3.361814920655554,4.148811503971785,0.34884318537197573,-1.0013919768296455,0.07464701313110833,14.307049577086085,9.103478864398264,5027.563,78.72931779983169
B0046,3.36759601245628,4.17607839536505,0.3508852130193776,-1.0012785845104528,0.07489506087783236,13.73206507015365,9.08626820310501,4993.765,78.38619060374239
B0046,3.3619567307164724,4.175479903911147,0.3563292236260374,-1.0011100184599881,0.07522353132758995,14.550153842364988,9.113491912356011,4962.469,77.60377896145687
B0046,3.360770876263507,4.175276949812811,0.35120199055243373,-1.0010016783342919,0.07561609739513132,14.437029519118854,8.977476169539525,4907.859,76.91242041185896
B0046,3.3581255157395584,4.175506752243359,0.35139713759051244,-1.0011852000845294,0.07592957463752224,14.364000921258654,9.205520238536876,4888.656,76.83955253960269
B0046,3.347714666699619,4.145965438635247,0.34964729836077796,-1.0010003485675925,0.07615356107132935,14.693349843683665,9.14555330973735,4866.25,75.96966100269343
B0046,3.353800882166825,4.174989626740224,0.350499107355799,-1.0010290829534054,0.07644557800286067,14.058016587648105,9.111354213090989,4836.125,75.93895547201706
B0046,3.350657273692142,4.175655686812431,0.3552042190283881,-1.0009585460015413,0.0767717920595666,13.779152574880364,9.163824507961877,4801.485,75.34723845591306
B0046,3.349047830330531,4.174757798171361,0.35475876178183274,-1.0009004370775454,0.07725965039396593,14.383739114376208,9.165326915001913,4760.938,74.18722104528314
B0046,3.3446343037059103,4.175734259626989,0.35521545928972764,-1.0008534371371294,0.0774916059141572,14.589504036127655,9.179753755489338,4740.907,74.0757468492418
B0046,3.3205030122204913,4.087128849753504,0.3416441563921132,-1.0011746350209894,0.07629648459593956,13.891154624298236,9.27415763140438,4914.532,76.75502355793996
B0046,3.349264182688189,4.147121879450348,0.3547606055320605,-1.0011690143333174,0.07560009737519605,14.673096336965486,9.271981913108279,4998.656,77.9029497647132
B0046,3.3574536928825296,4.17500990248918,0.3544355923693499,-1.0009996740645901,0.07643725609662332,13.896967367053858,9.033984664610193,4890.015,76.32206193101688
B0046,3.3535254761184166,4.175207914830006,0.35523759723865606,-1.0008611138640546,0.0768675469671879,13.908543615362126,9.172120651818531,4842.11,75.99252544643632
B0046,3.347073227310051,4.174827125492382,0.36056955199382246,-1.000811467966266,0.07730551770541894,14.617560660341365,9.093365400458568,4798.281,74.52576355819271
B0046,3.348504626898048,4.1748101416565255,0.3571320122083751,-1.000971558605881,0.07785751154656326,14.288124170416689,9.119927887302934,4739.188,73.77688700802865
B0046,3.3328169133314747,4.144890688492612,0.35828566347099544,-1.0007926094103774,0.07803310391296926,14.875868929885128,9.185345552194319,4733.156,73.41861126207493
B0046,3.343773088070051,4.174530382960434,0.3535538218865468,-1.0006667122739987,0.07854943570032236,13.880179808466218,9.156968538676207,4670.61,73.09845560538871
B0046,3.33676988143417,4.1743300924480256,0.3586723585929799,-1.0004434396725717,0.07903894399265592,14.631961684725407,9.08775088318824,4635.0,71.99545527114564
B0046,3.333058450714012,4.173688629517977,0.3626308825367711,-1.0004321685718414,0.07924927981620067,14.768164211079869,9.184456763175827,4615.86,71.41963927342539
B0046,3.3307168993094938,4.174343502341572,0.3613340046505912,-1.0004986868063772,0.07977665390129915,15.037938036453404,9.215049403610458,4580.75,71.07863448627113
B0046,3.3218468956700393,4.14222437268915,0.3574890819566788,-1.000373674220122,0.07995874963553493,14.290141125898849,9.185331012909922,4557.406,70.42933892220954
B0046,3.327359417043662,4.173393414123743,0.3603640987702719,-1.0001870072907715,0.08032637182312861,13.996450231420782,9.046655941616262,4524.032000000007,69.850129507089
B0046,3.3259632346577273,4.173536996898156,0.35981461836904943,-1.0001225394585929,0.08055203619341955,14.935082428364884,9.26195924957788,4502.938,69.74380095363945
B0046,3.322240958381916,4.174582549013794,0.3637121557604355,-1.0001481029921278,0.08074202940811677,14.99164974108056,9.252994157098664,4483.094,69.15859363416513
B0046,3.325985699672719,4.174588307825947,0.3605940041888144,-0.9999638117239763,0.08198570958849186,14.811846373564524,9.26310734626783,4448.36,68.68410813381846
B0046,3.3114789937571287,4.140409334076233,0.3567736113228503,-1.0003136352879307,0.08133507354713294,14.247555903096725,9.331127163327569,4440.531,68.70230200720385
B0046,3.3170441017303047,4.1724288341154105,0.3648697722808438,-1.0001598810351362,0.08158901338258721,14.332240013732582,9.266824205941363,4416.547,67.78606051275113
B0046,3.314496922697215,4.172310550176221,0.3596251642508673,-1.0002538884639347,0.08197374553541627,14.276871638701772,9.20992133972331,4382.937,67.97425020478987
B0046,3.315933995614132,4.1745648072291,0.359892827193031,-1.0001281764463046,0.08237735505883416,13.777310967702926,9.1721362476023,4347.453,67.11509214253324
B0046,3.2963331961890048,4.101731329888953,0.3554648759496754,-1.0007810921100906,0.07901951863218944,14.96165525093106,9.25834987796474,4746.5,72.51482833093448
B0046,3.3205927834140843,4.14324574268369,0.36154835925301065,-1.0005274848759138,0.07961852869080462,14.622124863653871,9.311634785976043,4679.156,72.38495867380274
B0046,3.3321448974569696,4.174381858889519,0.3612230958960906,-1.0003494909916653,0.08039939677452174,14.181162993443126,9.306501252940654,4596.578,71.49981935633018
B0046,3.3300589536831566,4.173792780760516,0.3625184991500044,-1.0001304668043078,0.0808489406773457,13.989284902759552,9.361883663268088,4544.641,70.61374095315549
B0046,3.326398154149516,4.174292933831419,0.36848671288760165,-0.9999751500715209,0.08118429588069188,15.042601535042603,9.565977385225588,4526.938,69.55326808729934
B0046,3.324081152870965,4.174080626824366,0.36793174437152404,-1.0001108627417226,0.08156395790179274,15.027421071078606,9.613253810213061,4487.438,68.89761021135168
B0046,3.2901896835135895,4.089380393518967,0.35241814849213593,-0.9997380074680035,0.08143343521609728,14.577396723095212,9.659706152498446,4513.312,69.29435718333387
B0046,3.3123680120679446,4.142442473931475,0.36641231498026783,-0.999942885934547,0.08106333027588528,15.36587842843583,9.660074492266734,4568.438,69.9497289564327
B0046,3.3202672940295272,4.174041322689958,0.3696617976788713,-0.9999545027275712,0.08169918615541963,15.29268403662172,9.610732084606383,4499.656,69.06395211149126
B0046,3.3220005581957603,4.174154842675988,0.36446192166848607,-0.9997765998111345,0.08232467328307032,14.698902260428524,9.509606751933422,4430.984,68.15261437962798
B0046,3.316995919062792,4.173817719824036,0.36819434355244657,-0.9995908082297772,0.08267641491289367,15.066788669768552,9.55376799961061,4411.141,67.80356820985442
B0046,3.304824958917925,4.122428601972404,0.36288460930770616,-0.9999417105324964,0.07878052482423122,14.884443210062466,9.689325427035971,4883.312,74.84209728227594
B0046,3.3235919579934095,4.143823070139112,0.3629348959788998,-0.9998017376659812,0.08071492117357262,14.454392118638458,9.54652406934783,4663.907,71.97288085409774
B0046,3.3336764636844887,4.173823759594136,0.3623156164929519,-1.000249176467669,0.08154813988245611,14.172939173239188,9.486110245180768,4581.328,71.14586551434108
B0046,3.32512940887575,4.174042864835579,0.37043311894335457,-1.0000755059089512,0.0817425749733306,14.797843662102167,9.528985199683015,4553.031,70.1567726822389
B0046,3.3265245824041667,4.173923325104936,0.3667096661155366,-0.9996836231447859,0.08234805317680041,14.86814851282613,9.519831150565885,4486.5,69.01630115324741
B0046,3.325662411014798,4.174510564064746,0.3636140913121332,-0.9996591394483646,0.08274577942989433,14.051631055988958,9.50863223906921,4450.625,68.91243190207841
B0043,3.475911687674208,4.204104775621549,0.23437927530953923,-1.8551004388985552,0.49773493282917325,36.84241052511593,30.907894474048284,3360.922,102.35786809745295
B0043,3.4897388185035,4.205053773882487,0.22877628481609577,-1.868889923378281,0.4740013137630311,36.2511342416132,30.363796429604488,3289.406,101.26998512275205
B0043,3.4901234321768033,4.204546702288046,0.23280107880814654,-1.8840563804062687,0.44500610957523856,36.12855723169499,30.07611798184701,3244.797,100.4291866537697
B0043,3.4940185374934947,4.204756646870948,0.23174142264000525,-1.89408796703159,0.4237674561702285,36.35251788056927,30.05896964075817,3211.438,100.25876390003047
B0043,3.5005489873453817,4.204750835132976,0.23409684418950652,-1.9103670337506284,0.38712992093347154,36.75256708066779,30.417149405736243,3175.594,99.70806451892933
B0043,3.507465391169604,4.204901465726193,0.2331984848294183,-1.926803470895965,0.34576729226128733,36.83142721849718,30.617574721987218,3121.672,99.21693511192841
B0043,3.505466720095601,4.205123789023272,0.23585309467455992,-1.9324769674832156,0.33051462401076487,36.54735803665934,30.258236869364143,3102.937,98.58673239946158
B0043,3.505146635224542,4.204720843069481,0.22809161375671844,-1.9255143226505498,0.3494979236591094,36.223678523702304,29.936684037867014,3089.437,98.09607983805235
B0043,3.5024428414174498,4.204351643955918,0.23105125327166043,-1.924996304077744,0.3509592620610708,36.16960256825446,29.74762436888935,3077.75,97.67436216634371
B0043,3.5007336141613488,4.203254409200642,0.23310693239680255,-1.9244448695912972,0.35209227331094245,36.19613432531801,29.699035458962353,3074.875,97.54692991841866
B0043,3.501947249481621,4.204230992986033,0.2336443659403785,-1.9239340941617735,0.35373238537466306,36.217566438813456,29.746622188626663,3061.891,97.10801218164885
B0043,3.5002499918856302,4.204061240829561,0.2323797314979267,-1.916896100852633,0.37153013317269884,36.09047688646367,29.642987306218718,3058.469,96.63570385133646
B0043,3.5007698538114447,4.204423283955662,0.23447884603169958,-1.9227329924422065,0.3567551324613917,36.148984496134304,29.663939557878308,3040.75,96.37822958083554
B0043,3.5004947608560313,4.204490583977483,0.23168681954216633,-1.9157256805286993,0.37458072699723255,36.15795969792578,29.637650852441404,3037.641,95.90972203269953
B0043,3.4961700451758575,4.202477824031488,0.2352574907903917,-1.9087255587088567,0.39117165675495286,36.16956081888435,29.593597067401642,3044.828,95.76230380245468
B0043,3.4993157107183803,4.204489330076927,0.23153602913171722,-1.9078668399519796,0.39307137555827076,36.13182777424954,29.63922727943673,3030.25,95.27144002129916
B0043,3.50080829213355,4.204953662033176,0.22873273664739957,-1.907455457642798,0.3942467659594344,36.12995412374782,29.666195384468185,3017.578,94.83420264449556
B0043,3.497552326899387,4.204018303566451,0.22965414686514424,-1.9000139238260703,0.4110941237460212,36.115379230424814,29.635949832755518,3015.0,94.37112341181817
B0043,3.4969748978677377,4.20390099564762,0.23241626897386067,-1.904134059211754,0.40180402242360075,36.260266208231016,29.671876354508125,2999.454,94.10264725516076
B0043,3.4931433851686124,4.19682124697899,0.23537212859964493,-1.8929472665362916,0.4251608695312492,36.73407518988127,29.993152820136338,3054.859,95.2644317749082
B0043,3.500270597096414,4.202479371762253,0.23783691321078168,-1.8991542942688262,0.41235851081519265,37.35435994505973,30.681276254794994,3034.875,94.95329672167736
B0043,3.5026578112869,4.204284851556785,0.2351452050267026,-1.8917722041126428,0.42854960974976336,37.40944456827136,30.871236598447616,3030.0,94.41502959458715
B0043,3.501870413763956,4.20378732342866,0.23341760190373742,-1.89078274822848,0.43087797084246365,37.26366414928814,30.779999574712413,3011.781,93.79614636417192
B0043,3.4967579517606566,4.204330620589128,0.23890714763843365,-1.8968520026147064,0.41798208579224577,37.27002790978136,30.581480715523952,2990.25,93.43202592861313
B0043,3.4938467732797593,4.2038717516378,0.2410406743632053,-1.8960710046785778,0.41944098507497185,37.37612563137064,30.546605962885614,2980.234,93.07188686752566
B0043,3.498085824975237,4.202475048160179,0.23236096829920486,-1.8818174142025106,0.4487934139286466,37.57568180724724,30.92329503843904,2994.844,92.79761846807287
B0043,3.499824440494276,4.203857283529741,0.23404883693228767,-1.8812480163452203,0.45034846031513337,37.80943515485114,31.225884514077716,2987.672,92.54756372714277
B0043,3.4987433448544607,4.203991230539982,0.23409448140809638,-1.8805764098134792,0.45190660111153763,37.69836973093636,31.163201064541546,2975.1100000000006,92.1243912376754
B0043,3.496873891743175,4.205957997721127,0.24188340567382222,-1.8940750825904094,0.4244348574802161,37.67202323454292,31.130645067035932,2953.219,92.13151161414338
B0043,3.4895372240361704,4.203785685934744,0.24248797898161764,-1.8790362639465747,0.4550020381905943,37.5846177818102,30.837232735283838,2955.484,91.43709650829389
B0043,3.4871652344467075,4.202128090345783,0.238448487212369,-1.8710836448265253,0.4697111161024817,37.57163850758581,30.641318807832377,2957.016,91.06904358505582
B0043,3.4906015804101496,4.203512527913386,0.23678701564332202,-1.8702004234947458,0.47139337639843715,37.83811660125229,31.01732542847249,2948.219,90.76449467701258
B0043,3.4876146185117345,4.203182025095136,0.23982832732592752,-1.8695581981674536,0.4730970300634733,37.76120652410461,30.93897323974993,2935.5,90.32822115379554
B0043,3.4842857075179094,4.202993560256935,0.23801472236665583,-1.8681373339121092,0.47582205217266543,37.43416840833683,30.585360437692223,2913.797000000006,89.58431796556671
B0043,3.4811070895804797,4.203399051569862,0.23871291168095896,-1.8672666650634016,0.47730410164837406,37.31899313705125,30.3648233882985,2900.703,89.13614034991242
B0043,3.475104459646633,4.2008898664224255,0.24387246943308058,-1.8594886102216435,0.4911655063991654,37.58604736335072,30.432401864910737,2914.031,89.14894332586766
B0043,3.4772044059441005,4.203438298553452,0.24730243621873677,-1.8662699457286136,0.47917167153991214,38.06717620893625,30.831835959630617,2901.968,89.13564908700175
B0043,3.482172936874988,4.203125269256038,0.2400910621340385,-1.8580509519301622,0.49387003808624846,38.03429813873292,31.094991080529404,2901.734,88.71156967565672
B0043,3.4803385610467843,4.203051054659131,0.2406166968583575,-1.8570868946683126,0.4955692964263361,37.8850432804777,31.038470618761803,2887.407,88.2281515225867
B0043,3.4714831954460226,4.203121514305449,0.24801668449743527,-1.8634355664455717,0.48445163977447425,37.72173567628911,30.652253424171764,2861.937,87.76621204544308
B0043,4.05715902963358,4.199278377795993,0.3102916223677205,-0.26538241903639787,0.9913221866547802,10.169699784021772,7.628394260109583,1055.25,3.40645221386848
B0043,4.049827246639277,4.197486385695169,0.3171162551334942,-0.27790699151072973,1.0122862402967197,10.073103559906276,7.4649167649876285,1012.187,3.4135741220702056
B0043,4.049066061935538,4.198105245504659,0.31592879409962893,-0.2845068500189359,1.0232120462973544,9.363713069880482,7.503302872635532,991.172,3.421937388687699
B0043,4.044551430084685,4.197970873673746,0.3294025152842974,-0.28818241995759014,1.0289532460269641,9.49837575629517,7.637968852421283,982.094,3.430799084497485
B0043,4.035830307373486,4.194476442021244,0.3301677882592418,-0.29738235564582266,1.0430217535999102,9.502985965829737,7.608951449591351,1063.609,4.00946251211508
B0043,4.044589005651629,4.197752247409493,0.30916703448437005,-0.29734862514364657,1.04283194840422,8.979535773958249,7.076698354969239,1067.641,4.010489692214198
B0043,4.04142282173358,4.198570311408386,0.31910757135468387,-0.3034723285432027,1.0533210267534743,10.239009824535197,7.203287534892745,1048.687,4.020774135061351
B0043,4.038238044394062,4.198841552939364,0.32798798851246924,-0.30667044923216635,1.0585843068927334,10.120757638084276,7.515405447362731,1039.984,4.051853805645704
B0043,3.9848046527051646,4.199385029561721,0.3932409001530538,-0.4602932757726641,1.2763403203356414,10.16908687877008,8.284967270173246,687.328,4.061151321911259
B0043,4.061944839809303,4.198510355333928,0.28790307959343314,-0.26354071255954314,0.9857484564233412,7.981964148617724,6.857064194557378,1047.531,4.078117301829718
B0043,4.0390164727182745,4.198662948375451,0.32107552362321584,-0.30982094892471246,1.0641152742725275,9.50679606348134,7.332807580550581,1038.375,4.088044882392373
B0043,4.0361346398417846,4.197798424948824,0.32551789595896663,-0.31356071971779864,1.0696487869811693,8.947219582076908,7.093409222592422,1030.703,4.092063847090062
B0043,4.057393658498293,4.197881021158161,0.2946971859031498,-0.27513448834106563,1.0066362907421111,9.048570192927317,7.192057776504479,1010.765,4.113589510767919
B0043,4.057321348653442,4.198733839270603,0.2986082327537937,-0.27166833180337746,1.0014295871901275,8.214832927581378,7.020826540727179,1025.719,3.377186232122336
B0043,4.033634353087378,4.198110326587282,0.3301811221423402,-0.320196095157037,1.080993165801703,9.472969870923514,7.160800567147388,1016.859,4.132075230689086
B0043,4.051793890502685,4.197869647773584,0.30429082446142397,-0.2847656836072143,1.0233379879707698,9.447247671252793,7.125807255445201,1021.079,3.531142502144529
B0043,4.030996821807475,4.197430661878491,0.33616064878788166,-0.3238806690763745,1.0865876798510041,10.624675414528705,7.276161437071745,1010.562,4.154632008402335
B0043,4.055018337093391,4.197964103178539,0.29800682250551697,-0.28177752116071475,1.0175279157584747,9.289965371994612,7.0723476874628055,1003.313,4.191529544786938
B0043,4.030113750605147,4.1984290827154815,0.33887194564728546,-0.3276464138855827,1.0921730102877854,10.405043941704964,7.211729709283271,1006.187,4.197651715507873
B0043,4.052423434416539,4.197776325811346,0.3039080698225756,-0.28464369596708916,1.023473691078273,9.269985860917538,7.126821145688813,996.765,3.4565775562703274
B0043,4.027129856353761,4.196951926227284,0.3425269541785968,-0.3313651943047909,1.0980968103856146,10.696409617431332,7.168249960966138,999.422,4.214656009690885
B0043,4.048117106628375,4.19797990922366,0.31698511252671324,-0.2883666373154701,1.0291974347675874,8.841145903774922,7.434058256465138,990.234,3.4634919594302613
B0043,3.9942812603304247,4.198154349205609,0.37229841691186794,-0.4625693034020786,1.2812149026866486,9.601778804173833,7.930969485581617,608.953,4.258045895992937
B0043,3.9892131166602725,4.197870451831717,0.37577874213750995,-0.4810643118406535,1.3036937594962632,9.775871193110238,7.59327498772461,586.719,4.268366664012155
B0043,3.985650654864829,4.198411457661763,0.3813113862189793,-0.4905753520009798,1.3155531937639675,9.77507439966935,7.6206831277866485,575.922,4.277924768837242
B0043,4.052984666529467,4.194430059860958,0.29560257645353755,-0.2752743573987098,1.0066051504721811,7.9530776238610095,6.882286937183749,1050.406,4.295870497321813
B0043,4.051719519499582,4.197497159574681,0.3096783834932726,-0.2783809790794886,1.0120122624785695,8.70377999346024,7.3351511578492685,1040.75,3.5143002071582092
B0043,4.026760095683099,4.1973835054560045,0.34373162543099295,-0.33153563906515443,1.0981265715724136,10.861930060972163,7.3668189489801215,1019.125,4.308566587385029
B0043,3.9942222633789237,4.196870024472014,0.36901319162838725,-0.46262938548539395,1.2814103225978857,9.628805360691263,7.9936664890195335,618.844,4.3193067061303765
B0043,4.049966366718909,4.198079959089733,0.31470259837558406,-0.28159998506577094,1.0177211063065366,8.740129795491647,7.296477939821086,1039.547,3.5466486286168157
B0043,4.051191449078818,4.196857869022103,0.2983375866374208,-0.29159688898978015,1.0344945952061426,9.890833414808087,6.946289418376632,1004.328,4.356726879456517
B0043,4.0502554179984545,4.197040748347509,0.30156546499459563,-0.2912181433078147,1.0345186133330773,8.123599018265942,6.902633045655659,1005.75,4.3641504076366004
B0043,4.049866693334642,4.196682246183551,0.30003244307843857,-0.2948913004839587,1.0406846792255895,9.54039758015595,6.896174405116905,995.797,4.370204499092049
B0043,4.04947173354325,4.19696998692681,0.3012006098860038,-0.29521769894931627,1.0404335984325144,8.68981677408595,7.035611200131563,998.921,4.3883470536495865
B0043,4.043702193909917,4.197583527373011,0.3232650279806332,-0.2989974183048041,1.046489176313267,8.648121468375715,7.22435677434366,989.141,3.589966289510671
B0043,4.04662199809222,4.1970633301567934,0.30651592328503247,-0.3025440962097056,1.0525557210796939,8.766749021949757,6.990028087646541,979.203,4.409688578699913
B0043,4.0478344519741825,4.197323566834658,0.3057834797641236,-0.2990404522680274,1.0464356683999332,8.697295284987012,7.072814815985095,994.031,3.6131543853659234
B0043,4.045020633492668,4.197136062671134,0.3111416694471543,-0.3062477823294265,1.0585780617249307,10.097658187656732,7.152123066131912,971.516,3.619652302219737
B0043,4.0242391243497195,4.196810616000894,0.3393764070452211,-0.3656818330796306,1.150535970149636,10.08193635042433,7.40243656537614,810.563,3.6274390617775114
B0043,3.980071334963229,4.19749831364625,0.39532215710924806,-0.49053400510100387,1.3149589465593825,9.867385484495305,8.281671008133785,599.047,3.6430960776735724
B0043,3.3967939181762525,4.197443547761606,0.6878656895421987,-2.386301237113661,2.0518695634628057,8.668191215610703,5.990209166830171,109.078,3.6510951458192817
B0043,3.4366476653788816,4.197249677217233,0.647109991766437,-2.3869789597180757,2.0503760954303365,8.230234796537065,6.4435194897145704,109.171,3.6606982273677278
B0043,3.324466570139273,4.199324238157774,0.7088884198188429,-2.649848715956771,1.9874543272782894,8.3473989032227,5.804997367748431,96.484,3.6614177229197264
B0043,3.4223166127184776,4.20125127915007,0.6673793463162678,-2.387047276888483,2.052368805055762,9.566970302021362,7.064649745993309,109.094,3.652361481251045
B0043,3.517134909435146,4.201927103230439,0.618591582041525,-2.209874839881083,2.093819024163091,7.155555764844436,4.857763577409316,96.906,3.667515569464075
B0043,3.33084669796585,4.201871725413588,0.7076755402909687,-2.651553384507515,1.9867860348750093,8.849096539219643,6.365147956644147,97.015,3.688564334241652
B0043,3.4693912792577155,4.151713316448254,0.2544344367291372,-0.9908307773272774,0.06553129675232888,11.059155779143234,7.784854957371514,5608.781,91.0876025694677
B0043,3.489663125237392,4.1860990142535135,0.2643816033266239,-0.9917840133525034,0.06539985174509776,10.464754894665266,7.677310156075022,5703.296,92.72916511873038
B0043,3.4883481289690543,4.20024763178396,0.2686298714250589,-0.9917267979357509,0.06558329345794274,11.117824082083432,7.720355963617298,5668.032,92.14423285625676
B0043,3.4828518772266346,4.199618145627328,0.2711993136506795,-0.9915700758751732,0.06574634959601765,11.465947003288688,7.795012554263815,5634.047,91.57193682822981
B0043,3.4797712380230035,4.1989206972349695,0.27017573939815953,-0.9892746508058018,0.08108213476706347,10.672391649812306,7.802002705131443,5582.375,90.50157683157917
B0043,3.4723642645257145,4.198909615049439,0.2751897351875969,-0.9870448856228408,0.09369463937371832,11.55324188297086,7.8854226977198625,5567.329,90.03731136604497
B0043,3.465591847973898,4.182123550892078,0.269579694151869,-0.982521155601079,0.11510400686642329,10.678188237457311,7.865599621307659,5528.453,88.9699975815263
B0043,3.4621709600387423,4.198072340064109,0.276733190141441,-0.9800816231955619,0.12448489583918683,10.67885056037868,7.840911830800531,5513.39,88.28009894195439
B0043,3.456977710322033,4.19729618680157,0.2755092839259272,-0.9774850815985034,0.13398492466692477,11.249497515672802,7.866129688953066,5486.187,87.79784798370244
B0043,3.449217752251389,4.196562826262564,0.2831313407221916,-0.9753322406906505,0.14200465145911195,11.637480263714384,7.9393273558149495,5461.922,86.99505407403295
B0043,3.447579855504856,4.1961404278065615,0.2802168565527772,-0.970424713185739,0.15708358690165003,11.797524620709758,8.020423171340544,5438.157,86.36283014843063
B0043,3.4358831885309766,4.178175250938716,0.2824490816467319,-0.970256674882607,0.15771028019213482,11.717322041018162,7.909281139740462,5402.875,85.56301376938016
B0043,3.4393737351491587,4.195619110791885,0.2836976038646524,-0.9652466121144252,0.17168369259393135,11.400146543773252,7.9764627392531535,5384.438,84.79546450325475
B0043,3.437163038991663,4.195354802720307,0.28378635679909053,-0.9624204407769305,0.17880461524399713,11.27412857657329,7.975220288628877,5344.859,83.69220594454713
B0043,3.432715938014848,4.195137899317883,0.28432269429680385,-0.959579561659367,0.18569932995005983,10.939205926809544,7.919276364601211,5305.156,82.79822029077772
B0043,3.4312793781460638,4.195919647393222,0.27953157565459963,-0.9569605305508407,0.1920888989868136,11.469256268063758,8.087848756281263,5284.547,82.66895620023668
B0043,3.423768606452633,4.176270279535014,0.2814372908410824,-0.9522133825707907,0.2038831160383061,11.07680003582411,8.02258709983945,5267.843,81.53678859900582
B0043,3.425776013992083,4.195157601948688,0.2824863114998043,-0.9541332483411131,0.19921409190703918,11.26155378961363,8.12948679263687,5229.688,81.31783276041946
B0043,3.4199159770745933,4.195480097537295,0.28493798270616766,-0.951277080781025,0.20544961772006556,11.576966830401837,8.089656475775936,5206.954,80.69030850914709
B0043,3.419545032162598,4.1943133355165845,0.2847440343135148,-0.9432133015363675,0.2217468873350725,11.16400609714747,8.144440591218109,5179.062,79.33196217313925
B0043,3.4121967412564467,4.194450936586587,0.2879514720685097,-0.9477871437594549,0.21256469407215087,11.988971088033123,8.231983414070719,5144.109,79.18036862409127
B0043,3.407362058046422,4.173215087704208,0.2855017657931527,-0.9403317488154684,0.22815789019769156,11.73519417014362,8.207473278156359,5142.891,78.49771529108838
B0043,3.4128712396915972,4.193501778898149,0.28426383797053784,-0.9372882788479067,0.23393950788390344,11.299125699617386,8.189312466474624,5109.734,77.66364000336303
B0043,3.408624211537015,4.193305249397542,0.28718840420765723,-0.9340008362934733,0.23947499292837904,11.376911439849154,8.139466322876048,5078.937,76.9338523488681
B0043,3.405803295662315,4.192997819348426,0.28583619359700996,-0.9308225674416871,0.24510435103326933,11.488807348025915,8.11394700059043,5051.672,76.2573333297708
B0032,3.31356881404843,4.087016142066692,0.20513547879830787,-3.895034492956119,0.608051199531419,59.47600707924567,52.14812251926887,1572.359,101.82519716022271
B0032,3.360932103985418,4.187844886919987,0.2223001167112325,-3.9466385151298375,0.4149848024335192,60.121290886265,53.49862731805315,1723.281,113.12348953756515
B0032,3.362818742242725,4.187701456265651,0.2250827429052549,-3.9459503925460986,0.41818539146982525,60.28987126771494,53.56355547229223,1705.906,111.97296400924937
B0032,3.3620666570592657,4.187956631748198,0.22846748616219287,-3.945374357087773,0.4205047580244796,60.57061862772471,53.636497641934646,1697.688,111.41906658983143
B0032,3.362352506750974,4.187837270519941,0.22894922429608536,-3.9451013111259323,0.4229723870177471,60.44487262242978,53.66821955000141,1686.094,110.65726372510053
B0032,3.3539141264171213,4.176580463554566,0.22442279388805614,-3.9441329415172497,0.42538456936482655,60.80514996345169,53.78514931831166,1678.563,110.14568302719789
B0032,3.359881578137895,4.187717629562103,0.22919466784870857,-3.944073053011351,0.426437363731995,60.79131486140098,53.80370465565283,1677.469,110.07696499625197
B0032,3.358862190732693,4.18755828453692,0.23040014570204292,-3.943421894744355,0.4289487506493721,60.82453443905106,53.860865202701575,1666.093,109.31593088340944
B0032,3.3601097902247443,4.1878149871796655,0.2288885440412835,-3.9431707154426756,0.43114018230513773,60.93844327722512,53.86937461780675,1654.328,108.54558295697292
B0032,3.3601434422461938,4.187881479812432,0.22882427624683382,-3.9427909793014866,0.43392303202425375,61.056928797496845,53.919241142689074,1643.812,107.85368098784807
B0032,3.355149818972587,4.180429711622443,0.22587357356852447,-3.942681377393959,0.43386373531111266,61.26264235870029,54.04736439027928,1652.266,108.40218701242541
B0032,3.3593418283288132,4.187435297570574,0.22689711932772313,-3.9184845032163937,0.5314258717289723,61.30909593373104,54.07432799473692,1648.672,107.47834542255204
B0032,3.3586297517355432,4.187467933100937,0.22695809812768247,-3.9177419538846427,0.5349868946169266,61.35860964032413,54.13198237630402,1636.969,106.710065769693
B0032,3.3590704748251823,4.187491241001438,0.22658712662179603,-3.916992039332035,0.5380074438983674,61.48218876912336,54.1706485784692,1625.187,105.92785319150563
B0032,3.3579238322389635,4.1874322769983605,0.22764514080620046,-3.9165301686540293,0.5396501128298057,61.55806089309812,54.230275057026425,1622.016,105.71524323573543
B0032,3.346388148340216,4.174276691190384,0.22916630533283316,-3.941133829882486,0.4407527062115303,61.75555924618304,54.344649105313806,1638.422,107.47900500630718
B0032,3.3534652549262995,4.186860433427951,0.2317932813769744,-3.9168961856121998,0.5379929595204342,61.788148736083365,54.34024033975075,1646.438,107.31935593777476
B0032,3.3539379658636705,4.187242083144707,0.23045346609812178,-3.9161279657117896,0.5411270964921423,62.026796878552666,54.383818324015124,1634.765,106.54133042730163
B0032,3.352033498067153,4.187348698823322,0.23340630626060593,-3.9150746408037618,0.544593790250617,62.05922080379437,54.44223460892958,1622.016,105.6942862228891
B0032,3.356088193037498,4.187458308694366,0.22626898260772743,-3.8893700702054987,0.628545663846189,61.81678431928173,54.47793957059441,1616.25,104.59828482546388
B0032,3.3485978246821815,4.18032452902128,0.22962863927757368,-3.914545791564824,0.5464050114333067,62.13034562682843,54.52288431969187,1622.218,105.70091468718394
B0032,3.350888760453381,4.187278944270903,0.23223892521775213,-3.888729603382459,0.6304656957519488,62.20855323363066,54.63737439274004,1619.656,104.80605152370326
B0032,3.351949039148667,4.186871482774904,0.22979770319538667,-3.887437874711392,0.6344083243543543,62.27936068413306,54.626766126568995,1605.484,103.8590281182922
B0032,3.349297591300232,4.187368946542894,0.23239740200156653,-3.8867994146602536,0.636254128119382,62.40536913200032,54.64310926864166,1600.75,103.54865548622816
B0032,3.351231111091802,4.187171328295389,0.2291317651845515,-3.8600791350059627,0.7116283818721478,62.21600779378832,54.70581681215588,1595.0,102.43638532242576
B0032,3.3435018088780115,4.179483481777926,0.23263665660952876,-3.8867131837578937,0.6364379469664357,62.6157960112704,54.73634803491553,1612.422,104.2995679497431
B0032,3.3521161040604457,4.187057003834118,0.22894987289006177,-3.859329219112499,0.7138266105694623,62.26360588854172,54.729006905014316,1598.969,102.67839635281841
B0032,3.3500497479561155,4.186996418231206,0.22982761440769361,-3.858428126429743,0.7163465358686758,62.42580063958537,54.73589338579687,1592.187,102.22644662580298
B0032,3.346822633241171,4.187162136817356,0.2339444499633487,-3.8566873181204584,0.7209036919981643,62.5594040849182,54.73540508711326,1577.484,101.24232908560661
B0032,3.3445668126766406,4.187124475593186,0.23511341027424876,-3.8827695760741974,0.6489136023031377,62.582629376324434,54.74865999209295,1571.547,101.56528806930612
B0032,3.3426166901503263,4.181856074494181,0.23177794499918844,-3.882600911283088,0.6490762665720794,62.57090441669303,54.78747299373422,1578.484,102.01840140120967
B0032,3.34732439121854,4.18690867607217,0.23045765190362508,-3.854937565206465,0.7256203626881594,62.42898686923908,54.781382520592445,1574.469,101.02315220355547
B0032,3.3453547357724522,4.186886051758731,0.23277759052823593,-3.854046236326502,0.7279361269799705,62.43152363917722,54.78435229628446,1568.281,100.60590452386882
B0032,3.346646262078225,4.186961283097403,0.23176930582150265,-3.825515955469031,0.7972049762219307,62.5729328576623,54.845012944023324,1561.422,99.38678051042012
B0032,3.3430379418002483,4.186797536056034,0.23435175114681864,-3.852185223644289,0.7325832091950333,62.57967644827836,54.84412055277582,1554.234,99.66149870313201
B0032,3.3373798184076695,4.180871809929545,0.23659653214249257,-3.8529024760904163,0.7303279575810525,62.96996562520999,54.916794359881244,1573.734,100.93350167671535
B0032,3.343534769020288,4.186876840985748,0.23487780880203493,-3.824369401335111,0.8002272365744196,62.75574288944966,54.90429470994109,1566.578,99.70895191771322
B0032,3.3406975425250534,4.186631058593124,0.2370009785146789,-3.850082677405248,0.7377247983901917,62.70443033939053,54.85304065526831,1550.047,99.3500544898972
B0032,3.3456376475453258,4.1868719484291095,0.23208981113649735,-3.820950546148158,0.8082301715801611,62.46020747529598,54.870101858468004,1543.64,98.16702872042998
B0032,3.33983349960651,4.186758471539941,0.239028609171694,-3.8197049752589796,0.8109123103580228,62.78975435716677,54.91521152058179,1536.781,97.700259915906
B0039,3.3780267772090253,4.078325990995359,0.5407773400015592,-1.7216522308231414,1.9789410010354247,41.68577610887712,34.70141183965182,982.938,7.109716374537481
B0039,3.538833973977793,4.201433690744269,0.5074733563346527,-1.3777686088249814,1.896938818887833,42.96184230643531,34.602296282226774,1489.953,28.249704935178972
B0039,3.5283987355327224,4.202601079177913,0.5149257221894767,-1.3955410359909974,1.902718494039727,43.606076550083,34.706915531211784,1479.703,9.72391309333794
B0039,3.523734020299432,4.20285727861485,0.5162968310971816,-1.414099580611061,1.908604602711483,43.90627471664096,34.771517765327,1468.172,28.59475175323413
B0039,3.5290210250014034,4.203125866428561,0.5151874316102146,-1.406242060472347,1.9062491810204543,44.013774813837145,34.709560141583104,1457.0,28.139341894168187
B0039,3.528853302126734,4.203130606417118,0.5140949777695465,-1.417553449529416,1.9099434998159193,42.92203104864584,34.65890294500357,1437.047,27.88125982384421
B0039,3.4540436783572668,4.199225453541231,0.5248802482397518,-1.705386422586468,1.9753416533686743,43.24542727979999,35.44499437757343,1170.531,28.070951190397754
B0039,3.53257704827921,4.201734819728371,0.5132883949364054,-1.409614813413039,1.907475357571867,43.86578283702087,34.6176662375867,1436.141,27.635666081523922
B0039,3.5299976922060075,4.202672121596153,0.5157902130772893,-1.4193953971803481,1.9106251544856414,43.67270130471354,34.65017232704175,1420.172,27.503623801102133
B0039,3.5156652919077627,4.202779797627703,0.5274415176283863,-1.4499971979709174,1.9198022390467024,43.79137016976176,34.822277873738145,1397.0,26.352593593305528
B0039,3.5295294248045366,4.202689684084776,0.5162590354244765,-1.4318958455799566,1.9143824060074148,43.92654641714406,34.67233382014022,1393.25,26.491247835518074
B0039,3.52826089394077,4.202868370613372,0.5263834317058762,-1.4237231581935579,1.9119252146021595,43.36143647499468,34.74469432520436,1380.938,24.646979913502868
B0039,3.6461406726770127,4.197294023274615,0.23195432901403543,-0.9931771469825759,0.05568371282475591,48.10057733769074,44.007524345018545,6375.828,104.29278816589789
B0039,3.64392186740937,4.204972433209606,0.25650604223131673,-0.9751829593896583,0.14399517337804468,48.36094927051516,46.67611297517316,6574.671,105.68715635875583
B0039,3.646350059209468,4.208448210539393,0.2529905556190479,-0.9751939760319923,0.14447558338462754,48.20507797013392,46.6383045331837,6571.156000000003,105.80744918513865
B0039,3.645585479395615,4.206898230242775,0.2537624727482999,-0.9750119009804336,0.14485222156858277,48.18149876688975,46.624310116631904,6569.11,105.75287978880807
B0039,3.6468115454863126,4.207946244454896,0.25233451479226343,-0.9763225329640914,0.1401026317059827,48.22285805925047,46.60181681852236,6558.75,105.73965519428603
B0039,3.6451349051966417,4.207227267233697,0.254535546924118,-0.9746122484452725,0.14559173792694055,48.3111327307896,46.64079559317347,6567.516,105.68614730885533
B0039,3.6561026070574316,4.197666044398925,0.230543491398516,-0.991639778772074,0.06888901594980841,48.31988246057892,46.65269866016946,6430.172,105.34734689207343
B0039,3.6458870173477007,4.2045074487347165,0.25226304722600934,-0.9776620652375614,0.13571242809567544,48.19161251147565,46.637301691869546,6554.327999999994,105.80944673239063
B0039,3.645766068703999,4.208084129481043,0.25316376142310504,-0.97593374546125,0.1413814025154582,48.22746339794149,46.62385161772923,6560.922,105.7226679345496
B0039,3.6446971444609972,4.207142953751636,0.2528528608886302,-0.9744225907364069,0.1469671283417357,48.171946839870586,46.59535143073503,6559.047,105.52182814277538
B0039,3.643834980413121,4.207099547920701,0.25368629199070497,-0.974188913140975,0.14730143072667756,48.20204512091098,46.59281927437506,6553.781,105.40938670206694
B0039,3.6455211713700875,4.2078293027865055,0.25078237988655316,-0.975611434926553,0.14263266608558411,48.20808548312476,46.595538716376765,6540.187,105.34752956588433
B0039,3.6442867502271574,4.20415549392574,0.2497129824006196,-0.9755764719558602,0.14303435699152828,48.216947901934525,46.615922853146614,6535.922,105.4600472702282
B0039,3.6438395995465793,4.2074857099225,0.2515759584624443,-0.9738254896234411,0.14842397883996053,48.23861432117145,46.61306744285817,6544.078,105.39080693204927
B0039,3.6432430775983096,4.207192516257174,0.2533910534261015,-0.9753455155568392,0.14355424258175803,48.2409468668017,46.60739102749507,6531.187,105.17196468711172
B0039,3.6429596917730023,4.207616345532635,0.25341909570727394,-0.9751784320040705,0.1439168594897151,48.28638353591076,46.59731896053421,6528.562,105.10847652765285
B0039,3.6431420009845095,4.207147287931799,0.25017443381074583,-0.973600435800719,0.14959525625712466,48.23633627651948,46.60563234024716,6525.187,105.0642390870196
B0039,3.6420393576004138,4.204165409407158,0.2506633369879675,-0.9749580537234221,0.14465894443330704,48.2681944116944,46.62474216211915,6515.938,104.882313089001
B0039,3.6405822186622365,4.206316214831835,0.2524392393921728,-0.9716546701373575,0.15520367727282777,48.25892855404056,46.6386326424737,6532.015,104.94909756182875
B0039,3.640101281169697,4.20729233602744,0.25329731254468446,-0.9715222945577332,0.15553360433249566,48.27406092264485,46.624080824947505,6527.922,104.87285140335764
B0039,3.6389138404319183,4.207400407989978,0.25678403601203137,-0.9730192985244435,0.15090932840024718,48.37743085469793,46.6573959514452,6519.328,104.72059598324495
B0039,3.6390963886375602,4.207172779835573,0.2549572277611863,-0.9728763615065116,0.15124130077130832,48.34229218799801,46.69850634609825,6510.063,104.56085668262212
B0039,3.639310178523211,4.203796739473216,0.25045033852559456,-0.9727174864909479,0.15147973564522327,48.35205523072366,46.70366699259687,6501.718,104.58076237086549
B0039,3.6382966465278597,4.207405098710311,0.2528751408505309,-0.9708770463110533,0.15688238439295335,48.36227474052515,46.69858207228199,6509.047,104.4974572834332
B0039,3.6368192187368806,4.206949746343375,0.2550308125969398,-0.9707953984260251,0.15745207290832056,48.39407566049798,46.68478011498361,6502.438,104.38577103441709
B0039,3.634846725471178,4.20717367641765,0.2586975689756345,-0.9707512160925147,0.157622144469126,48.40712816602448,46.691631182155156,6502.047,104.18787573376052
B0039,3.635905813888798,4.206902271296153,0.25344893471171687,-0.9689523533406329,0.16311545484015497,48.476824345274245,46.752413955353425,6498.86,104.12132985974911
B0039,3.4708414429615604,4.196674813894532,0.23983630135073153,-1.897442497029331,0.4181588486932753,52.90221489344579,49.300859599002976,3162.047,98.88696658313296
B0039,3.4717307267626065,4.204257320385259,0.23958900827991936,-1.8762389619942326,0.4613744686586946,53.04880173105535,49.34643167372232,3173.141,98.1288919940766
B0039,3.470065952813119,4.206474730273981,0.242287546642914,-1.8688554169399538,0.475389991004773,53.017440171542674,49.35236153077406,3169.844,97.6155791299148
B0039,3.468937839466871,4.206865048530781,0.24304972443381195,-1.867958006398749,0.47677374935818106,53.07430485716129,49.34646841409122,3156.563,97.14520079858006
B0039,3.468115577491925,4.206889463177472,0.2422693326645298,-1.8602935835155212,0.4906381028993441,53.15177003577248,49.35565140520816,3155.047,96.68884931867194
B0039,3.467077155738093,4.206575007421019,0.24265298586053005,-1.8593916153072554,0.49237585970648334,53.01718592680281,49.368284273788476,3142.312,96.24871690918243
B0039,3.2199500199575746,4.189178895374635,0.29808334413337334,-3.2987153931778748,1.5005971818862887,63.94078057196598,55.97390404609549,1485.047,79.08241206025671
B0039,3.22661988786129,4.204083091786472,0.301571122910671,-3.2988222829259044,1.5006289213281419,64.14381595669508,55.95647115817562,1489.313,78.56028756625173
B0040,3.2570770872838057,4.068028641979544,0.4174030288200671,-2.496194310605518,1.9414341435047784,40.67740211970284,34.520854008155766,982.938,40.22343099978677
B0040,3.435168668765134,4.181329419378459,0.411497706074207,-1.9461397110184737,2.0010076331481037,41.121867004450536,34.02922924081149,1489.953,47.26177914039128
B0040,3.4309758033508495,4.182169713231169,0.4171314423116885,-1.9452201291903763,2.0011227285863704,41.63283156392668,34.012090723638956,1479.703,46.97964369695901
B0040,3.4348636528845424,4.1821186375364,0.41566455493657656,-1.9447435736678282,2.0011829538106514,41.715752737182754,33.978388906178346,1468.172,46.56184276339718
B0040,3.445308801417867,4.181769825430115,0.4139545108172866,-1.9174672773069694,2.0002165680843103,41.61695629052659,33.83721613724266,1457.0,45.560651651281546
B0040,3.458759767508341,4.181957861733809,0.41104104570588373,-1.88809363687247,1.9990818516253293,40.41568117134027,33.67935609685469,1437.047,44.22744149807798
B0040,3.344897364124835,4.177687640263026,0.4011230446747891,-2.4160677054793758,1.959336407395323,41.6427020562054,34.856675647434145,1170.531,46.49076523107449
B0040,3.435394313904374,4.181217465945281,0.4126017213316854,-1.9695300241186462,2.0019673174292465,41.666127528934624,33.93437846177736,1436.141,46.18732302776025
B0040,3.4407328862516335,4.182275640250018,0.4132604456693385,-1.9553056005388323,2.001781856796465,41.55823578501682,33.87341008861747,1420.172,45.329712290701465
B0040,3.4424940628831777,4.181827468882669,0.4195143414586435,-1.9401168646905238,2.0015929624099753,41.25451200429936,33.801632457231946,1397.0,44.241644095648844
B0040,3.4441875855764166,4.181567286734688,0.41277321284502455,-1.954173143017623,2.002088622186897,40.05463707446548,33.841214598826475,1393.25,44.47349729013865
B0040,3.458256040593686,4.181983804533861,0.4185196311756819,-1.8954416195145705,1.999856033831014,40.76452850374992,33.68915739169769,1380.938,42.70354995089278
B0040,3.624872673514505,4.175387518911088,0.2354928412276352,-0.9641877110703866,0.18214812412599052,47.45925542600303,44.27504698193625,6375.828,101.98349196948607
B0040,3.6219123150772736,4.183371957728605,0.24996331629237986,-0.9482972559679383,0.21837553706658774,47.733284854985534,46.496780020843715,6574.671,103.37908107289593
B0040,3.621615017492515,4.185403574589526,0.2523876558111148,-0.9497815137936721,0.21581029233603108,47.68533526444168,46.4678468881245,6571.156000000003,103.49497545241584
B0040,3.622864388629409,4.185139783184118,0.2488331391182519,-0.9494868615948265,0.21632878131284916,47.67231335727975,46.45190241544343,6569.11,103.4323911359406
B0040,3.6220494199910203,4.185518450705473,0.2524948894066732,-0.9521447667439508,0.2103712797266773,47.70025798751115,46.440231939332925,6558.75,103.57311861696323
B0040,3.622162963654601,4.185427919430507,0.2505161032055829,-0.9505422244648805,0.21425296016044298,47.70250785089967,46.465222077063906,6567.516,103.53406083861852
B0040,3.629361907913309,4.176190564871368,0.23694681732612544,-0.9652916551188272,0.17974503287016644,47.77567590438216,46.49072067213048,6430.172,102.98637230806511
B0040,3.6234871903936696,4.182711714289401,0.24637551785655715,-0.9515172757333833,0.21209724003392422,47.68448077336878,46.47888431603475,6554.327999999994,103.43980638253547
B0040,3.6222932883799372,4.185107481198763,0.2500341100613357,-0.9513915692974558,0.21237845181462178,47.66868390973605,46.45480276183313,6560.922,103.52769567949206
B0040,3.622128684193048,4.185322736341408,0.24948188342702446,-0.9510427335186784,0.2127411382952886,47.63553822379171,46.423098338329766,6559.047,103.45641411093366
B0040,3.6212784001178204,4.185286474015191,0.2518978512211561,-0.9524743606309494,0.20988783326261057,47.64097688926351,46.417883981463206,6553.781,103.53451383926271
B0040,3.6222214851987244,4.185544800435261,0.24996249215628244,-0.95386146065853,0.2071033348755007,47.67660695857828,46.41962937983975,6540.187,103.46817096665892
B0040,3.621600293236707,4.182805883908282,0.2501906623881697,-0.9551274962002001,0.20399628961911165,47.670062907549664,46.437216774742105,6535.922,103.55447747557285
B0040,3.621303558836112,4.184959782592119,0.25045255199959626,-0.9535557918067024,0.20790927608618973,47.67504818462313,46.44051551612336,6544.078,103.50344428778784
B0040,3.6217314334668362,4.184990348881109,0.24988041087949223,-0.9547864424869567,0.20490953461565004,47.66226480407664,46.438246093452804,6531.187,103.43898946366635
B0040,3.6224802575418096,4.1849433685502655,0.24763446207057382,-0.9544935502891163,0.20549864276059265,47.65776484346084,46.419799968945064,6528.562,103.36804046350194
B0040,3.6227913336348077,4.184970988659253,0.24627731741110095,-0.95437046004151,0.2058564714135522,47.65588226485245,46.41925960985013,6525.187,103.30264939356759
B0040,3.6219039988656228,4.182014111969684,0.2466946149091764,-0.9556526843949636,0.20280464462897285,47.68924379895171,46.442880190211326,6515.938,103.30369925690786
B0040,3.6231487093600996,4.185325352263018,0.24521145917839676,-0.9540072055241993,0.20665143136278227,47.68013294716548,46.45501075115101,6532.015,103.36946527790309
B0040,3.620727454558004,4.18476201200528,0.24904935854019675,-0.9537643838011659,0.20704352932436954,47.69683888709109,46.42899601057107,6527.922,103.28314254931632
B0040,3.620851281939705,4.184831315830137,0.2495321369492057,-0.9552956614335978,0.20372431901430585,47.68346890250753,46.4460831551733,6519.328,103.31429966606609
B0040,3.6223530356435982,4.184646274630554,0.24530785882592343,-0.9549687460528705,0.20418992605990968,47.72656082449746,46.477279245422224,6510.063,103.14097313364117
B0040,3.621799074855713,4.182435522794885,0.24522264220169515,-0.9564508369268612,0.20091794138605729,47.7336433887077,46.50566493668475,6501.718,103.16038190781333
B0040,3.620827200366945,4.184925895802646,0.24891994748388524,-0.9560639609053613,0.20134199629418323,47.73354479118836,46.489529302216496,6509.047,103.24091259911545
B0040,3.6206286090197306,4.184718733685154,0.24830667559197095,-0.9559267781293634,0.20180166030025765,47.74132595782936,46.47422502580763,6502.438,103.12557418676374
B0040,3.620461858040284,4.184688819147048,0.24802704675497864,-0.955732355842102,0.20227345122395182,47.73740327080965,46.467598009037445,6502.047,103.10204397678926
B0040,3.6207850957418692,4.184286661063821,0.24655337398337557,-0.9557348422192878,0.20264081535434025,47.780084445812335,46.50711933936233,6498.86,103.04412014743332
B0040,3.4599911073457075,4.176406009176324,0.21638867675842477,-1.8959184882594955,0.4345173202698545,51.74025766413764,48.821116047310866,3162.047,99.55193001896612
B0040,3.459413541721385,4.182388453906596,0.220618527580399,-1.888918960223662,0.4488464143753836,51.80596353207629,48.86273917281783,3173.141,99.54907307290442
B0040,3.4606411813742883,4.184674961031428,0.21893792516908636,-1.8816448898300142,0.46350715107344964,51.79140734732303,48.859668212563015,3169.844,99.04573525984353
B0040,3.4619795504624093,4.184986819959415,0.21643459851727873,-1.8804793058771856,0.46528455751295356,51.7543308845732,48.84759659003841,3156.563,98.5676377453793
B0040,3.4582381856512225,4.184706989313181,0.2216032586723296,-1.8804459095886619,0.46580172335579006,51.86320043661648,48.86015453747502,3155.047,98.50898645229599
B0040,3.460434749861773,4.184343189730703,0.217371637609195,-1.8794616528353505,0.4675176229074666,51.81917888349145,48.85593683732135,3142.312,98.06572311508125
B0040,3.7482973521924325,4.168100705327105,0.37082357459741533,-1.045884107237702,1.7565091637720887,53.95646661253941,49.04132294442338,1485.047,25.43219521573452
B0040,3.653849277043623,4.1824060069381375,0.3648201736216184,-1.3616845329264926,1.9002448804523762,55.67880428959517,50.17313973556242,1489.313,33.26695848755318
B0029,3.3651860477851834,4.122758586822445,0.26512345669033627,-3.9753962170197243,0.43629440230402433,58.72626885895911,51.631545591665024,1572.359,101.38580432156836
B0029,3.3905928994464873,4.20134576801382,0.29707473530241996,-3.9342485526057955,0.5886285429117915,59.76796387174703,52.84944288631656,1723.281,110.17714742810676
B0029,3.3944582472061784,4.20075138362936,0.2898989009220971,-3.9332952670181975,0.5932065805799005,59.844347317645614,52.905865867265994,1705.906,109.02660780562236
B0029,3.394696317253661,4.20121939681188,0.29363903779818357,-3.932113456162452,0.5964453906082865,59.9199472840752,52.90438507577814,1697.688,108.44802510796623
B0029,3.398579443319999,4.20151734595852,0.2858241390288325,-3.931581069158435,0.5997865631547423,59.89475354681757,52.87534956891003,1686.094,108.3016302411717
B0029,3.3970260675114696,4.190431936024234,0.28218377001219114,-3.976472905870513,0.4290418864719975,59.58813236464061,52.762650424805656,1678.563,108.41304533805072
B0029,3.4017447799349796,4.20151685379873,0.2848060717894082,-3.953172457226365,0.5252921152121598,59.81336613073259,52.78843384352056,1677.469,108.36329534781211
B0029,3.400790257856999,4.201511694320507,0.2883714277196788,-3.952037378872224,0.528341829688339,59.75433532594285,52.7841972696045,1666.093,107.58755880700177
B0029,3.4030834056443755,4.201805179645606,0.28324498144567967,-3.951642628329456,0.5312312904771704,59.7737242563152,52.75173838351513,1654.328,106.79990521185736
B0029,3.4052467951556413,4.201438773335668,0.2787028577878109,-3.9514812160488924,0.5345653131595759,59.80010734859943,52.7506031720156,1643.812,106.07814772541997
B0029,3.3969592538295337,4.19368630303113,0.29442639685069827,-3.974136073511709,0.438238192817731,59.92418745751934,52.76187024768883,1652.266,106.62818405154029
B0029,3.3978270130572263,4.20025041732416,0.2973664181128303,-3.94933484428352,0.5365002904930106,60.120904895462246,52.810328108304326,1648.672,105.70427192039831
B0029,3.3976547229925322,4.200366031445772,0.2969309502595952,-3.948773942479504,0.5396272117120691,60.15908336784943,52.803620504971605,1636.969,104.91060086970658
B0029,3.400358560849027,4.199929373943819,0.2892352760561622,-3.9481894541359304,0.5427693156073063,60.0330623550184,52.774286568476356,1625.187,104.78028765616108
B0029,3.3951054015762527,4.199792574461424,0.30294580809165605,-3.946655613412357,0.5448588154830803,60.155675284547456,52.80429201579515,1622.016,103.88118149985237
B0029,3.3952154633066995,4.186389353535962,0.2830051025705335,-3.97371791832226,0.44407846489341407,59.70826330240836,52.721179096315566,1638.422,106.29991443132832
B0029,3.400939370892573,4.200779737725044,0.28040772489839744,-3.924297634283963,0.6242834374426651,59.826072535975634,52.76566676387698,1646.438,105.45922756526099
B0029,3.3990966930758852,4.20106410059631,0.2862004199725242,-3.922569043688066,0.6280105618754418,59.97193555147316,52.80160858510679,1634.765,104.66398942141227
B0029,3.4005060708668395,4.20039236023258,0.28257487679626264,-3.9219324486852223,0.63204416388612,59.90509096707212,52.76338281760698,1622.016,103.8054230010738
B0029,3.397536794846482,4.200576454073823,0.2902056379846863,-3.920549166756126,0.6340543103505573,60.003884509148,52.793663259837146,1616.25,103.39942294239628
B0029,3.391570729569499,4.194709553890768,0.2994707696289957,-3.9453058787745463,0.5513406694782397,60.25771781052726,52.75741582344694,1622.218,103.79907863431109
B0029,3.4006008999743154,4.200658594506185,0.2767744553275565,-3.895864092268878,0.7087445485957239,59.90492726798961,52.866554147425745,1619.656,102.87416755029032
B0029,3.3937647508109445,4.200792247486221,0.2982844086389392,-3.9179079273158917,0.6403351680392901,60.33243416075105,52.88238533970063,1605.484,102.63492246575774
B0029,3.3990916405291434,4.200103293228043,0.27878745266647315,-3.89292863950299,0.7154789941899612,59.98669670538192,52.89174684629843,1600.75,101.59572792539204
B0029,3.396460061958035,4.200392899920808,0.2853973318793905,-3.891007378210508,0.7175563889265546,59.99528714045464,52.86276331800625,1595.0,101.15833123730931
B0029,3.3953349055125526,4.193452277045169,0.27766372605580336,-3.8931180785218142,0.7154598821154531,59.98821696841703,52.85514927949408,1612.422,102.31546716402502
B0029,3.397203474478597,4.200426069460966,0.28444468133836176,-3.8906661202538677,0.719935713003966,60.01985635641876,52.84555100149494,1598.969,101.39714853184738
B0029,3.389787970407681,4.200350636061038,0.30145737541578344,-3.8880091290817527,0.7227608683920317,60.26410091872941,52.82153486606997,1592.187,100.93332224961371
B0029,3.3967598380460484,4.200274898374017,0.2803816705292027,-3.8880141667450476,0.7269907939848402,59.92046248220958,52.81580315824478,1577.484,100.64019448690536
B0029,3.3957223246260377,4.200350219079989,0.28199522472168703,-3.886820317431477,0.7290931975277238,59.887692512983016,52.80521928839473,1571.547,100.2439950539961
B0029,3.3892258428534876,4.195839706712194,0.2927822221318414,-3.88571106427998,0.7294069077662573,60.158935395611046,52.80312343851032,1578.484,99.96953988141625
B0029,3.3940321153796114,4.20011947590298,0.28365768693740073,-3.85843433412322,0.7985976970795617,60.04748235788095,52.85759471288148,1574.469,99.67061839091632
B0029,3.390692269396659,4.20020354565233,0.29041838774966006,-3.8565643666104146,0.8014176459671134,60.167863371476415,52.85638451770691,1568.281,98.50396923775648
B0029,3.3912179554575785,4.200021865512612,0.2877510289592826,-3.85547414018331,0.8040871431904814,60.09738415148209,52.882092513244274,1561.422,98.00890076318952
B0029,3.3923453388185667,4.200544725415334,0.28378264684487614,-3.8555734475773074,0.8065581072289093,60.02940147619038,52.87120880021078,1554.234,98.28772379624411
B0029,3.3840832974347714,4.193996290293578,0.29557775672163406,-3.854823111014098,0.8041122852580729,60.33090148423857,52.8949932373189,1573.734,98.81998774798592
B0029,3.3935243600466607,4.199807562252484,0.2778608617985344,-3.8279463752523526,0.8680723329327109,59.88870262903497,52.90577737967025,1566.578,98.31663902888491
B0029,3.388551594762018,4.199665175987453,0.28969993485103546,-3.851886221713202,0.812266629228677,60.13011665786984,52.85049305569667,1550.047,97.20523841131454
B0029,3.3876827466759964,4.200099273216301,0.29125471652900436,-3.8509488961783584,0.8150721558178555,60.20528139553767,52.93318563948955,1543.64,96.75974809706031
B0029,3.3850191492367943,4.2000806322388815,0.2950646361198624,-3.849366331322892,0.8176876487421766,60.24494659507955,52.91920185424772,1536.781,96.28353600605556
B0028,3.676492835528995,4.181907184700754,0.22950448875765408,-0.9970402880141495,0.9981246036068562,31.679728237853865,30.261078788805897,6515.422000000006,107.78711448590603
B0028,3.677932362103996,4.186798367560072,0.23120424643531434,-0.9969604106618353,0.9977750424608269,31.42728999177483,30.023214006195516,6516.219,107.7930004778574
B0028,3.681544140844236,4.186905629206883,0.22676660152566155,-0.9970702802711341,0.9979615036198038,31.694210133469813,30.21665562692593,6489.5,107.36508236720161
B0028,3.6819955552100256,4.1855363847405656,0.22676078066998084,-0.9973030888189302,0.9978646208050663,31.849947051821637,30.363564779968748,6471.25,107.0887109682078
B0028,3.6822366580622092,4.186483098548598,0.2275175269501176,-0.9974129863341045,0.9984918841286041,31.89197660091397,30.383708693138953,6466.672,107.02460312760738
B0028,3.6730621916612125,4.167593667891115,0.22347404128086867,-0.9966248234259864,0.9981374196310983,31.647839531181656,30.151543075778466,6410.672,106.01571437489253
B0028,3.6821638997402064,4.183182085400848,0.2219575282113289,-0.9963089849547179,0.9979003584816755,31.66717160096336,29.942877366572425,6474.156,107.03241395556653
B0028,3.6829104616020185,4.1836584764239335,0.2221508919996827,-0.9974947737184627,0.9983196058478356,31.543075306784417,30.159672019699293,6460.75,106.93846548853516
B0028,3.6830910997567576,4.186132992895621,0.22366693948702368,-0.9972667051793968,0.9979770769232353,31.63889282611546,30.18503729745987,6448.907,106.72110407962414
B0028,3.6823376400116725,4.18607245667024,0.2262456000716393,-0.9977254189629399,0.9981580317350772,32.06283964981591,30.557366977302667,6447.125,106.74000462915039
B0028,3.6779403019036363,4.177617061522188,0.2240136524309193,-0.9970949960183577,0.998319993857333,31.17821904490572,29.87809290999813,6431.219,106.41038122500332
B0028,3.6809827017477756,4.183570268917493,0.22681512973309234,-0.9972732896654729,0.99816682195631,31.830430244172504,30.329541918405045,6442.203,106.61282059395674
B0028,3.6821031308211283,4.186886063009724,0.22733951867519225,-0.9970037592871084,0.9977942776223837,32.176676996947776,30.67805955282036,6427.079,106.33587156745159
B0028,3.68119828344271,4.186431294608572,0.2285140973660483,-0.9977226887954374,0.9983050777472949,32.101579055970326,30.61748146501738,6417.156,106.2474493532599
B0028,3.6808780113914024,4.186605296553263,0.22875325592299398,-0.9976984888319611,0.9982514831945749,31.92722580084625,30.47693232752601,6398.907,105.94479634098903
B0028,3.6816453877057884,4.186411251128915,0.22729002061163076,-0.997566184368524,0.9982545086673889,32.17577171129977,30.59851621920085,6384.75,105.6965816484535
B0028,3.6751321799254955,4.1643364768914175,0.22079450943959683,-0.9970360820430222,0.9983916394099078,32.50607956309833,31.100240402928506,6284.063,103.97621662567799
B0028,3.6846266213857497,4.183279934429277,0.22205387217099318,-0.9969371531723805,0.9983757326015484,32.36361154404582,30.938169249041685,6370.937000000005,105.40607855232605
B0028,3.6832544826548084,4.185224082214954,0.2252386699806568,-0.9969974742534108,0.99828401789588,32.23987480909281,30.779624907003203,6359.812,105.22491467959651
B0028,3.6830019424524427,4.185772001736481,0.2251392448807387,-0.9968197698794886,0.9983464767903466,32.1209393902127,30.70960684046627,6346.156,104.98125321192686
B0028,3.682514927726665,4.185968902546653,0.22523217093330036,-0.9963445930927353,0.9979942090054014,31.876773372691297,30.47705959403915,6328.172,104.63672169648123
B0028,3.6802726203570852,4.185740020171981,0.22904080229020754,-0.9967865142227076,0.9981985988901669,32.13891568195097,30.54925924889458,6326.062,104.64787901558242
B0028,3.67908706723787,4.1838351172655095,0.2267070649966994,-0.996914300528855,0.9986076409935627,31.30995086456362,29.858081061792472,6352.843,105.10460649246285
B0028,3.680942088612725,4.185613308228973,0.2258002146200525,-0.9972513551873874,0.9986728176957087,31.44390039724308,29.927497513672723,6309.172000000006,104.419529214693
B0028,3.681439648314102,4.186072517005326,0.22411248036516648,-0.9970973800951103,0.9986101959156685,31.383820135357173,29.887309173794996,6284.297,103.99231491744825
B0028,3.680615489022298,4.186079245979765,0.22513850200267244,-0.9972667201815385,0.9984542038634083,31.360116664622662,29.974612767860144,6265.969,103.70772328814084
B0028,3.6776600467841285,4.185739001637966,0.23023079529174612,-0.997266880260863,0.9986551404034234,31.44534438395542,29.928807475767645,6266.641,103.71821926499128
B0028,3.67453404625628,4.167590440976821,0.21985439649014396,-0.9969394063653589,0.9987643777858008,31.550251048213177,30.029795182593666,6198.75,102.56397890933285
B0042,3.4614155612128847,4.186140431282269,0.27088387297605054,-1.8939211913974323,0.4729968526298085,36.71744985096319,30.57466734048236,3360.922,103.24958278057346
B0042,3.4852386922159138,4.187001880186287,0.2518000459578476,-1.919584179064593,0.4215739578666865,35.70113647811508,29.95773352180402,3289.406,103.41430576893703
B0042,3.488650146996854,4.187021318592124,0.2551536628914204,-1.9414451091961449,0.37099311666939444,35.604456217007545,29.657371849977196,3244.797,103.22105589128168
B0042,3.4946031502677606,4.186893543931745,0.2470970427706139,-1.952411218384564,0.34205309356718466,35.76285352997919,29.58111945436258,3211.438,102.74979795284627
B0042,3.5041466859903747,4.187506351946306,0.241284878242549,-1.9696086717857546,0.29005707592880886,36.007677297437105,29.852452033753185,3175.594,102.85901907790931
B0042,3.511927235956774,4.186160728297307,0.2399055527624708,-1.9934476128094072,0.19372789762716217,36.26317829568585,30.133153080135422,3121.672,102.05248373948987
B0042,3.509889497883845,4.185572306171051,0.2431706000487685,-1.9997503053848376,0.15927988180841984,35.7623078299739,29.740453708978055,3102.937,101.75254259938473
B0042,3.508503301766948,4.185230831091511,0.24100609851613058,-1.999585705561481,0.16014265454942803,35.6522927277619,29.503354124651093,3089.437,101.286075890812
B0042,3.5093738486555153,4.185842765241663,0.23562626410718956,-1.999480712152978,0.16107642052483087,35.46408341742395,29.324509292718897,3077.75,101.23046536393183
B0042,3.5046118772654107,4.181929749098425,0.2437213805837239,-1.9994501505976243,0.16135041910286105,35.57686579319408,29.22569193760115,3074.875,100.78671847400781
B0042,3.5095049490219234,4.185220171197086,0.23299583601284893,-1.9994421818851504,0.16237477410640735,35.388257294125744,29.238210532728655,3061.891,100.69786747349481
B0042,3.5050079933642877,4.185080917700821,0.24449715559821905,-1.999407899212143,0.16272072088758321,35.480764002425865,29.20609205353922,3058.469,100.2378139399403
B0042,3.508074728787427,4.184485186999273,0.2327124010323412,-1.9990854937416902,0.16366908303745992,35.44318242068533,29.183920322474094,3040.75,99.97969422182881
B0042,3.505745200469688,4.184791585601031,0.23844130712494918,-1.9991858462433614,0.16409293973060934,35.53526888191109,29.153714127894734,3037.641,99.87655386031963
B0042,3.5048985290607786,4.184774909668599,0.23964775920854997,-1.9989914019015806,0.16433289691966668,35.63389752973798,29.10632507144163,3044.828,100.10064149653834
B0042,3.5020910209596536,4.183886479555269,0.24538474639848673,-1.9988805936646044,0.165194123177359,35.59922975777694,29.126742424015156,3030.25,99.25461732983521
B0042,3.5056874475759354,4.185135902762495,0.2340863208377475,-1.9989238411502075,0.165877464355243,35.43687423276839,29.11535255703125,3017.578,99.18570920353137
B0042,3.501789524982507,4.1851821245426,0.24345294574465332,-1.9987415414363179,0.16644639609066786,35.61618852753751,29.12272547212756,3015.0,98.73139837212624
B0042,3.5025833976800564,4.1837159565353605,0.2379143615969756,-1.9984049924032652,0.16914951529938244,35.607533152172905,29.13774561916092,2999.454,98.5456196965228
B0042,3.5037983873679237,4.180907860399083,0.24150610209260048,-1.9987909313311893,0.16614978839190572,35.78017086282214,29.35747712988229,3054.859,100.41766952934452
B0042,3.5125233950658132,4.1839131722082135,0.23357809302433138,-1.9987942581899858,0.16704687659763545,36.29735151754127,30.058298726634376,3034.875,99.74600189942367
B0042,3.509324438333478,4.186499199755687,0.2464666052042417,-1.9986644728662533,0.16763860302468228,36.77407258413331,30.335552136245834,3030.0,99.57457658975842
B0042,3.507216525411572,4.185720302344454,0.24434168148465005,-1.9984721935924135,0.16846964759270286,36.6898808416456,30.22790176989086,3011.781,98.95967664039853
B0042,3.5055185795629873,4.183888714545253,0.23932643032427858,-1.9985308662699577,0.16928982362690695,36.474588298798025,30.04068826163031,2990.25,98.24865812914932
B0042,3.5041328171645443,4.18402917199016,0.23919937353889456,-1.9984054053915887,0.16995753555002327,36.53730084509967,29.995148407588697,2980.234,97.90419517064403
B0042,3.500597395262485,4.1826825462923845,0.2531189225298718,-1.9983882415644911,0.17000447301221241,36.91332213005366,30.299545316589416,2994.844,98.01441429453028
B0042,3.5042529973432037,4.185893529479634,0.249310861923334,-1.998374293478694,0.17057294293452885,37.19792815636057,30.68092451180232,2987.672,98.14638920567118
B0042,3.501278659398817,4.185186392104773,0.25144453953563206,-1.9981525515062306,0.17127497767205582,37.30788971906059,30.663435287795615,2975.1100000000006,97.3459171875357
B0042,3.501431066556208,4.184091250625792,0.24083274944593605,-1.9980383822206629,0.1721087273499587,36.91850317978018,30.40848004603748,2953.219,96.98674268281103
B0042,3.4934993616796306,4.185322505991986,0.25689707389370386,-1.9979232246026066,0.17246702022270763,37.047150483309736,30.239404481904074,2955.484,96.67480748833681
B0042,3.491928488990642,4.184033603294302,0.2553614697828466,-1.997803306177237,0.17269882247811183,37.11898525927804,30.138707501965232,2957.016,96.7172682495545
B0042,3.495727452779826,4.186164958491378,0.2513729443430945,-1.9980185647316375,0.17348280155757348,37.20592886199134,30.490922726298486,2948.219,96.43365560781976
B0042,3.491932625000706,4.18461988628569,0.25695981463463263,-1.9977650982407589,0.1739078235248923,37.36855348711016,30.52916769412123,2935.5,95.99232722016455
B0042,3.4900059195673445,4.184040894709915,0.2491431280424005,-1.9975731627964834,0.17501259640694927,36.95276259711366,30.179619049814637,2913.797000000006,95.63768866315432
B0042,3.487760577211602,4.184856050801538,0.24709080664050517,-1.9975539729276182,0.17561806799162014,36.815592394057184,29.93310245467766,2900.703,95.20612935676071
B0042,3.4820338003810947,4.183683003795162,0.25984811517974876,-1.9973829316274176,0.17580075623807537,36.96422627426333,29.855112852408766,2914.031,95.24483723693584
B0042,3.4857768989088593,4.184611325870051,0.2559032712560586,-1.9975492343534866,0.17643858023720138,37.23035953747147,30.257387669276046,2901.968,94.85788658009119
B0042,3.484962036012865,4.185413957037178,0.26244842222937265,-1.9975022770940793,0.17681801074504724,37.46832272742832,30.562785800580222,2901.734,94.84447578057737
B0042,3.4839596946536755,4.184723241072492,0.25974196744964106,-1.9973342947958135,0.1773872542519272,37.6505920814981,30.59004134732037,2887.407,94.3625433582858
B0042,3.479594890613384,4.182701394192162,0.25496671083548966,-1.9971237584867627,0.1784980284791295,37.16199226931662,30.190272809188617,2861.937,93.50714822516514
B0042,2.7052764231784736,4.181775825418943,0.310406432424863,-3.938418442736194,0.5934674788087447,36.86635295736364,24.18340292381302,1055.25,4.2227245426682805
B0042,2.679525148874618,4.178606054628232,0.3271122279216182,-3.9351759952435854,0.6068500109958984,38.12553242159685,23.826987359225914,1012.187,5.027088740442923
B0042,2.6791157950874176,4.187711795130632,0.33146736841656016,-3.9330339281400906,0.6138330900783614,38.33981699002702,23.77974968565753,991.172,5.043159346114898
B0042,2.671214412999543,4.188160354925031,0.34506378608512106,-3.931680950777038,0.6176461512730751,37.77196459678644,23.729074463498666,982.094,5.064143243601766
B0042,2.691575483192303,4.147325113187213,0.3187003779379441,-3.942868822909943,0.5808971142666591,36.82466507220515,24.093822128089528,1063.609,5.575005513783516
B0042,2.673911300416998,4.178007633870366,0.3303018249972619,-3.943133668889635,0.5812457222771107,38.55810679258891,23.99346261249294,1067.641,6.332885434971007
B0042,2.674532494466212,4.187777600667363,0.3500046778753059,-3.941238449762143,0.5872212631787939,38.71410921886447,24.134267829139272,1048.687,6.36119956921936
B0042,2.672674327169749,4.187801760321389,0.34793454955806,-3.940098411106424,0.5903619004446731,38.82770605774448,24.399198659580694,1039.984,5.637630554059152
B0042,2.795919785016863,4.187724346556428,0.35951719903755675,-3.895915337791737,0.722756335706361,28.576587463983174,19.290333517015608,687.328,5.644489724655503
B0042,2.6474329497500486,4.184585351637899,0.3352251589059097,-3.939911966880655,0.5903850036310007,39.82101597656743,24.88014162106386,1047.531,4.904397562164885
B0042,2.650103128820241,4.174370629404978,0.3339838684699153,-3.9391677500177606,0.593647708369434,39.40691039052945,24.484790248053308,1038.375,5.6850287631875185
B0042,2.6386351740397065,4.187149567075233,0.33883318946993723,-3.938160748076452,0.5966019413973908,39.34611379625948,24.324380281877854,1030.703,5.697367835138271
B0042,2.6415162059645665,4.186990272639876,0.35811048741592694,-3.9364453051464534,0.603407832845876,37.81632351305823,24.31173812149945,1010.765,4.95110856736667
B0042,2.6361490952131295,4.187147788668544,0.342714752755928,-3.9374486872527408,0.6000762295196203,39.87139328791911,24.798155128694976,1025.719,4.983082717095137
B0042,2.6207075351068374,4.18639765148157,0.3426070093630133,-3.9362749816753353,0.6035907085635384,39.50565821587436,24.477937441374635,1016.859,5.7485187132014595
B0042,2.609437196185719,4.171541055891453,0.3657871460538147,-3.9328752001842844,0.6140996208802836,38.61632478517865,24.426888204419104,1021.079,5.203827155219547
B0042,2.6133279392952935,4.185612994515991,0.34821672712857643,-3.9348711002995205,0.6069881522413141,39.5809379115645,24.529804368213707,1010.562,5.782646327330751
B0042,2.6084761921076955,4.185815228961297,0.36564713988134956,-3.9340089265905283,0.6102831574448517,38.80523939319278,24.521420210496924,1003.313,5.0409311196629725
B0042,2.602763654326182,4.185190800042781,0.34739889968499443,-3.9338909734981855,0.6104429746927178,39.65831560799121,24.626500323697712,1006.187,5.835330603712519
B0042,2.5909779927483028,4.185054518834841,0.36995988961334536,-3.933060350490302,0.6136417348814076,38.94866184020599,24.561944088587065,996.765,5.08714229207504
B0042,2.5818616349209504,4.168001002398225,0.34916693053039344,-3.932813311811252,0.6135511972249934,39.202440143533465,24.349376846518034,999.422,5.060006890447931
B0042,2.5894657078700765,4.184494029120111,0.3573638174468637,-3.931442483824809,0.6171178276724865,39.957340694247904,24.839628028264915,990.234,5.105902612393343
B0042,2.74324665969125,4.184245249283899,0.38641725223762724,-3.8726297778107583,0.7817023806279867,27.779193601334228,18.664216427377188,608.953,5.123171250991797
B0042,2.7253834676969557,4.188328512345139,0.40071338995291156,-3.866632309551034,0.7969077072517559,28.17217588027361,18.036688378070966,586.719,5.133804513466095
B0042,2.719690012340044,4.183150067115272,0.40355466440231047,-3.863052351120637,0.8045630634726565,28.019806483186763,18.05907472602224,575.922,5.145298074882219
B0042,2.615760645023181,4.146111713893696,0.3369987774983167,-3.9362026199966365,0.6036312868132132,39.575497528042895,24.76547773055195,1050.406,5.167787307773818
B0042,2.5894472814365503,4.168085841455298,0.3532558376205594,-3.935267346074326,0.60674144198145,40.52562745153084,25.247650848522692,1040.75,5.181874121878057
B0042,2.5730668910828003,4.183024595509789,0.36191459541957927,-3.9325874401041485,0.6137079699061564,39.732594757918605,24.850317398468412,1019.125,5.1735058488028995
B0042,2.7401588017218352,4.183194814686632,0.3898438523769816,-3.8727999832071216,0.7815988428752617,28.137335489275596,18.864531156596232,618.844,5.195006450779886
B0042,2.5703065006615917,4.187955458211665,0.3575633606255261,-3.933637026469155,0.6103758324122573,40.6472857322764,25.750153086607327,1039.547,4.4124506825121825
B0042,2.554774172450461,4.182683957990996,0.36231721029749164,-3.9300907584627907,0.6212481790795115,40.39876505346307,25.210180888220314,1004.328,5.241498436903328
B0042,2.5697706881943767,4.162514481062673,0.356305175808339,-3.930747740189577,0.6213196030375633,40.90163609300309,25.400612986280134,1005.75,5.250284530407331
B0042,2.5650203867450827,4.182351033163065,0.3590118699194909,-3.929501181608493,0.624697294300647,41.18900895779625,25.47246500800018,995.797,5.261159839687107
B0042,2.5498903733729468,4.18217351248383,0.3660357928761214,-3.92912394117899,0.6248477665024396,41.34432689728045,25.7066698253335,998.921,5.276369368322313
B0042,2.541309292458781,4.182212563987984,0.3738117875701572,-3.9284467564220784,0.6285326909315901,41.46126781944402,25.73079046383608,989.141,4.457405592608138
B0042,2.5322112945564674,4.182029042319134,0.37280882166886786,-3.9267682674435918,0.6323576454163659,41.26138545585116,25.610151874322735,979.203,4.470929613518508
B0042,2.5336398931006547,4.1594358105794,0.3666005614852958,-3.9278468443801544,0.6284205809779505,41.67057172451578,25.871001272619925,994.031,4.495939981643956
B0042,2.5300104336765608,4.181389260665308,0.3739004373214325,-3.9256584663973166,0.6363022378514612,41.18674777166984,25.600970602838455,971.516,4.498793833287208
B0042,2.5687661609629626,4.181131059409839,0.3923625325049089,-3.9058724989108504,0.6956723101143347,36.89985043885535,22.97283104775157,810.563,4.511583286310193
B0042,2.6667675405848916,4.183136931480622,0.4229059854579806,-3.863354268170434,0.8051904041908741,29.79153666326944,19.739623944709617,599.047,4.529811929487438
B0042,3.105121186216066,4.186858423852253,0.7327716184802326,-3.22393930405399,1.6985699313444969,9.15118085083689,6.0573358126113375,109.078,4.538730514237629
B0042,3.133556616526209,4.173229464797026,0.7018997616734778,-3.224483832257962,1.6991312753405203,8.639171556267463,6.452306826213871,109.171,4.552129851945749
B0042,3.175407439924743,4.182309477232018,0.7185368145090386,-3.1336357808131234,1.7770435657016688,8.36040279366827,5.8829411130714435,96.484,3.713137146174466
B0042,3.102016459243783,4.179128534299532,0.7319441908285924,-3.224095150373821,1.6985459771944957,10.13355592147926,7.141415346306763,109.094,4.538136082262385
B0042,3.1454428736631384,4.181278186068862,0.7516992113853151,-3.134890688113641,1.7752873287484312,7.825436879589506,4.976092805264432,96.906,3.719163771508352
B0042,3.1652602154514007,4.180985964629633,0.7306952758019835,-3.1337747765377175,1.775190823980245,8.862063004604039,6.411857494253951,97.015,3.7385348328146017
B0042,3.375833171038118,4.091725418867881,0.3035495162823601,-0.9606132638664066,0.2107415943609453,12.075623262738652,8.336150156814936,5608.781,85.8705370788211
B0042,3.4250125349211604,4.159841572444575,0.3127737799449189,-0.9944195894158236,0.11385176793342672,11.61044167945082,8.088311260303593,5703.296,91.05880717072444
B0042,3.427812476893316,4.180350451491815,0.32052511084613705,-0.9986292541736457,0.09352917038560707,12.416393344856289,8.108636077883194,5668.032,90.87517677845595
B0042,3.4260236276092266,4.180484652340476,0.32156877639528353,-1.0007710730973127,0.08159960414124065,12.741907914911504,8.179473273978417,5634.047,90.51711571129727
B0042,3.427137964017458,4.179828984428225,0.3163053781987297,-1.0029400958959638,0.06708945886701155,11.812176644627147,8.133323147997125,5582.375,89.85371217025633
B0042,3.4224753028837007,4.179688473119865,0.3197916532031986,-1.002976218809888,0.06721379993065847,12.77319183354637,8.221548017024785,5567.329,89.59842703073133
B0042,3.4137666152192327,4.156718320546126,0.31639252890085523,-1.0029036577307848,0.06752646817080865,11.714847602816857,8.196033184015116,5528.453,88.93310683350636
B0042,3.415284661394718,4.179126280631904,0.32262120505684655,-1.002852610333621,0.067780702853801,11.58953853216132,8.16363192494008,5513.39,88.45551805587482
B0042,3.411339830211172,4.178321190076967,0.32330166086478557,-1.002761137143926,0.06835689136898723,12.228023164640565,8.182297960881899,5486.187,88.17164452432313
B0042,3.406171736681637,4.177914160605347,0.3283790040327128,-1.0028500275234071,0.06824666386381228,12.995413081963957,8.239851195999249,5461.922,87.57396807167198
B0042,3.404061107280645,4.177668141485771,0.3290229852864129,-1.0027529355519171,0.06859592051685866,13.00690019959285,8.314381068196377,5438.157,87.1602534725746
B0042,3.392089192692739,4.153042890139087,0.3262092181098098,-1.0027471224260915,0.0688392292302154,13.003396618491456,8.203300249486228,5402.875,86.34653651510504
B0042,3.3962072676781316,4.176783274878805,0.3324761878137719,-1.0026619793717586,0.06897081127882744,12.802739574235911,8.252382764570392,5384.438,86.00994612835936
B0042,3.395827065629725,4.176835821672092,0.3312872743691575,-1.002740647957347,0.06941585682134349,12.748426837127605,8.247452041994245,5344.859,85.35073262382426
B0042,3.3924931276502397,4.1765571620332524,0.3307988247690751,-1.0027179745166037,0.06970881290879569,12.453422458173543,8.179356055314594,5305.156,84.46324915640551
B0042,3.389283502389414,4.1766999837334025,0.33148217794069773,-1.0026894950538923,0.07002895546533733,12.1691500239434,8.33800631225338,5284.547,84.5487109567273
B0042,3.377876069069322,4.150196439454072,0.3322352169765736,-1.0025103497063337,0.07020089635875719,12.726444405331804,8.293330795902381,5267.843,83.58341136893168
B0042,3.386987302997725,4.175707583064406,0.32930256444711337,-1.0024134076376698,0.07058910174117249,12.125723483812015,8.373136255476883,5229.688,83.37571359099775
B0042,3.3829130588839496,4.176508363415245,0.33233769386618744,-1.0024655689800792,0.07063646991978206,12.11350286924164,8.329037453715973,5206.954,83.19742685282264
B0042,3.3774651407729346,4.175329405348679,0.33771628980774465,-1.0024461693775724,0.07106645332489636,12.960410174687055,8.396128944133206,5179.062,82.06852466564156
B0042,3.3780934843236405,4.175181369358572,0.3312992684111992,-1.002355515867145,0.07144076081852176,12.4262328165013,8.43692173445999,5144.109,82.13852987967823
B0042,3.364163079749717,4.147372136171002,0.33390680845548804,-1.0023378437056385,0.07148806728052426,13.21754189086476,8.419794670115083,5142.891,81.6575726381548
B0042,3.3705853863809336,4.174822480867543,0.33671508512026915,-1.0021679698004895,0.07188073491995126,13.047668558877342,8.409805733876953,5109.734,81.0418536458713
B0042,3.366371835007897,4.174669508085626,0.34037966897149097,-1.0021759719497005,0.07220075962900015,13.073094195785368,8.370055044633526,5078.937,80.3277913925944
B0042,3.360943897156673,4.174072805021775,0.3420482028501437,-1.0021900129076768,0.07248047812156388,13.27910289077086,8.33428157906845,5051.672,79.88206296937015
B0034,3.1178767585161347,3.854275360971105,0.3541401512782044,-1.9933511025949644,2.0166044249777593,51.86748080848415,38.9583698209689,1819.406,44.55164438414859
B0034,3.3022762078952894,4.185182030297302,0.29138406641030906,-1.9787478556297067,2.0145754219106577,53.72590623785784,39.10734156415766,3260.531,99.28429818700057
B0034,3.3294991412960915,4.191235610410253,0.3037582154060591,-1.9609699675983692,2.014035111981642,54.1404555915866,39.20920805238827,3265.75,98.25495477477925
B0034,3.3493830070987887,4.190305001839791,0.31800877716552517,-1.9366251479989427,2.0134825355344677,54.22868210799842,38.936075977838854,3264.109,96.80013715605723
B0034,3.3541317530780055,4.190367874669205,0.3300326535330116,-1.9296993194196932,2.0134771559510907,54.17641516112459,38.60445981652459,3253.531,95.36735815683703
B0034,3.369692035482086,4.18989933406868,0.3579940159267992,-1.8861346839189572,2.0109875565708992,54.09745559724325,37.79484872719341,3242.578,88.73235691329697
B0034,3.3729072074215107,4.18599771136978,0.3597574872741259,-1.878796746756769,2.010608643909996,54.03810589370243,37.65277428767197,3234.625,88.79328715145476
B0034,3.376976361461993,4.191866541196004,0.3624910676172738,-1.8723916722187988,2.010137539978054,54.56296443841966,37.91666092404816,3235.36,87.80558619907157
B0034,3.3791099564139215,4.18853091556387,0.36557773781994046,-1.8590598981345452,2.0091684422985154,54.47381276284677,37.78228277348195,3236.125,86.99158171262873
B0034,3.3845619896694177,4.188375692870302,0.3652099515688095,-1.8455810936527006,2.008041626106435,54.157190141377896,37.58309361555109,3230.25,86.11909559022001
B0034,3.383128626739751,4.187976084521654,0.36915538867115955,-1.8444812955511094,2.0079666993066505,54.45256615419595,37.550522561172464,3226.078,85.83234106265728
B0034,3.386094893398142,4.185168395505227,0.36416816397607965,-1.8435378224723704,2.007743761025321,54.20147817586685,37.681954258546924,3224.5,86.3564633066814
B0034,3.3916477322319585,4.187927929507927,0.363431073384591,-1.8296929439731453,2.006561698513958,53.81393710497776,37.440274736517715,3222.188,85.53425289495674
B0034,3.3914152987340267,4.187886599518975,0.3654988500118248,-1.8286913393639905,2.0065122873738668,53.84994246144553,37.402773880575964,3216.546000000002,85.21272115012823
B0034,3.3964131813944722,4.186569652343309,0.36319182772056696,-1.8146752424570791,2.0051126923897233,53.61278420241196,37.26498054251946,3211.859,84.99555968050944
B0034,3.403051791482094,4.186557905906351,0.35343550094652315,-1.8075203268976408,2.004460181435159,53.35590902048553,37.570569601089254,3215.859,86.06246603584773
B0034,3.4002648970649156,4.184379902708746,0.3468685778622041,-1.8262934110095792,2.006353217055609,53.83102716771526,38.400250729227935,3225.125,88.80710329232735
B0034,3.402154252869035,4.187835929449723,0.33657028371271586,-1.8395285698527164,2.007640680686775,53.994059646351175,39.102942991019354,3234.343,91.05459012245059
B0034,3.407206655670774,4.187676357576053,0.3474756334571859,-1.8047483945772262,2.004323801504106,53.39429065914855,37.80351021576893,3218.25,87.37387653902627
B0034,3.404574250610661,4.186173516948595,0.35745211898802604,-1.7959916493195849,2.0033117558714806,53.38470633939791,37.356060000664904,3203.5,84.99524685466278
B0034,3.4067467727915552,4.183451670510337,0.3595867124925846,-1.781271140675487,2.0016368951382453,53.12872869294344,37.06076524279572,3194.39,83.92164513719928
B0034,3.327594909243545,4.171109136894672,0.29405325398719645,-1.9422323790824172,2.0138038998674657,55.80847324293826,39.94613025797719,3225.219,97.5298193282068
B0034,3.387012528508769,4.183529138373987,0.3333319536080998,-1.8688152377047642,2.0100646119510746,55.579127556921776,38.718351533776065,3252.985,93.6934465361809
B0034,3.3938481398345894,4.188330656095053,0.34727619200253435,-1.8406021933680257,2.0077971179571112,55.5590605953301,38.131331549186825,3245.25,90.48245854902783
B0034,3.4020764335853744,4.186643866753638,0.34792207461273206,-1.8125906145533157,2.004891498959767,55.43438713431678,37.90482918212311,3235.031,88.72448691124242
B0034,3.400466282848084,4.187573632919629,0.3524680611892458,-1.8110391962814834,2.0049580313468436,55.91432751133226,38.06681078125698,3228.141,88.4410041683654
B0034,3.4030809584663944,4.187294591248425,0.3494578276725217,-1.8097841749979178,2.00480697883509,55.78439633575717,38.24251669378549,3217.875,88.63537907402649
B0034,3.4070525055582563,4.183701675158018,0.3427800974277658,-1.8021093934434649,2.0040705007650055,55.819046085150106,38.56098530062726,3220.219,89.12447451854024
B0034,3.4060276994838254,4.187348905123759,0.3485541977871996,-1.800815649461131,2.0039247060813206,55.81813101636483,38.38922286871294,3210.234,87.99550552342532
B0034,3.408174888188947,4.186484904879302,0.3537418019137349,-1.7788779160462762,2.0015390921421377,55.50852980614408,37.90831705954933,3210.546,86.10100303098906
B0034,3.405126191511401,4.1865382627627215,0.3606991975404458,-1.7776506180150589,2.0011956442994405,55.810474269938815,37.78900459955153,3200.969,84.96585369580274
B0034,3.409764436063523,4.187164525329423,0.3542145497843636,-1.7757913058945813,2.0010759638110573,55.5580463265768,37.868460669545925,3188.625,85.20843905309509
B0034,3.410480218060336,4.185560165483177,0.34842657905000085,-1.781934305037178,2.0019255032497645,55.7456104997617,38.32719437027863,3191.735,87.18111566288145
B0034,3.4102489283524573,4.187111715287616,0.3529484912906563,-1.7740392922449235,2.0010277868378776,55.88273287086187,38.222749634083,3190.313,85.98291311147158
B0034,3.414435733868323,4.187953553733828,0.35394019682357425,-1.758159329896538,1.9990190259954221,55.52091947034592,37.708662488006475,3182.156,84.78452147260126
B0034,3.408669177651725,4.186573417418747,0.36079626905131507,-1.764462484778239,1.999768755883853,56.03798112972515,37.8703638417689,3180.156,84.32217467687475
B0034,3.4118322352896917,4.187350410759027,0.35697515905164995,-1.7624729823299456,1.9996278599898878,55.7872631992585,37.83489284744581,3171.953,83.88076750258826
B0034,3.412313772481234,4.18502843595743,0.34137758271628615,-1.7852228610575493,2.0023524151371745,56.29505678813318,39.269306296372,3192.172,88.00703184574023
B0034,3.4055246588869954,4.186257969039418,0.34418749570784896,-1.806117173524204,2.0047464432588464,57.203641711448896,40.1506450904851,3194.735,89.15095088706877
B0034,3.412772999015033,4.186398813067427,0.3408103727673851,-1.7898966673086716,2.003142022215272,56.48442346523092,39.44313364004617,3178.75,88.51590606119531
B0034,3.4159307513752806,4.185933256660042,0.3495334428573781,-1.7588595515353411,1.9992244013093492,55.71155596776208,38.29706396735563,3165.359,85.02486552507365
B0034,3.414462463305671,4.187334986366342,0.35464416514348485,-1.7569483309674612,1.998994194268084,55.725184853786985,38.00009263186772,3155.25,83.84526318583355
B0034,3.3922002422487143,4.176473851854755,0.3356470285708725,-1.8535542744661238,2.008954600372922,56.68734909187956,39.66453202372922,3173.766,91.75852560587246
B0034,3.3972119520639095,4.186547012412841,0.33598025344499033,-1.8469058434531274,2.0083620377692726,57.523569542125074,40.503647950320534,3199.485,92.21957482397377
B0034,3.4077342186972084,4.186836439169428,0.33791758824672014,-1.809719941535708,2.0050702546929537,56.64647124225468,39.602225792574906,3196.015,90.06079449608583
B0034,3.305027554247319,4.267804722238553,0.283178840580479,-1.951674467634044,2.0140845771239104,61.22071154968515,43.00893271743553,3595.281,108.7201127294162
B0034,3.3502911943233946,4.183147061073988,0.3273088379760373,-1.920877053556143,2.013257357300348,58.28488787096781,40.64495633031262,3198.0,95.1832443209479
B0034,3.378826251452736,4.186094144264648,0.34641924044154077,-1.8756315967870998,2.0105822754576277,57.592019665372526,39.63966215341089,3183.516,91.56460135607279
B0034,3.3905180732853615,4.1869069503681295,0.35096779925706834,-1.837523884399117,2.0076632200752913,57.28443182001311,39.16680148065847,3183.797,88.76605731528446
B0034,3.387526907959532,4.185562043793452,0.35191505251917193,-1.8376918380374707,2.0077761879017095,57.87208806126728,39.82254974386062,3191.516,89.76453597151439
B0034,3.3911818711119515,4.186540363518264,0.34181699007641697,-1.8447319494358396,2.0083826062896484,58.01475740778219,40.67552783597674,3189.985,90.79700368211333
B0034,3.390835631837091,4.182887718757515,0.3466408129862655,-1.8363552560101446,2.007840448767483,58.312052179468594,40.582538417129676,3189.734,90.2953586130804
B0034,3.396934021472626,4.183577669537621,0.35380759965598235,-1.804847667473282,2.0045573822951055,57.74556007237976,39.684346755235566,3176.016,87.47519270068719
B0034,3.3994906529891593,4.186336344550888,0.3550201360082226,-1.7965264889900276,2.003647041372724,57.59063118746153,39.47995207463314,3171.36,86.87869402257262
B0034,3.3981483429417363,4.184762302875813,0.36006141669570507,-1.7880255809187031,2.002715573743414,57.76023731619168,39.48992781243277,3170.843,85.60807425050695
B0034,3.3988819411159534,4.185022396532557,0.3556598767524084,-1.7944904482925368,2.0036287982860332,57.84385498440773,39.852310270589804,3164.672,86.56286970634196
B0034,3.3979295593430394,4.183906394520297,0.3482016505439051,-1.8100461507144519,2.0051862864681538,58.50818415025991,40.873690307547484,3177.453,89.3027285823663
B0034,3.3987236708202504,4.18478065365082,0.35231564460810844,-1.8015738065563547,2.0044022718968755,58.39804679399696,40.55984735939729,3172.375,87.92061474152618
B0034,3.4080267118315732,4.184572904357356,0.35751889261869363,-1.7534517505866212,1.9985733221486432,57.19671566450291,38.988662122088876,3158.406,84.19842958275528
B0034,3.407631378055527,4.186221928288161,0.3617463159027306,-1.7513221260920175,1.998291466451333,57.09358220904711,38.71511147644418,3141.578,82.79224093035984
B0034,3.407885887358127,4.185645972879193,0.365101378589832,-1.7425277851045473,1.9968801220000283,57.056434523826645,38.511498511820214,3138.187,81.37183777742841
B0034,3.4003875411941866,4.184966155089575,0.3575647441360872,-1.7826705089192836,2.002264638815254,57.99096942950453,40.112479285456395,3157.969,86.4321593240881
B0034,3.4076622967245975,4.181330176160959,0.34425343388744384,-1.7740815054978625,2.001328855790365,58.16328313862759,40.84012758949483,3159.281,86.9285202502335
B0034,3.4032529056881784,4.186951481965634,0.35507465637973745,-1.7809841749397886,2.0022104384617547,58.29542391419101,40.348969230016365,3150.375,86.14890576511377
B0034,3.406174357529073,4.1857251578423,0.36486444543179575,-1.747182095051256,1.997821250346935,57.375182540416354,38.95729074496056,3134.078,82.27546092503437
B0034,3.4049736944362246,4.18361645238679,0.3697643818088682,-1.73814436809975,1.9965825027105182,57.42041259082052,38.73711200799833,3129.797,80.86900509468873
B0034,3.3580774287935817,4.17325067272426,0.33409637440471635,-1.8824146171130414,2.01135903420885,57.71520595046742,40.231060876384255,3161.89,92.62972532796773
B0034,3.38250056099739,4.184028931910909,0.33308574575214545,-1.8524024614367005,2.0092822792763814,58.17136403259683,40.929553501935686,3196.859,92.95161318177152
B0034,3.390086865994553,4.185455613390746,0.34685000193734206,-1.826530681368946,2.007116071236726,57.753084428922655,39.993709319022244,3171.906,89.9927367032983
B0034,3.392978809154906,4.183582231077479,0.3599395825673459,-1.7929643530908497,2.003708777388001,57.5103657978898,39.1022619385273,3160.842999999993,86.25303953036718
B0034,3.400527096110287,4.1831604654402685,0.35912609070513846,-1.7679531131415924,2.0007362285794237,56.86348453612092,38.637036104045876,3147.141,84.47747553775048
B0034,3.4009920061492966,4.184589576893444,0.36363096900257585,-1.758494914822024,1.9999419770032512,56.97607576818629,38.457946337552535,3141.203,83.00504586381889
B0034,3.395963139634734,4.1839152437949645,0.3559391723260501,-1.791362432884086,2.003498216742575,57.956995411354825,39.988534225003114,3151.047,86.60121856951733
B0034,3.399629787670528,4.184717109573573,0.34757164660384293,-1.7913224989214864,2.0036405638325396,58.3663921180059,40.84025138634754,3159.172,87.67013958778458
B0034,3.3983167205445777,4.184251380689682,0.3611318712468133,-1.7734088198098006,2.0013999722110127,57.883249801186295,39.64173378499159,3141.047,85.35270747874999
B0034,3.398539512076107,4.182749347441237,0.3710619878165209,-1.7476951824023108,1.99816937199465,57.62604602919208,38.82196729294636,3135.0310000000027,82.2278524282059
B0034,3.4065465230061798,4.182152014334447,0.3666661959660648,-1.7290779932589337,1.9957233455533672,56.803768142247485,38.27601981086532,3117.984,80.72492958838757
B0034,3.4067781130872956,4.183323525954108,0.366329464909029,-1.72909022193074,1.995548206378975,56.88027382398077,38.30615482092432,3125.328,80.86899813889855
B0034,3.4044214192090116,4.18535045289718,0.36815742532365514,-1.7360856942372698,1.9966679962620906,57.11228470728586,38.50347850214561,3120.172,81.09136141369898
B0034,3.4020136665550305,4.182766239696235,0.3747697911581136,-1.7266849618679287,1.9953133219474428,57.23777746505438,38.25735173096823,3116.641,79.68497488741558
B0034,3.408929572366065,4.181823483700895,0.36673764656574676,-1.7171675465127403,1.993654707696809,56.79550408983589,38.29433048905591,3110.844,79.86686970298106
B0034,3.407512024075691,4.1857303262234575,0.36920574664774874,-1.7243425380133646,1.9948981407407027,56.74357378980126,38.19006452807094,3101.406,79.97619480668907
B0034,3.4012246723873063,4.180937577273335,0.37427823003175015,-1.7314023398283604,1.9958495161999803,57.1850535860252,38.32673773585545,3099.563,80.26761345160168
B0034,3.4019343263921806,4.185670680684665,0.37481145374050406,-1.7315370302816349,1.9960688998382101,57.13163600499266,38.326112920062165,3104.64,80.36043757685809
B0034,3.4080993396118826,4.184780807786567,0.36825043767469806,-1.7217927604432464,1.9947310850303024,56.68621589748299,38.2504483640825,3099.875,80.52454651628096
B0034,3.4012585484878985,4.184776951807234,0.3766580429795005,-1.728989688622418,1.9956680930422503,57.14457415944487,38.25522153140731,3093.25,79.87310758049637
B0034,3.400118948427692,4.184920385211051,0.37593601212950395,-1.7363791085179334,1.9966320060781153,57.28985408720813,38.4827926779255,3086.688,80.04829099361078
B0034,3.4044380735101045,4.181326694340018,0.37315902558622077,-1.7191649059489624,1.9943362542359941,56.90074118043176,38.208311929566015,3094.281,79.38199855475091
B0034,3.4027761465827293,4.184466822637345,0.374521508259097,-1.7265467227383982,1.9954572718247081,57.126183132620525,38.37963443029051,3088.328,79.57622827004153
B0034,3.407661438923026,4.185698992912854,0.36520921170027865,-1.726628901233422,1.995388567020763,57.09006956503022,38.847888287026734,3095.687,80.63968852333808
B0034,3.406219322901771,4.188177492671976,0.36090923946582715,-1.7439767424511525,1.9979037840818108,57.56129571557157,39.55793696996327,3102.062,82.51326082837527
B0034,3.403483836522725,4.181899265811891,0.3619668249274923,-1.7438949547598264,1.9977329313338192,58.12885115554352,39.995989656775905,3107.141,82.63711846147463
B0034,3.401643655881062,4.180083219210065,0.37419521077138923,-1.7239330841004026,1.9951384835515784,57.35750604508094,38.637111363644244,3090.719,79.44289654679251
B0034,3.401100143150002,4.1821779958572005,0.37875619418271567,-1.7215733668196036,1.994544901518876,57.07647448385972,38.17458507378806,3069.812,78.70121710778392
B0034,3.406245698013471,4.1841115419161925,0.37598386759347885,-1.7115169207570662,1.9933626206122568,56.56265009891403,37.84309122903104,3064.437,78.02437257030736
B0034,3.404609654515602,4.182953933920961,0.3701904747083956,-1.7218255733894667,1.9946542026581129,57.16856231635899,38.7849806497393,3083.25,79.92312884600523
B0034,3.3978374456616303,4.185231964742196,0.3728432468936498,-1.7464028089407726,1.9979754592978722,57.902838661735686,39.47058624854092,3076.484,81.00829992341329
B0034,3.3958647763622594,4.183603781291225,0.37289371039063396,-1.7536342273893653,1.9988442194223843,58.11517890209301,39.61654428235802,3081.297,81.5203897186344
B0034,3.4029256137765205,4.1847480185320505,0.3739159665679015,-1.726531730710585,1.9955458478899522,56.98035659049231,38.42381623938057,3065.953,79.66076676169624
B0034,3.4052852363977686,4.18481289618272,0.3746163296024134,-1.7162971244779048,1.994119648868468,56.67208442551173,38.11461669687029,3055.828,78.0032649971269
B0034,3.4007629589889867,4.182816385597531,0.3776587946222213,-1.7241037426046357,1.9950964726362783,57.04472631715234,38.33391837467718,3051.468,78.25259053269174
B0034,3.4011297944340977,4.182086976575588,0.36958503808959037,-1.734239204579505,1.996893034678366,57.64730160708694,39.42514383600653,3069.0,81.03464428841019
B0034,3.3993314164333626,4.181559459677035,0.36412993845781577,-1.7519633999941742,1.9990877726163834,58.29336025761747,40.315066740163225,3079.235,83.12021737776256
B0034,3.3981521617785853,4.182529313505233,0.37229461644284406,-1.741661014368029,1.9973640878921932,57.95445943311949,39.53448316157278,3070.344,81.40653678794392
B0034,3.4035091903916523,4.184076900714323,0.374494610907818,-1.7213520368201807,1.9948086409368204,56.91514213395795,38.37203224972586,3051.4839999999967,78.90864560792636
B0034,3.3990218794534157,4.184435637134828,0.3812468444656807,-1.7213249052728743,1.994911818188915,57.19634917626827,38.3101923015924,3054.812,78.09133347439361
B0034,3.4057934055092884,4.182198079486951,0.3737023442287748,-1.7112135934528914,1.993262617120496,56.74944920850043,38.27774779605142,3046.532,78.2765618803236
B0034,3.3956244120578263,4.18257252176705,0.3692120522102304,-1.7569109821992535,1.999291166755367,58.60834889757344,40.334191485925615,3071.782,82.20204073096072
B0034,3.400151892919731,4.184144535847567,0.3609593984432282,-1.7574723585820047,1.9999556944520067,58.69313490028398,40.79229920392578,3074.532,83.12494684972793
B0034,3.395401002342427,4.183745596310435,0.37214056285496877,-1.754566898095876,1.999292220131886,58.287617732907975,39.99900717802978,3053.656,81.52486216551624
B0034,3.3978188140801495,4.182564922322223,0.3775177446279733,-1.7345909430155575,1.9966803551406833,57.38456939785952,38.793911542282345,3031.953,78.95273533182308
B0034,3.392562018908607,4.184886457411625,0.3849778775123176,-1.7419815147499944,1.9972064078166893,57.58115209169171,38.67005005769116,3023.5,78.18190762183352
B0034,3.4017204105726306,4.182256888930097,0.3732509656497098,-1.7240295509078702,1.9952382185007154,57.13289738293001,38.826649526191886,3042.703,79.59725231729773
B0034,3.483606791060758,4.444767752853825,0.34395434292487526,-1.5139109254949328,1.951199282521044,61.43732341776916,40.05350414099234,4424.203,104.06692834653113
B0034,3.4027541068274787,4.182008963324631,0.3613250977679768,-1.7448643036753848,1.998086505092949,57.73883179659806,39.89751111071057,3066.766,82.26385114068891
B0034,3.399518032588874,4.183084128990252,0.3695778618370275,-1.7422768724138988,1.9978905406610379,57.386080612263264,39.197243061406944,3046.125,80.55641554796026
B0034,3.4048948132853294,4.183718969246597,0.36613308641441833,-1.731761904660173,1.9963009950714488,56.89633685865634,38.90698912730004,3033.625,80.63946902521812
B0034,3.3989458032986057,4.184086373500983,0.37297505761796523,-1.7394457190997812,1.9975623337541246,57.238769179765264,38.91493347992841,3028.562,79.96044278967022
B0034,3.402552549263599,4.180084668986179,0.36958468921004256,-1.7291852801439969,1.9959322381269242,56.92287178370967,38.753372299612906,3020.984,79.15746074527809
B0034,3.3917372089469744,4.182272685375916,0.3787642571958432,-1.7552053099717762,1.9991116957331807,57.63060311370659,39.091854428154555,3017.391,79.48469738547087
B0034,3.399163910018903,4.183571382297645,0.3728463956737153,-1.737147942355728,1.9971638232745041,57.01462861282404,38.79791433490267,3022.14,79.62011580271412
B0034,3.396151910618556,4.183893272585923,0.37578458968010653,-1.7450526641182944,1.9983135553001588,57.17373710163345,38.873425446921566,3009.016,79.63440692097363
B0034,3.3999185413871995,4.184006388641318,0.37311992397187926,-1.7341883809096077,1.9968806376659347,56.96912010183172,38.72429474171124,3014.672,79.22262144644878
B0034,3.397850235603045,4.181910454160974,0.3756170851043337,-1.734400276547127,1.9968121263360994,57.10359458618797,38.693927613601694,3010.703,79.07586986059967
B0034,3.399278705498605,4.181304092373182,0.3730976776162239,-1.7344615887918813,1.9967557214446228,57.068326741336485,38.83689474258564,3011.75,79.1335285110524
B0034,3.393991029909915,4.181467747221002,0.3787842671237286,-1.7422565015843707,1.99797391992986,57.42601185667435,38.98262569198278,3005.734,79.33482669530771
B0034,3.3920728040875394,4.184933925854431,0.3810216610259313,-1.7506020276231054,1.998905718250397,57.61101162387096,39.051031869034375,2993.75,78.51523762758723
B0034,3.3991110461098466,4.183605741258281,0.375451761957285,-1.7318011089547243,1.9965545360374177,57.13778358983724,38.79001119015603,2998.125,78.64065272610824
B0034,3.395190942431077,4.18498220766507,0.3797193868780284,-1.739970121407176,1.997748295374131,57.23603082155364,38.89401391225135,2990.859,77.89339241232446
B0034,3.3964846031258618,4.181710702444723,0.37136680351963663,-1.7427011000827153,1.9979873322882928,58.39093066235441,40.171574663158054,3024.453,80.83624033459593
B0034,3.394474869519725,4.184181072689387,0.3680772391618669,-1.7609977485305528,2.0004065707891527,58.90073826779548,41.03606365974405,3030.765,81.9022992592381
B0034,3.396433031795198,4.18330455406694,0.36917045325411524,-1.7510064310910844,1.9993714597545402,58.27129279916865,40.43961489235273,3020.813,81.0903347328083
B0034,3.391155270712207,4.183090426902681,0.38096358575592437,-1.7476615383639926,1.9982505141027471,58.03064804249352,39.651877682602084,2998.156,79.35773420578765
B0034,3.395487164367482,4.184001846460157,0.37875183161198767,-1.737132841849628,1.9975439648500632,57.376456720947886,39.179107326892364,2986.766,78.50388831428835
B0034,3.3795305779550775,4.173319870139646,0.3753056097490974,-1.7833514969895126,2.0026101806851315,58.48728985101988,40.11810121003218,3032.328,82.82114157548953
B0034,3.392303218262864,4.181768359109135,0.3630565095376203,-1.7701661084313476,2.0014381425125727,58.63748276638773,40.80596825835928,3047.703,82.83038378974823
B0034,3.4001334063326003,4.182301042571854,0.3648851280008112,-1.7401783923806775,1.9977494476062894,57.63608525053667,39.68459882372222,3034.968,80.9173922620556
B0034,3.393642423268678,4.178121720093713,0.3762844895774801,-1.7373219803903293,1.9974265048500965,57.60594379182819,39.35391690299883,3011.7339999999967,79.17189336010902
B0034,3.4010015677885197,4.181856458554027,0.37182930787422236,-1.726421739308256,1.9958899349807593,56.80159282025973,38.774974385595264,3002.922,78.35926355657408
B0034,3.400303147037451,4.183618050676316,0.3770901615783518,-1.7241986137944987,1.995361920125069,56.21047251769452,38.265844006523615,2986.718,78.02933122043696
B0034,3.4014259376568985,4.180694864027114,0.3666560276102828,-1.7352631240732406,1.997109769923509,57.153953136576106,39.68448087231524,3006.203,80.1433067847705
B0034,3.3937688197583187,4.184699791551839,0.37243993650485785,-1.7542912065406973,1.9992007363116018,58.22840707938393,40.52184920089412,3011.609,81.28275461118616
B0034,3.40281516420186,4.184264442346774,0.3689190235363038,-1.7326282784227318,1.9967947132906123,56.896536733279625,39.34384441360489,2985.953,79.43359008874859
B0034,3.402086089777065,4.1832269410899645,0.3749883885307952,-1.7211553304454028,1.9949678653099312,56.43024249534344,38.612144786286876,2976.312999999994,77.58858665007399
B0034,3.3974407926386454,4.18242247093296,0.37887788618762525,-1.7293251908726686,1.9963504200118096,56.60428484008346,38.61589548680076,2964.75,77.55185794627535
B0034,3.3900153291758635,4.181677931125044,0.381880256411887,-1.748688834226016,1.9984392252111407,57.47493245382511,39.405725006770766,2969.953,78.69825450438263
B0034,3.4000590460263824,4.184377456853175,0.36776076843114175,-1.7409400126466616,1.9981528211272062,57.43585109945852,39.93466601122023,2988.453,79.79818851030207
B0034,3.3987353103697178,4.182088306746119,0.36108184404119803,-1.7514562329904435,1.999548850993076,59.12207312090748,41.55493252456659,3001.235,81.44155002274437
B0034,3.3928187346829195,4.181101635503988,0.37451526718924294,-1.7489863545731503,1.9991871869867104,58.23289082409849,40.30936955838523,2976.234,79.63372608105212
B0034,3.3901374196096965,4.179766813903975,0.381302730860192,-1.7463412570660508,1.9988822720529233,57.69877961341635,39.63376472877464,2950.39,77.78317241448003
B0034,3.3844914074498393,4.180263086800403,0.388559769484855,-1.7543675539321288,1.9994125492280508,57.777112656377554,39.39726410153058,2941.719,76.97958502043396
B0034,3.3921220546792745,4.1809918219864,0.38309225999523394,-1.7346999432389851,1.9972771292777665,57.23966158430743,39.0556543100656,2946.969,77.06330783010496
B0034,3.389816955641987,4.181979956691477,0.3845416886275648,-1.7433417157972704,1.9985360933239043,57.39229514777536,39.19214857830457,2936.171,77.19070078310682
B0034,3.3881964986011384,4.1832960690677,0.38481908732908277,-1.7522140323058732,1.9998215807666986,57.49397345620112,39.3246784315448,2927.281,77.36997429009031
B0034,3.392372693620385,4.182349252301679,0.3823794025630358,-1.7406561651353165,1.9982490705081142,57.117778050999135,39.02095895366564,2924.422,76.64255182078713
B0034,3.3581270184036267,4.166622490761778,0.35163955826894916,-1.8482512574133536,2.0100992648381273,59.0081622348613,41.16886509114223,3023.859,86.94626274261535
B0034,3.3640532409111272,4.183046790056729,0.35829407438196875,-1.8493953640798928,2.009954396276788,59.53806687629183,41.53076127734769,3056.172,86.88241177600219
B0034,3.38037517618057,4.180727864826346,0.36089687051997665,-1.799535657719212,2.0055655464557773,58.40787633507069,40.35674808373947,3045.078,85.01604756878658
B0034,3.379746726032651,4.182665046607197,0.3714537890622084,-1.7883422605091341,2.0044123039131354,58.34388806897325,39.90529016402678,3034.25,83.17190850551468
B0034,3.383744830197482,4.183546703480425,0.37221535099649616,-1.7775400800465013,2.0029844258657556,58.00881689774913,39.6263343523975,3022.609,82.21760427629809
B0034,3.382914022586479,4.184556412259601,0.3722657342375585,-1.7773805764791353,2.0032067740462063,58.52325787492752,40.251117050644716,3028.828,82.48313739012485
B0034,3.378266732241365,4.183306721542989,0.37066407638902116,-1.7969239114736186,2.004464989774978,59.50837827191452,41.28365494023095,3037.875,83.66199980042143
B0034,3.386601516930242,4.186122527731293,0.3701796466376843,-1.7752050021088217,2.0028757544517815,58.58184665309335,40.27720417425089,3023.187,82.10245523304151
B0034,3.3873478555743035,4.187372242173173,0.3770147232298689,-1.763847205060641,2.001345616644025,57.97580640887124,39.458737885900284,2996.922,79.71024484439903
B0034,3.3839254722198504,4.194441292072135,0.3826586605863432,-1.7725760652080313,2.0025301237214044,58.05700140061033,39.29135666075848,2986.469,79.81800360998027
B0034,3.389334235413473,4.178978876708447,0.37916201579443254,-1.7406273194455324,1.998276942379412,57.78193242469556,39.19247737595363,2979.219,78.0571936688701
B0034,3.3898762516669514,4.180760079138194,0.37339879780049423,-1.7523330419103598,2.0000215265628114,58.20713739139197,39.892115077092285,2995.047,80.12516603818399
B0034,3.387534636174606,4.1815749331430805,0.3733937000121724,-1.7613727505178338,2.0011840518782824,58.6134064492062,40.35117578100876,2989.828,80.41480945603843
B0034,3.3867620663269333,4.182056202732491,0.37571409289264307,-1.7612926148605925,2.001084143529934,58.64476637032693,40.23284401135697,2989.391,80.33124265682943
B0034,3.3856540718379167,4.185552990507065,0.38219830202116517,-1.7587841210720874,2.0007666896328127,58.05107392892897,39.47675997912519,2967.2810000000027,78.59238795518698
B0034,3.380989577809656,4.185152280694706,0.38956874985965145,-1.7582529402290834,2.0004285940392403,58.291445432401005,39.32483875925542,2962.609,77.48151542199531
B0034,3.381603206447632,4.178887193827684,0.39040209425868366,-1.7466107935226565,1.99907397938507,58.02893221948005,39.06556270503843,2957.016,76.75577132362096
B0034,3.3826507314858842,4.18021178705338,0.38175250313202824,-1.758399711843396,2.000429576943233,58.80693345869639,40.25366972386004,2973.281,78.78021727109893
B0034,3.3872757037197703,4.185160711724249,0.37328494698337833,-1.76779626471083,2.002024203212701,58.770145898372334,40.60644361981523,2968.016,80.09353071333294
B0034,3.386339157278954,4.179746730828125,0.3781144675679345,-1.7560445058115577,2.000561868214461,58.49257429310864,40.11087407785343,2959.281,79.20463631740611
B0034,3.3808981042387045,4.185599509953072,0.38764646215318477,-1.7648997839310985,2.001644082058432,58.33204656703581,39.61213844688629,2942.797000000006,78.19032181238798
B0034,3.3749959210790252,4.169799130983922,0.3741597972887667,-1.7884175858149567,2.0042695716801013,59.3603280691461,40.95422192099372,2978.89,81.40700155892972
B0034,3.385047602248052,4.180217693900072,0.3775987518059167,-1.7651175661948963,2.0015271198619,57.712318998766975,39.368332915328914,2948.891,79.39329479277933
B0034,3.3857894711790375,4.179741845595007,0.3809121230018714,-1.7533361843271522,2.000184304179068,57.633102922228126,39.15337098937444,2938.547,77.45953042117696
B0034,3.380809465968222,4.181172769902619,0.38647928206835724,-1.7623544327636462,2.0014051320753774,57.87686984231968,39.243985033148604,2925.484,77.56225959502667
B0034,3.385818012946154,4.179417995861986,0.3831808515241938,-1.7501681024171156,1.9997545306354334,57.47417762924851,39.03574242025546,2917.297,76.6924758021977
B0034,3.3852891991053005,4.192681708507562,0.38116242815277634,-1.7716218211716077,2.002665638355805,57.69186868894567,39.362600417809674,2918.938,77.76968891340468
B0034,3.375861800258899,4.1874346087886645,0.39104486216350587,-1.7808467524862919,2.003363118290785,58.2351265327566,39.45158799429391,2918.25,78.17618861311895
B0034,3.3766457982542852,4.179967885403278,0.39371403163001356,-1.7593469071219419,2.000425369356054,58.159040648414255,39.280231448753895,2915.4839999999967,75.98688193894091
B0034,3.383954937211064,4.180528142405268,0.3873920608810003,-1.7475031987682161,1.9994296291257951,57.66508009332591,39.093994194844335,2906.015,76.21142676692676
B0034,3.3780729656424993,4.179166028461803,0.3929867768544127,-1.7569231795305056,2.0007928710691854,57.950977227160536,39.19231540051726,2894.14,75.28529703462215
B0034,3.386411304876093,4.18010360467577,0.3858390230726731,-1.744613516148423,1.9992133771059184,57.50629199129354,39.05035096355298,2892.031,75.61754388765344
B0034,3.3853753800263027,4.177719373483749,0.38655577242589645,-1.7445998152904736,1.9990800273963565,57.45114086897508,38.99238106302636,2888.719,75.60326283934441
B0034,3.3831949117830207,4.180691683259775,0.38831770802035837,-1.7538809660262522,2.000319019599429,57.51486337636169,39.013996139611024,2875.641,75.5888313539564
B0034,3.370377688846256,4.184107730812699,0.3986793770569706,-1.7847975615409868,2.0037586974909227,58.24937682662199,39.39352264576831,2860.7810000000027,75.63496647269763
B0034,3.37385872825505,4.19339113872627,0.3932799910732357,-1.7952150007705359,2.005471240922586,57.97580626211991,39.40321172109691,2852.844,76.85864519874916
B0034,3.3788676910292508,4.184650326377129,0.3903492327141091,-1.7732811378527673,2.0029411465550484,57.6936935982226,39.209002406361016,2854.64,75.85394287601159
B0034,3.3775187954558987,4.179142866728917,0.37625564781463516,-1.7981891817251408,2.0057050874436606,59.714275603056464,41.7029996329405,2897.844,80.3905344703592
B0034,3.3764102425962137,4.183823497630528,0.3797295484996648,-1.7979821246857843,2.0057907295525954,59.59622829096066,41.54042703429465,2896.063,79.35756831301448
B0034,3.374457339617825,4.183386852109095,0.3862040290856252,-1.795586068723611,2.005611167720046,58.94389183765572,40.70765268927143,2866.234,78.36271885325814
B0034,3.369493571122545,4.193391153250369,0.3927708991049984,-1.815444212082474,2.007341437175509,58.684673836382025,40.21142863220933,2836.609,77.35303247887377
B0034,3.3671763894263442,4.182734512107648,0.3970094202787979,-1.8021484216322963,2.005889548177888,58.63989407541342,40.0046687891377,2829.516,76.46518142237151
B0038,2.883239659655731,4.053116638334503,0.2714681375079095,-3.952127452371893,0.5555387706574639,51.693778100061,38.8265055747093,982.938,53.63762921963857
B0038,3.171331675099785,4.1851064801192095,0.39146555138677125,-2.99722690705762,1.763153005343104,51.136880141242045,40.496516738152486,1489.953,65.8556118104179
B0038,3.1803732612872655,4.18694152805074,0.39291497885443455,-2.957884019744667,1.7847327131649924,51.3517572303697,40.3082686076966,1479.703,65.01684901717253
B0038,3.2014600077361552,4.187310082648276,0.3945157941745048,-2.890891500138237,1.818631844296714,49.541551118224994,39.93347404849829,1468.172,63.38899702221457
B0038,3.2011146598082543,4.185977695675653,0.40186603525991565,-2.875691989787786,1.8260004298249077,49.94400434434952,39.949996492029705,1457.0,61.79915628115143
B0038,3.1928056969575156,4.187105297284753,0.40756316177387675,-2.899456239004,1.8153665219019095,50.47284162905345,40.03056196708513,1437.047,61.33876540025205
B0038,3.0561380160526412,4.18045914385637,0.3182473291299143,-3.65723892716497,1.1703474902694635,49.83589725328242,39.44913263410249,1170.531,64.4149145795907
B0038,3.181450544509047,4.183492564102866,0.39531273885441603,-2.9674515029911404,1.780246852499014,50.058224679961086,40.058567746287395,1436.141,63.542180791734324
B0038,3.1927410490834576,4.186120317256443,0.394432860852678,-2.9319888511060146,1.7987300203627612,49.70254627455938,39.916070861462195,1420.172,61.91555782276208
B0038,3.167665290347624,4.185843165124554,0.40220013391913023,-2.994495446145827,1.765767055180857,51.35429552288885,40.27645391572808,1397.0,61.57429409114788
B0038,3.1781927267469925,4.185966509890458,0.40535515038930675,-2.9580193436340854,1.7853447679375913,50.44246795838984,40.1754669430076,1393.25,60.562956493720975
B0038,3.1613474600189155,4.186351056855524,0.4080928150873494,-3.001260117107958,1.7618279238863483,51.33205933952721,40.41336717515726,1380.938,60.23491835572127
B0038,3.608926624109929,4.177730241404494,0.26642041610054423,-1.0022813853258807,0.0689227599880716,49.52801806570102,44.29688064198706,6375.828,104.03867720773172
B0038,3.6118191487524745,4.186620638463225,0.27276800455024974,-0.985523491989515,0.1455420693840391,49.28701938671706,47.195451017988766,6574.671,106.29736703218626
B0038,3.614149636005495,4.188933311711306,0.2710677748063214,-0.9870171236405828,0.1407580989208313,49.17905905171433,47.146072926598166,6571.156000000003,106.4063538186493
B0038,3.6144683724527336,4.189402399305119,0.2706385584470085,-0.9884125593394552,0.13568592933924223,49.1809104842522,47.127641701986995,6569.11,106.5209880915559
B0038,3.6165883435722845,4.189825570933335,0.26325490575812305,-0.9883512949484963,0.1360629380348572,49.05688408240341,47.09918641441624,6558.75,106.69749164237754
B0038,3.6160610851845387,4.191065310739852,0.2653801190050024,-0.9884509077751611,0.1364257153988109,49.13032050804125,47.133209565495285,6567.516,106.6711282078731
B0038,3.6257089708628913,4.18123625379194,0.242449480692392,-1.003966417823918,0.056840693623248034,49.23198595690627,47.15436113022586,6430.172,106.13076161479698
B0038,3.613285312724596,4.185716420658905,0.26650862300631034,-0.9879674131883375,0.13720339497202227,49.16417337699806,47.16342394557887,6554.327999999994,106.39812871364293
B0038,3.615119723068455,4.189329902417763,0.2644581993999677,-0.9878892583593684,0.13737058764579832,49.04035070342245,47.142139947358636,6560.922,106.66787410868668
B0038,3.6158365688729885,4.189967846272303,0.26226897970091995,-0.9878187430421663,0.13769357570092997,48.97912041843542,47.07812277465954,6559.047,106.62386494126946
B0038,3.615503145763947,4.18974503175606,0.26188786392564317,-0.9877368963424067,0.13807510191006442,48.978872169562095,47.07326100880017,6553.781,106.52759691646025
B0038,3.6139392243174577,4.188353739927258,0.2663090638476673,-0.9892953816503839,0.132783790840198,49.04045996790738,47.08146790123274,6540.187,106.29357175930284
B0038,3.61791112455575,4.1880636486598535,0.25578580789784267,-0.9906537351245918,0.12694709655668382,48.95885334502884,47.087615537529175,6535.922,106.5582753037698
B0038,3.615792342161085,4.18971330698209,0.2612087400255614,-0.989093271752985,0.13311955253445096,49.01777260309724,47.09422579980021,6544.078,106.51007463288231
B0038,3.6151540820598718,4.188131880621521,0.2606059423999587,-0.9890153352338132,0.13369002572915806,48.99249018111872,47.083185115341905,6531.187,106.29000603215759
B0038,3.616195897791123,4.188924695577913,0.25757546423636,-0.9888803362572581,0.13400222151989308,48.94618497316047,47.06402084308688,6528.562,106.41188463914509
B0038,3.6135506508279374,4.187542870745614,0.2634637410063976,-0.9888372175373165,0.13429646815237853,49.0209427982368,47.07142767555465,6525.187,106.16891196432358
B0038,3.615401963428833,4.1857951584704445,0.25764716062296544,-0.990311695204241,0.12833190597493865,49.014180829264426,47.094941474493815,6515.938,106.17552674336103
B0038,3.6125287354843514,4.187443417451479,0.26555233247950444,-0.9886847879265132,0.1346928534717366,49.08755174393166,47.099513351069206,6532.015,106.25035660090943
B0038,3.6160020417093457,4.1900372622396045,0.25975802406342796,-0.9902725483840611,0.12875563406697943,49.000307836809725,47.07452189489319,6527.922,106.35909494691293
B0038,3.6145930156040587,4.188861157517333,0.2618570479596698,-0.9902807469221099,0.128995216768698,49.05042538685695,47.12153419194554,6519.328,106.2181376872314
B0038,3.6166641442341034,4.190060028748116,0.2585332615912423,-0.9919115001416685,0.12297493415898729,49.08198729235301,47.15829653400459,6510.063,106.25170809225865
B0038,3.616763225911199,4.187583021759709,0.25743412363998547,-0.9933993302020114,0.11634346593636109,49.13279687311376,47.161612217353984,6501.718,106.2678667284696
B0038,3.6149940792944446,4.1891099360693005,0.26120700431715,-0.9915864068538185,0.12351252365974966,49.13552693190528,47.155567707969865,6509.047,106.18858143949812
B0038,3.6159145027179576,4.18915400521565,0.25796097107129023,-0.9915566919647096,0.1238402683262109,49.04172173314357,47.13225621283967,6502.438,106.26661877766932
B0038,3.6146610547862235,4.188887533318818,0.2609096269136571,-0.9916693008676862,0.1239758747434409,49.09468753497383,47.13346886842004,6502.047,106.07766821617639
B0038,3.615082794707677,4.187944942179681,0.25635423939385604,-0.9899169847459927,0.13096520260558084,49.057064718364046,47.176385542899524,6498.86,106.02036120280162
B0038,3.4389023365216986,4.182064571336064,0.24326867123504123,-1.998396970742944,0.16931968968156869,54.42193934195762,50.154407994251926,3162.047,103.50947792672216
B0038,3.437169559941295,4.186725946685351,0.2535131328346398,-1.9984033983725646,0.16937805856056998,54.61602412701822,50.1979427615177,3173.141,103.89323007836173
B0038,3.4370308930893247,4.189706586585002,0.25550569337229756,-1.99868797664225,0.16976168224793284,54.621843575697525,50.18895736512512,3169.844,103.79272002560344
B0038,3.437230626486004,4.188139594837195,0.2513685673717057,-1.9982781324264294,0.17017040460112698,54.57283441287881,50.178407502665095,3156.563,103.32815165690634
B0038,3.4363115548278413,4.189030830558383,0.25382935857792155,-1.9983559715990522,0.17055484431617157,54.65884815489962,50.182509844874,3155.047,103.26916065490015
B0038,3.4394075704239655,4.189306425000166,0.24381942086518604,-1.998333813768599,0.17103678264820057,54.51993729622157,50.173666427799,3142.312,103.24328926268265
B0038,3.0455602167949416,4.17467236177005,0.276868792608173,-3.967012008013358,0.4995907205261106,69.28796559754325,58.41948951650429,1485.047,91.12671103204568
B0038,3.0241360171924403,4.186501078488458,0.2792511767316262,-3.9673854309358183,0.4995473605030099,69.86974573152932,58.954810986890266,1489.313,91.39002671343786
B0033,3.3726641134399764,3.6772190710694974,0.30634950789794435,-0.4032887109837347,1.20780902927711,34.973341925251844,29.26541655615828,1819.406,4.086814101358822
B0033,3.7179953044661613,4.191105953862248,0.351519187146712,-0.8109495942196224,1.6144484682277607,47.876225604831575,32.82332257180906,3260.531,41.18544745035999
B0033,3.5247388250090337,4.19762922160552,0.38532641019993646,-1.3467063374074053,1.8976749985413672,53.521374145800095,35.79329539654299,3265.75,69.34728118690761
B0033,3.489168398195939,4.199816411135521,0.3818428582104298,-1.4664895935962652,1.9382456635019942,53.59969491765948,36.38266836733648,3264.109,74.83340827591427
B0033,3.4703882503796533,4.2005663942344365,0.38439019183495776,-1.5284631729967968,1.9549143508950892,53.81770081109488,36.45901475182769,3253.531,77.81845011034372
B0033,3.453967625388434,4.200743805234223,0.3907985854055647,-1.5665630077013475,1.9636849155675091,53.57104302015468,36.279780573622936,3242.578,78.95081975569879
B0033,3.4578247593455274,4.197576934147749,0.4090336253835544,-1.5273103379999617,1.952188411838041,54.60856796915766,36.16552578493363,3234.625,76.95549128142237
B0033,3.209334990541558,4.20050246544483,0.3346473052763693,-2.081391887401403,2.013349071971114,54.19146373008866,39.93652051985124,3235.36,102.32123702762483
B0033,3.2871463464425337,4.199260915072752,0.3420253749196088,-2.0319336640836947,2.0143443425385885,52.93433121063188,38.25328053802186,3236.125,98.91249982518809
B0033,3.3197461384202485,4.200453230054564,0.3471792806668897,-2.007342900413476,2.0146826109204343,52.5032036116964,37.62899446299115,3230.25,96.74043744597387
B0033,3.3333097880411087,4.200671023041403,0.34835447982855144,-1.9948389441406584,2.014872576987479,52.17652816361563,37.32713409422701,3226.078,95.84012811076549
B0033,3.335992217657965,4.19613941105053,0.34314906991892163,-1.994851949410258,2.014675968802392,52.04937847239831,37.40237649452651,3224.5,97.08925343794618
B0033,3.3499333575510475,4.200736119460894,0.3483540819704434,-1.982103275692543,2.0146314958883123,51.73549267436528,36.99574275414158,3222.188,94.97056827082369
B0033,3.352100511151755,4.199983318886737,0.3522602383325015,-1.9816298756157713,2.0143754570004284,51.66117418178819,36.85780455256667,3216.546000000002,94.00560053043067
B0033,3.364435103530164,4.198997952942716,0.34750421966199346,-1.9691328896327156,2.0144026426078367,51.20270858784091,36.6450177655176,3211.859,93.83777595634602
B0033,3.3619403221625435,4.200390681379551,0.34371856613760393,-1.9747683237565223,2.0143321556711435,51.54633126076106,37.06472736671567,3215.859,94.9510906171952
B0033,3.3654741602580085,4.19244756297013,0.3290407092260201,-1.9682317715937605,2.0142241123386,51.68734548388082,37.66051476409482,3225.125,97.09928149317317
B0033,3.3663272801721305,4.2017771251555125,0.3199436035889107,-1.9814766540711188,2.014609886203124,51.806645557310055,38.32310986221148,3234.343,98.68876252242639
B0033,3.377217174172977,4.201164004146235,0.3314869981371732,-1.9615148467447636,2.0144843895425955,51.0135246257672,37.01126182016035,3218.25,96.42101781484183
B0033,3.380792043459977,4.201517882926393,0.3365751854561237,-1.9543536128625176,2.0142564375792213,50.612625791907234,36.45751890099188,3203.5,94.78409106651264
B0033,3.379892729676732,4.20178668140198,0.3396532312865974,-1.9543735971035472,2.0139819946593014,50.4762319652216,36.24583239287416,3194.39,94.47715908877193
B0033,3.3335163148815434,4.1779630595627175,0.29027121418456664,-2.008024980015611,2.014805953110965,52.80944186421341,38.88044910257506,3225.219,101.05549458636858
B0033,3.35231211831231,4.196973763278454,0.30831032051658647,-1.9876053283446151,2.0143292791185843,52.001298745862094,37.68662439550755,3252.985,100.81488363340878
B0033,3.359089419531549,4.200398891523595,0.32107641770513845,-1.9736296482799287,2.0141687555503407,51.65598739515965,37.02885798715912,3245.25,99.06334590557418
B0033,3.3667293867076395,4.200117032191553,0.32414208658893173,-1.9603089116784294,2.013819479994567,51.50939532095622,36.84829116229335,3235.031,98.0716269531705
B0033,3.376711639438572,4.199696801054791,0.3218890305113085,-1.9466374008279725,2.014209141245925,51.25839715822789,36.78338270641005,3228.141,97.84246770487577
B0033,3.367781888938211,4.199468615978848,0.3269708600953183,-1.959191352221616,2.0135388930217184,51.77188968997154,37.1454352740502,3217.875,98.08783353163906
B0033,3.3728392448665945,4.1967559287812986,0.31888987401811475,-1.9525734623288529,2.0140014863532034,51.73759469619592,37.43950673452506,3220.219,98.6242726417412
B0033,3.374002354868022,4.199575185389948,0.3241178895292552,-1.9519388696631121,2.0137132138854588,51.61243426951156,37.21232307005263,3210.234,97.51247106969623
B0033,3.372312698394194,4.199545032445997,0.33349777206855014,-1.944321269342409,2.012992089664096,51.546238399221565,36.823942592131566,3210.546,97.12024148040275
B0033,3.3827767161652114,4.199505571389485,0.33012971984914957,-1.9306892906025632,2.013275115924137,51.03143629880169,36.46405070511895,3200.969,96.03564115043207
B0033,3.375532247108578,4.199241343123339,0.3348079651755557,-1.9434335891264498,2.0130217325983364,51.41437811978397,36.76266900330653,3188.625,96.31078909604712
B0033,3.3809635204151607,4.196166399561636,0.3256671740792387,-1.9370016811131343,2.0135524123521185,51.44638168113912,37.105629207043215,3191.735,96.86638122690083
B0033,3.3849609857132434,4.199389890561037,0.3276255481394452,-1.9294565493698395,2.0132605916956035,51.30248392082844,36.92446822577901,3190.313,96.43073090626619
B0033,3.3815674619499325,4.199342510279409,0.3366213934986797,-1.9282533581562027,2.0125693580266866,51.29496206472584,36.60695698382364,3182.156,95.28706746865149
B0033,3.385185787754866,4.199371542863236,0.3353039637243563,-1.9211152251549157,2.0127197878378307,51.186634675664926,36.55039143131212,3180.156,94.82887196847449
B0033,3.386460424025938,4.198739953896501,0.33543862277761805,-1.9205487390114635,2.012877721508022,51.18261676158976,36.58233147774771,3171.953,94.43824744797081
B0033,3.38478424054856,4.196658469661701,0.32324415766624987,-1.928157401644312,2.013127296840867,52.16803502599322,38.03675863150647,3192.172,96.32907425811248
B0033,3.382889233805488,4.199179844744276,0.32076683677375734,-1.9349668442210473,2.0131760272117796,52.74767841756611,38.760697217070216,3194.735,96.75574702936687
B0033,3.3844125991586744,4.199367783528825,0.32688255763204077,-1.9341884259387427,2.0131623800322656,52.43795613968632,38.235160610115415,3178.75,96.15562462328437
B0033,3.385796894558174,4.199251268298133,0.33786485239244524,-1.9188525560254726,2.0124704706962775,51.81197793605918,37.20770413073148,3165.359,94.19418770394955
B0033,3.3829095031701564,4.199383120313636,0.3453175190459955,-1.9177244980858124,2.012074878905431,51.73653410504897,36.9160184906247,3155.25,93.82162426704645
B0033,3.3669463001908237,4.1862894653699865,0.3196883807887573,-1.955575681668958,2.0141201478791064,52.54160752520686,38.272310782775065,3173.766,97.12438190746488
B0033,3.3716190861386144,4.19649142433425,0.32269824723413887,-1.9478198159800646,2.0134560602985414,53.32326193954195,39.1034201890991,3199.485,97.64130469091619
B0033,3.383250579221141,4.1993042516227,0.32823362903924014,-1.9259112286553688,2.0127511714714963,52.66626648084271,38.33805950325132,3196.015,96.26117161995089
B0033,3.3541040884435995,4.297261420299437,0.2874121371439623,-2.0032895520905885,2.0150299581964783,55.391416850220025,40.78203629126505,3595.281,112.59241640103188
B0033,3.363721350351351,4.196439332501794,0.30937653146286825,-1.979333360750941,2.0148553856260443,52.73529025292928,38.52395699562303,3198.0,99.05578981547032
B0033,3.366918878823245,4.198801406927717,0.3277958024394289,-1.9635759174250933,2.0141755043149434,52.530629852108135,37.84185542205372,3183.516,97.00679351194191
B0033,3.3760336978502696,4.199283799066005,0.3308361947421618,-1.9412525646606564,2.013883015510242,52.2186933985822,37.464100471383695,3183.797,95.81123770548551
B0033,3.3722882262741316,4.198824744163288,0.3293365663015828,-1.9409306611824064,2.013416366880697,52.72731536294026,38.110532137074216,3191.516,96.0399640019676
B0033,3.371464716917886,4.1991786619721845,0.3206818886340704,-1.9482858308608435,2.0139045305435284,53.20573413452146,39.04860411133125,3189.985,97.09553884930628
B0033,3.3745591325939,4.196322805258936,0.32276010570397495,-1.9406336588697692,2.013745365407759,53.164414772235126,38.882226863166906,3189.734,96.61519332330141
B0033,3.3793714907223658,4.199012202779581,0.331238286831147,-1.9251256018615566,2.012956533210448,52.600411784093296,38.10273900805949,3176.016,95.401936473518
B0033,3.3812950636091506,4.198460705965928,0.33319810150493845,-1.9170834321948271,2.012985865288145,52.46865748904612,37.915376799712824,3171.36,94.82056537466678
B0033,3.382171233915879,4.198803103697235,0.33559926699529397,-1.9091378265076395,2.012296459369827,52.40979732740365,37.92480929373238,3170.843,94.38263891594336
B0033,3.3795623822599756,4.198672374221831,0.3347222039655111,-1.9160969808869277,2.0125409830030323,52.83404254463567,38.34698157796738,3164.672,94.54888875524072
B0033,3.37961009118628,4.195265814954276,0.3274557045473725,-1.9162480832673106,2.0127449252246237,53.60145197534956,39.30988108210959,3177.453,95.7241439084167
B0033,3.3842875440340876,4.198697754700443,0.3289433786988098,-1.9085281127715084,2.0128033157242164,53.25152711755672,38.964980792259276,3172.375,95.14820527724103
B0033,3.3822784871834886,4.198102779366344,0.3451538867291114,-1.8916136445674485,2.0110757170430724,52.64070518740206,37.72135386687406,3158.406,92.2704706771361
B0033,3.3814602813053565,4.19847889707735,0.3493256655073447,-1.8905533567609434,2.0109144454713883,52.51312011499367,37.45856152891539,3141.578,91.69291680179785
B0033,3.382560441964418,4.198444396938235,0.3512191730964069,-1.8823068188002856,2.010593640629785,52.3982280962388,37.2659552140469,3138.187,91.09857307955532
B0033,3.3801788533503028,4.195342051626477,0.34344396051988346,-1.890547939656295,2.010889286407483,53.455944890050766,38.74887799470947,3157.969,92.93106320537005
B0033,3.3800922874688264,4.198552819065784,0.33742773324266107,-1.898085696931241,2.011293305057216,54.15574298880717,39.69321386954275,3159.281,93.45986438839195
B0033,3.382133740383054,4.19849232388628,0.34325178695689645,-1.8896314109891985,2.010981818926622,53.69393683990001,38.99544744527789,3150.375,92.68695266514813
B0033,3.3814913105388644,4.198232140934075,0.3540574577667707,-1.872743521398214,2.009922637389066,52.91956948214362,37.746988287643894,3134.078,90.45277207191462
B0033,3.3819655060503893,4.197903885845773,0.35641616771640805,-1.8642972903813007,2.009446097686318,52.77330169161603,37.50735630364932,3129.797,89.89962102069839
B0033,3.329913840594753,4.181130210987576,0.3265687816307457,-1.959422143897036,2.013652895964081,53.75237854927132,38.883555668352116,3161.89,95.90989782491194
B0033,3.3467196974403497,4.195489950082467,0.3277930018072778,-1.9438219079215997,2.012912521998486,54.49882525049124,39.70651744278487,3196.859,97.04926924048458
B0033,3.366597142576843,4.197775741628386,0.3336446305154146,-1.9207619197190013,2.0134083639940816,53.48032268666943,38.69688917568081,3171.906,94.95195752573854
B0033,3.3665010841717966,4.197620289512095,0.34902864502261927,-1.9034234318764343,2.011759488497382,53.19212326974819,37.93115370815919,3160.842999999993,92.88862258530834
B0033,3.3683893640779714,4.197694092086119,0.35157699589745434,-1.8953087437661214,2.0117602924970006,52.91631108720558,37.670702628979534,3147.141,91.96392768479998
B0033,3.3686183095745217,4.1974767325796405,0.35740884846863263,-1.8860721599248624,2.011230839425107,52.95164787724483,37.48833504505954,3141.203,91.3404447462234
B0033,3.3619229093944987,4.196099622186929,0.35105170589877865,-1.9022031487355253,2.0111886766881235,54.15703950174405,39.01194436489727,3151.047,92.43720765161419
B0033,3.362373596039391,4.196552042597536,0.34344427803515304,-1.9025608542682582,2.0117608859969733,54.90254753232506,39.95408175672587,3159.172,93.53088790457261
B0033,3.368466070250841,4.197202431807518,0.351963456425703,-1.8857964938998257,2.011163709022995,53.80008363828377,38.629206981182826,3141.047,92.07554897400472
B0033,3.36347185491077,4.197066813581793,0.3646773409848846,-1.8764237604426466,2.00968331602708,53.54505652293522,37.93003488357471,3135.0310000000027,90.64004989511842
B0033,3.3632359535533887,4.196924945892409,0.3664722862105914,-1.8755057458521922,2.010028902164596,53.29577183051126,37.62158369702063,3117.984,90.03857923914904
B0033,3.3583847581016526,4.196262893825219,0.3726169162054085,-1.8746252042601181,2.0094912938922467,53.69065218748237,37.78621151878811,3125.328,89.3202286499233
B0033,3.3645795285682984,4.196791007353091,0.36574600753622427,-1.866968412651517,2.0097240147793425,53.4617189956508,37.780545613375104,3120.172,89.57520343336668
B0033,3.3647328172276567,4.196494518150467,0.36867412049046844,-1.8579558703430965,2.009046260428859,53.31089209854774,37.48831223397221,3116.641,89.03377270484317
B0033,3.360281651978189,4.196813869211146,0.3721749458886071,-1.8652023718774091,2.0089367758388783,53.6277468644108,37.84650784146758,3110.844,88.40086890947568
B0033,3.3661837656093314,4.196812382131576,0.3700076183054515,-1.856568813720333,2.0090972775450853,53.311289666668536,37.50067380952265,3101.406,87.6548402707418
B0033,3.369029139242048,4.194034862013672,0.3681418108786442,-1.8482708540348454,2.0087454320395803,53.24781973161767,37.467710565988114,3099.563,87.97573164962623
B0033,3.3652385724141607,4.196764423571106,0.37045313434070654,-1.847975231148244,2.008547933323009,53.32567282742489,37.598185411610906,3104.64,88.05369622165077
B0033,3.3618926452165643,4.196547768827336,0.37819789474324744,-1.8544013778989676,2.0079863021321276,53.67135316275077,37.701434924362204,3099.875,87.4103884295575
B0033,3.363675541904795,4.196047705028354,0.37378157223478964,-1.8463602302715179,2.0082959822553987,53.425915759836265,37.53461374251148,3093.25,86.76494363702481
B0033,3.3590605059993033,4.196278080515848,0.3780467998915988,-1.8534144162144512,2.0083025434847674,53.80241246385534,37.84394106488913,3086.688,86.94536579038463
B0033,3.3651551542737717,4.195876729666962,0.37375893344130273,-1.8376882337108682,2.007886415827521,53.538703332548565,37.62240216799661,3094.281,87.18485115935594
B0033,3.358584830353844,4.195934498287595,0.3818420758391329,-1.8440924557115652,2.0070457442885603,53.85443523479271,37.85402355267617,3088.328,86.52615413927622
B0033,3.35905242705326,4.196120687135332,0.3778421829364757,-1.8441168780731472,2.0075112690048664,54.31271092311757,38.470904652851125,3095.687,87.59910529629435
B0033,3.362682403709533,4.195965348408379,0.37230408249649405,-1.8444990382739714,2.007682583346092,54.71724968436856,39.05355467673962,3102.062,87.73493688067053
B0033,3.3650098815184712,4.196021550334557,0.36812944134459674,-1.8447179134276697,2.0080459049265107,55.03279239327084,39.44221992740732,3107.141,87.86432656187768
B0033,3.355774785877264,4.19600538145272,0.38602587913421765,-1.842164817595224,2.0068960205429374,54.39303449657184,38.22999069332894,3090.719,86.44192409112247
B0033,3.3539193468726696,4.195641283102845,0.3903065785676562,-1.8405597937226965,2.0067382638550195,54.05963088053671,37.758104647901995,3069.812,84.8430704897033
B0033,3.3605316490849235,4.200886512488945,0.3839164515662626,-1.8322958668074303,2.0071455001017875,53.59788130809244,37.428049618035296,3064.437,85.05898427344107
B0033,3.3547493929832592,4.201002724229119,0.38646067958201,-1.8406157622829122,2.006553747624584,54.608136974659445,38.5029228575476,3083.25,86.08241796488554
B0033,3.3635996156389574,4.195465495994929,0.37468754147133343,-1.8326291343034717,2.0074555319706806,54.5574027155619,38.83348222581879,3076.484,86.29830044190648
B0033,3.3569917985687048,4.193707044291354,0.38203985939346397,-1.8392992395990233,2.00704542193514,54.99418815591436,39.052180409304285,3081.297,86.84354745361833
B0033,3.356737655890982,4.195380315548316,0.3876447620906253,-1.8297056790119524,2.006001007353025,54.16320225337546,38.021927947894824,3065.953,84.9667928887879
B0033,3.359540268494682,4.195068887696935,0.3860444487006301,-1.8209349826801644,2.00593051820167,53.87733726225828,37.73309166360951,3055.828,84.22582322932273
B0033,3.3577795891012125,4.200794831783912,0.3874348653673718,-1.8285914763057718,2.006256780528785,54.00540892482746,37.88253804875795,3051.468,84.4821191828783
B0033,3.3555412354678467,4.201229193181646,0.3867063969037584,-1.837054902454502,2.0062086016256737,55.01715436055076,39.09683297382756,3069.0,85.48981524894036
B0033,3.3594857050424136,4.195456528334941,0.37799614401138343,-1.837816023009627,2.0070320333785823,55.56824997306065,39.853212783951,3079.235,86.69349640492015
B0033,3.358051208135682,4.195112832732734,0.3850185187074851,-1.8280312164109505,2.005639095177729,54.92871435196593,39.04623892631281,3070.344,84.99275178424934
B0033,3.3644871236228617,4.194675647244639,0.3836011615397454,-1.8096060815655475,2.00521847423186,53.80101502575858,37.820538353520355,3051.4839999999967,83.39573191069036
B0033,3.361244790495099,4.200892254113164,0.38889525097271266,-1.8091575935883184,2.0047113189253376,53.90914216170243,37.73310595477053,3054.812,83.4917345523295
B0033,3.35671886762914,4.200853825806664,0.39283518119929,-1.8167109753774657,2.0048761700134805,54.23260277977909,38.006666099531806,3046.532,83.68457178700794
B0033,3.359022917654344,4.194606941815903,0.38207568952710325,-1.8264479842957797,2.0057941778339283,55.63045478699343,39.784628994566496,3071.782,85.81368078275592
B0033,3.360671828990881,4.194748069677628,0.37897926378114877,-1.8267902000568097,2.006045783228387,56.16713312985831,40.35944876635067,3074.532,85.82671060961762
B0033,3.3583948833503303,4.195093766485416,0.3897192897729782,-1.8243917057977057,2.005224773426744,55.53601912262827,39.40096297699252,3053.656,84.23529425691709
B0033,3.3625185980231946,4.19415713586591,0.3863962385633532,-1.8064502971208865,2.005204144516747,54.42859597766174,38.23202468655914,3031.953,82.5795544314709
B0033,3.352730063565273,4.194421518890087,0.39681328068397004,-1.8133450646172389,2.0049642255099593,54.60293074972065,38.186119358463095,3023.5,81.82144634334469
B0033,3.348905668243179,4.193864909249693,0.3999917318914672,-1.8127387092209186,2.0043694952453803,55.29175004355109,38.7565059715467,3042.703,82.33942698629167
B0033,3.457384162912773,4.4683580435456935,0.3549350883861854,-1.5628707519379117,1.9626336533016613,57.637403832441095,39.21824541685028,4424.203,107.72208536269521
B0033,3.376673863925851,4.192884657368934,0.3718380950216684,-1.7979194894124642,2.004086729421222,54.65393012817871,39.05310062274121,3066.766,85.01692619424306
B0033,3.373391130621014,4.19449660552562,0.3754793008323757,-1.7963463690245949,2.0041413327831425,54.152949724280695,38.41375319607374,3046.125,83.29429834756961
B0033,3.364186626496377,4.194231055547011,0.38586361316358575,-1.8032850146688266,2.003866283303875,54.53515875704883,38.46902673499884,3033.625,83.38753164284071
B0033,3.358003989298615,4.200536096823805,0.39391040607556416,-1.8108049336910572,2.004280527169298,54.77734925210607,38.5100324254832,3028.562,82.71902786526505
B0033,3.36155800725267,4.193861125565952,0.3900769741504128,-1.8013083911049832,2.0036596013347667,54.64702813763124,38.40063671961678,3020.984,81.91528325957917
B0033,3.3646263159375533,4.1912968364535725,0.3864793347809497,-1.7919918693222388,2.003688479820966,54.505104228610136,38.39044541549165,3017.391,81.32847456834551
B0033,3.360892538206702,4.193746611615085,0.39005257400731086,-1.7916249952930718,2.0032147002759597,54.4213321925581,38.413629652125955,3022.14,82.40018075955771
B0033,3.3571675251434945,4.1937859295628215,0.39673921369973575,-1.798733884420521,2.003101533109231,54.599932749715,38.44024987650422,3009.016,81.48049393777868
B0033,3.3650892446963074,4.200650322742635,0.3938861065843763,-1.7887872050368798,2.002212341129397,54.621715057959925,38.18714693456589,3014.672,80.14320304936854
B0033,3.363027417163423,4.2006243085499655,0.3946075123688204,-1.7888403713952685,2.002471948707454,54.55731341596549,38.18649962226669,3010.703,80.94234779368428
B0033,3.3583632498611675,4.193697387023266,0.3981253405245282,-1.7886164084551721,2.002099062098337,55.041315475822266,38.536213089297746,3011.75,80.0562759347093
B0033,3.3574236498195953,4.200544185864463,0.39856201280713954,-1.7964130441048565,2.002759529991668,54.87421915377841,38.552272664006516,3005.734,81.19238123912346
B0033,3.360766302094452,4.193351413646578,0.3940463929645425,-1.787019212781781,2.00242647225107,54.605029117345865,38.455511167512036,2993.75,80.37426223615377
B0033,3.3594711162840047,4.200351692306739,0.39667266306633037,-1.78684609892111,2.002165014194647,54.77196645266215,38.45383838785278,2998.125,80.49676418547818
B0033,3.352476127724087,4.20027821207153,0.40464237024152844,-1.7942781727538535,2.0022270521976826,55.081324460303485,38.59571101696619,2990.859,79.76338282284057
B0033,3.3599659156305464,4.192818631069228,0.39313703350271795,-1.7787288593777348,2.0015455746235475,56.28817834549751,39.84838963202565,3024.453,80.8189157993872
B0033,3.3529340862280046,4.193616398463828,0.39664490110318346,-1.7963772790558135,2.0027026227920093,57.27354368026744,40.8588418858713,3030.765,81.88280986160066
B0033,3.343287590707508,4.2001549210390445,0.4035042259618209,-1.805219032161489,2.0038180532636085,57.2291922074886,40.645674557350794,3020.813,81.07405039559261
B0033,3.3304566806630636,4.199721786449104,0.4132443198083716,-1.8050690579203057,2.0053114083561736,57.19704022437858,40.22816795562337,2998.156,80.29409737792766
B0033,3.320924665615561,4.198848421060828,0.4223886176786754,-1.8114911161465173,2.0042066362513364,57.01987269382395,40.06014962782639,2986.766,79.43943555119161
B0033,3.340032080385694,4.177372245766921,0.3955126794930838,-1.8025216435721638,2.0046249584378844,55.93330356332492,40.062941403566036,3032.328,83.81772734330953
B0033,3.365998712772332,4.191445596329994,0.3828574251787434,-1.7876356209052575,2.0030036115982655,56.299084505467846,40.262388264621016,3047.703,82.81390227281669
B0033,3.3457011047959266,4.193389880737777,0.4007741145727262,-1.7957587291291346,2.003828997747081,56.50951504855041,39.997401224885536,3034.968,81.84972431257378
B0033,3.346323103330572,4.200380611368274,0.40547340864896264,-1.7944892722865402,2.0043791483929114,56.69165778744567,39.574089613864224,3011.7339999999967,79.15640195328628
B0033,3.5025083166259967,4.200602056573652,0.413176963055962,-1.3524928232333502,1.8998148272540496,55.51714083426434,35.98333032061264,3002.922,50.40710193248222
B0033,3.8878704029237765,4.193070577827655,0.3610533593934223,-0.4098076101048112,1.208891253381007,45.807200259053744,30.119688488829738,2986.718,17.837959586609852
B0033,3.9545425965879493,4.189611396704824,0.35998304171614565,-0.3263585049640118,1.0865471711831178,46.03459549176176,30.940513967139797,3006.203,14.005024964115359
B0033,3.987610232479158,4.191309904018761,0.32525093264007626,-0.2716005858874483,0.9979089987607139,44.981619190674095,31.002948619577534,3011.609,12.098353328375309
B0033,3.9673029925231815,4.191105087223256,0.32895212585463907,-0.3170614258991049,1.0785595003671793,44.437719613927904,30.353188245577265,2985.953,14.054786459033492
B0033,3.949305726224602,4.190985119306768,0.36875657278262697,-0.33378469731868937,1.0996303013983093,46.16094346830902,29.92194766382464,2976.312999999994,14.06579531717058
B0033,3.7530265184592335,4.19146431605178,0.41359885846226135,-0.6350119541631206,1.4632726463070878,51.875290776017344,32.39035931572692,2964.75,25.707639367231955
B0033,3.7437278161410794,4.189169176120785,0.4272966887131091,-0.647927020958107,1.4720509064115601,51.767777887259,32.954165794905116,2969.953,27.73469605802592
B0033,3.8025429033127525,4.191809961918757,0.3990997100093287,-0.5493227175747413,1.3742521789616595,51.02675215928651,32.988995755051256,2988.453,23.859690972621802
B0033,3.2312787223699537,4.190743825523512,0.4349768122258911,-1.9259470996842372,2.0132768139860198,61.13715999731606,45.33521672468352,3001.235,87.28815910333739
B0033,3.337618232944289,4.1981379242882495,0.39045395902117425,-1.8473131233384892,2.009767434437271,56.348749401178914,40.620147730266055,2976.234,84.51866119473397
B0033,3.3407978157952662,4.199581881706975,0.39628003065543577,-1.844518264194251,2.0084543578294505,55.51777727453801,39.68399574640648,2950.39,82.63921954804724
B0033,3.345126055228355,4.192675713672651,0.4004516569725652,-1.8328005456847734,2.0067363872451542,54.98845662264607,39.047236578784684,2941.719,81.85727799562466
B0033,3.3571373711093697,4.200041578787561,0.39195006730621257,-1.814347722959519,2.0066149005847986,54.53862414235327,38.66855198329813,2946.969,80.97117689626214
B0033,3.351453240465127,4.199761584906472,0.39774266318982954,-1.8221926476157024,2.0060753006783956,54.72686731387149,38.84148471879362,2936.171,81.09865206392179
B0033,3.346026215342865,4.19986267410377,0.4026565107431423,-1.8306905769975232,2.0062527711138114,55.0046224518596,39.052551352201455,2927.281,81.28200091811846
B0033,3.350979420027859,4.199784078520709,0.3968536144679253,-1.8209388850738168,2.0065597446386105,54.71731449617404,38.79448240276511,2924.422,80.60436184287867
B0033,3.342644131880222,4.044618024605659,0.37120982374781697,-1.568210357203081,1.9648078783173872,54.428778601713,38.509868638012954,3023.859,71.00784471965694
B0033,3.3518592869527803,4.19403031740486,0.34761908473482844,-1.887501094191758,2.0124917308349146,54.890003781719805,40.15830993087354,3056.172,89.83725323746863
B0033,3.3468424673944153,4.19296029632327,0.3618789238487843,-1.876137336259163,2.010553479583794,54.47368119654309,39.45022733421382,3045.078,88.98671932871116
B0033,3.3508471294894773,4.199907627033468,0.3653222926389154,-1.8659348672273262,2.010151608300193,54.12307476528604,38.94097771129498,3034.25,88.11598864039088
B0033,3.355670268634572,4.199827998046917,0.36673337190379635,-1.8556627342355745,2.0097079865923226,53.77302966651148,38.66654129149028,3022.609,87.1902662903482
B0033,3.353308872329983,4.200007095257734,0.372492501732007,-1.8545310784984728,2.0084364439908615,54.609405212648525,39.33636206194418,3028.828,86.44883258895993
B0033,3.355576427429911,4.193196345687703,0.3682319320007585,-1.854560270480603,2.0083726638343102,55.29324534393817,40.21246241286748,3037.875,87.65622698691314
B0033,3.3638323924431814,4.191982585507099,0.3678969790924827,-1.8335819983714545,2.007851381430598,54.26200652741747,39.15441493084491,3023.187,86.09857301849534
B0033,3.3571376570885594,4.2001706293322,0.3818733437261329,-1.8420750095953933,2.007784134408612,54.01880189925328,38.472340837695874,2996.922,84.71533501152739
B0033,3.361111422960934,4.200074212399141,0.38100559506403114,-1.8314678023298128,2.007244413261636,53.57147874982123,38.10278800382275,2986.469,83.80687496282226
B0033,3.3674136761881366,4.200092034422385,0.3757777517620156,-1.8211918432229095,2.0072071890381995,53.4828168564585,38.13961733869117,2979.219,83.08585820632561
B0033,3.3717064606024185,4.192967636550445,0.37044560783013547,-1.8123034655027377,2.0063280381064894,53.87014040301519,38.75498314355583,2995.047,84.13056226917229
B0033,3.3721296388578876,4.2005612724264685,0.36888721608231495,-1.8216175674206458,2.0071306465250385,54.16164128030712,39.165872874745595,2989.828,84.43928113279678
B0033,3.370281011025519,4.200390037061694,0.3735673874079416,-1.82079151069233,2.0065688824670014,54.16534435153781,39.025069457187186,2989.391,84.36171724497034
B0033,3.364268931307196,4.200616069155656,0.38514892522385974,-1.817964724512839,2.005580049352795,53.79228026466776,38.3251245457817,2967.2810000000027,82.61279835932407
B0033,3.3720392126554684,4.200037449743801,0.3798416921058721,-1.798635457145711,2.004902524079411,53.22509160340434,37.878182669376734,2962.609,81.50307254787039
B0033,3.362230190450641,4.192500996043775,0.39077860615561255,-1.8064428802106411,2.0044849064649726,53.57857958784029,37.905840036253096,2957.016,81.81015852224056
B0033,3.3636193969648573,4.200097022210454,0.38521535736714446,-1.8173405882716633,2.0052835523464,54.49825501084428,39.1223902532353,2973.281,82.82809300392348
B0033,3.3703866336965356,4.191446103300025,0.37660736564141034,-1.8068979814568502,2.0049212943849994,54.46813289210952,39.39196447810482,2968.016,83.13071989924585
B0033,3.3756959922995033,4.19205219049645,0.3739598680841107,-1.7968101494502102,2.0049867903735374,53.89419947351141,38.80564596554866,2959.281,82.25278919757004
B0033,3.366639210990064,4.20026251718639,0.38787113598892925,-1.8043699219153886,2.004454272176165,53.782251370205934,38.29516028833109,2942.797000000006,81.22491083215402
B0033,3.370719403191649,4.170526417555859,0.37436801864803965,-1.786679633285191,2.003282536340238,54.80009542618075,39.48206657960875,2978.89,82.40907442569515
B0033,3.368376555569585,4.193298745157419,0.38242644978581314,-1.805526191357153,2.0054454888296678,53.59426450012642,38.22420789035359,2948.891,81.41512890730701
B0033,3.3605555096355064,4.200151767615752,0.39298690647400536,-1.813761282828491,2.0051180183925523,53.860038336831,38.212225319933545,2938.547,81.54008565066347
B0033,3.3664344500865964,4.199734233391325,0.3877076837821436,-1.802941147720235,2.004894549852311,53.50394440240513,38.03726842877258,2925.484,80.62224476642564
B0033,3.360999914466085,4.199873842512875,0.3935792927469244,-1.8116624900760223,2.005246445011757,53.71091736477066,38.08745383569629,2917.297,80.80670030458921
B0033,3.3597145615560104,4.199220802674783,0.39515169224629826,-1.8111731864316711,2.004735333001605,53.96609282803159,38.371162533264,2918.938,80.84394782653793
B0033,3.360790017915931,4.189411926667855,0.3955017400074061,-1.799607080950245,2.003571909299349,53.89601837110568,38.21500087152169,2918.25,80.22568905956057
B0033,3.364551990412796,4.199234827601777,0.39193357288074343,-1.8000478038107868,2.004023640799167,53.58335886886063,38.068361542357145,2915.4839999999967,80.10537992876826
B0033,3.370459024271422,4.199099264533491,0.3868636767088719,-1.7893303733112242,2.0039333292967507,53.35830232724686,37.98761504071771,2906.015,79.30091586992721
B0033,3.3647395351261364,4.197710813920559,0.3895395991897166,-1.7980109473876715,2.0041371936089707,53.56872781314004,38.3556643629041,2894.14,79.42275172167935
B0033,3.3724762289358954,4.194824465751656,0.3807895353045176,-1.7871202282133007,2.004045849042115,54.028944257752215,38.587739723836165,2892.031,79.77069330419532
B0033,3.3682526298407938,4.190646284256201,0.3913291297121819,-1.786405828905418,2.003253275410994,53.32084823607714,37.84946765760722,2888.719,78.70424859897153
B0033,3.368834125820871,4.199787523647983,0.3899685404585822,-1.7962891627935822,2.0045669053929616,53.15804525272694,37.81892879614016,2875.641,78.69567811039293
B0033,3.3643721242108837,4.198644370031491,0.39463332352380237,-1.8053146501565176,2.004886310674361,53.44440984728841,37.98975162560657,2860.7810000000027,78.75077439653573
B0033,3.3599563575039135,4.199051265280784,0.3987522487975202,-1.8145360631140475,2.005285920445224,53.71116793928585,38.110497566784815,2852.844,78.93065651081022
B0033,3.369660207276821,4.198244533751371,0.386774362826525,-1.794060809034671,2.0048104415290773,53.18757385880901,38.158711514227996,2854.64,77.9225849669661
B0033,3.3817276755972934,4.159889361487179,0.35657563983893126,-1.7532558725802958,2.000116219070547,56.49572691828426,41.901714617344744,2897.844,79.31844434095477
B0033,3.379780519797374,4.195184914935837,0.3663466599092984,-1.7969595693199287,2.00545874598618,55.32081069602003,40.72593783748325,2896.063,81.43409862448391
B0033,3.3656667993678133,4.199591464734624,0.3898210699275141,-1.8148752451997945,2.0053159453728266,54.57622829352292,39.388005009279006,2866.234,79.38409533566525
B0033,3.3648038854052915,4.199771526762111,0.39245647225938396,-1.813083056493043,2.0060056115532428,54.008789265404765,38.64570917130626,2836.609,78.38597560259973
B0033,3.371817482414552,4.199637020490028,0.38631626333188396,-1.8021170413093346,2.006153851000251,53.47500454222108,38.3036813037848,2829.516,78.55693860589602
B0030,3.3464479682177357,4.121228264511843,0.25710361336973286,-3.881093691840246,0.746487522696456,61.11438949471705,52.450611378612734,1572.359,98.9109428771717
B0030,3.3780751936361146,4.191571549203586,0.2614926765743645,-3.7838858314888455,0.9560632385011015,61.9990871891876,54.113241117794225,1723.281,106.40565169471384
B0030,3.3818672028482375,4.191314909952094,0.25885652344312626,-3.78000742647211,0.9633206796076518,61.89071493502735,54.157828260748424,1705.906,105.2358737800289
B0030,3.3803545588103723,4.191510310362352,0.26561268344286637,-3.7771963627067855,0.9685246076495349,62.214205409958005,54.212018750385205,1697.688,104.62581781614053
B0030,3.383237725223628,4.191406236830394,0.2621836260907194,-3.774391482257296,0.9737256261611277,62.31179793095802,54.19837692352459,1686.094,103.81436309853045
B0030,3.374148303155992,4.1809364775885,0.27049798093740846,-3.8401506129683893,0.8424662669048505,62.29994268441351,54.14161744851121,1678.563,104.5612834157267
B0030,3.38062959842195,4.191416983179895,0.27181220512743237,-3.8162308411426897,0.8931720431566161,62.48134926186261,54.21167948917778,1677.469,104.46752721961067
B0030,3.387081847293872,4.19167898729129,0.2583545021965035,-3.790540920260821,0.943794778863719,62.158212651524295,54.18634900836399,1666.093,103.04303373327843
B0030,3.3879461849049983,4.191660740391253,0.25854517128885474,-3.7878863152954003,0.9490780097180473,62.11029841216025,54.15360140656882,1654.328,102.2073276793814
B0030,3.3883925705991067,4.190518218566902,0.25863717514500895,-3.78521295034333,0.9547047703928072,62.21537292970592,54.168189231806274,1643.812,101.47745472572709
B0030,3.3829900242224884,4.18494757447594,0.26246795464010336,-3.8087556215689466,0.9083566175476208,62.42078136779365,54.22057063412252,1652.266,102.64421751153641
B0030,3.3872270612733906,4.19138696373963,0.26435598818741357,-3.7838496795424073,0.9573552356531468,62.42541404009337,54.24400266886001,1648.672,101.72862703834586
B0030,3.387969833955272,4.1916098999207785,0.26370808300320636,-3.7810084173912366,0.9628490466305387,62.43136471336018,54.24150010859244,1636.969,100.90505029104011
B0030,3.3908449439184096,4.191138031319589,0.2587042440304795,-3.7778398595622393,0.9684850535538593,62.27459158639179,54.183697227073836,1625.187,100.07817481127866
B0030,3.3859058007878593,4.191251588829171,0.27043921342076505,-3.7765035959555266,0.9708602218691225,62.57843700986901,54.22886640157327,1622.016,99.85283260898836
B0030,3.375492904033759,4.17866916142942,0.2740781351906209,-3.8520176715688708,0.817816988680067,62.47198799326229,54.15865206479903,1638.422,102.92664304859127
B0030,3.381550645715128,4.19028213835832,0.27606645157445014,-3.8026336945838524,0.921736405104694,62.67828739920007,54.242750421230845,1646.438,102.0845993490909
B0030,3.3864480900407194,4.18930659174196,0.2646347495295978,-3.7747932414905923,0.9741786657667918,62.48426799373123,54.26601179807604,1634.765,100.57916515364124
B0030,3.387180494037813,4.189336480826855,0.26470208755053204,-3.7717048923113476,0.979822357112615,62.520660259063135,54.24164371768822,1622.016,99.68239016318135
B0030,3.3813445010797873,4.187961671001895,0.27801234930568525,-3.7701783748857105,0.9827159539295987,62.83792318174592,54.32282816477177,1616.25,99.26920063670863
B0030,3.385606758982866,4.183473493335224,0.2591232004643784,-3.770286001350055,0.982750885231099,62.47596510401283,54.27566161448939,1622.218,99.66554582190382
B0030,3.3887947335699495,4.189021310957518,0.2629617014722009,-3.74290317214084,1.030216703863092,62.54340291733675,54.34652062246305,1619.656,98.7133428836487
B0030,3.390949417762555,4.188208290959306,0.25902495887451304,-3.7394250053816305,1.0366217902957573,62.54253781933885,54.369563893787316,1605.484,98.45766557467756
B0030,3.3873404080498895,4.188944596283129,0.26781018316099753,-3.737622424800312,1.0395297828658205,62.63316972633199,54.38101073340462,1600.75,97.39807818604841
B0030,3.3880651957973615,4.189721988537926,0.2674021551137549,-3.7356557463501385,1.0426432363757354,62.63885708285674,54.366222070376075,1595.0,96.94950906159812
B0030,3.3873336724752856,4.182121595717829,0.2568917388023524,-3.737388532394875,1.0396438331571125,62.50972828784737,54.36082826974155,1612.422,98.79866011717505
B0030,3.391596603751742,4.18953881832451,0.25978624251272475,-3.733773399938973,1.0458926950752165,62.41430430344205,54.329082038301124,1598.969,97.86237552071194
B0030,3.3844695827460796,4.18877344296717,0.2757082475336678,-3.7318248243234815,1.0493672670018825,62.71706660837061,54.350797312061744,1592.187,96.6877552300121
B0030,3.3883015570002266,4.187364248433742,0.2651130763785539,-3.72789586160175,1.0556069266401122,62.554566036297686,54.30570319180818,1577.484,96.36365374253421
B0030,3.389973588057286,4.188843927084549,0.26292827053221257,-3.7258803546166885,1.0590503195806344,62.48691429447336,54.311769035681074,1571.547,95.95889668618567
B0030,3.386403894086122,4.184536605382707,0.2654656645758566,-3.7258300678775145,1.0587950945290696,62.59235284434121,54.31694947968931,1578.484,96.38859310438467
B0030,3.382990062267617,4.188530465383751,0.2797958446176236,-3.7235246959842048,1.0622170232181816,62.84622214879507,54.37602664745592,1574.469,95.34282850137096
B0030,3.3809665909442286,4.188200529397757,0.28377900617915386,-3.7209177432015643,1.0657275726914217,63.0242156686281,54.40922760509474,1568.281,94.90975832047714
B0030,3.3813241868366974,4.187743893425592,0.2815770051645939,-3.7188832576508455,1.0688186042838723,63.00027240816272,54.43118438830086,1561.422,94.40026663225508
B0030,3.3870672693934285,4.1898269490660445,0.2689452856555208,-3.7178481811964144,1.072425169364828,62.80130766887856,54.42543761419732,1554.234,94.64305171716852
B0030,3.382718302752806,4.183231697201542,0.26967733345935513,-3.719718780129346,1.0689706916305868,62.737405296482684,54.40878572720797,1573.734,95.1836950333665
B0030,3.3896129797375174,4.187178870202528,0.26270816849075795,-3.6895994891111914,1.1158553199611885,62.57852749153667,54.42284720424547,1566.578,94.66540769926756
B0030,3.38569510149779,4.188109008087897,0.2707344068910146,-3.7133420593367292,1.0796346966934303,62.84908045214772,54.38754363122996,1550.047,94.2902719437049
B0030,3.387023398111767,4.188695408653485,0.2682601319524214,-3.711313300597217,1.083037427718367,62.7284644620379,54.45246463683033,1543.64,93.81240309276731
B0030,3.3870565445350174,4.18874384592953,0.26754500740745585,-3.709186360280257,1.0862213243998222,62.69299470731855,54.41109814733754,1536.781,93.33906562576297
B0041,4.033096790443365,4.18729715087111,0.3584459999052864,-0.253835020646125,0.9733351471443817,9.925006929139911,7.85677103517608,1063.609,3.321990452714289
B0041,4.014033100816979,4.1926577100385645,0.4008441781790744,-0.293046177761019,1.036779428595616,10.752582877071836,7.793067309492064,1067.641,3.326603044557404
B0041,4.039068503173861,4.191826198838155,0.3510497336875643,-0.25930915106300784,0.983876230073698,10.859754872978824,7.471857159027487,1048.687,3.335056922504377
B0041,4.035518711643437,4.192086560129419,0.3627389156805396,-0.2611726955181682,0.9862463524015174,10.755318068306904,7.8427380417497545,1039.984,3.3535149531094883
B0041,3.980423400468267,4.192301938512631,0.4405295434371124,-0.392884133732256,1.1921778724494527,10.897588103290213,8.729861757639965,687.328,3.3727749848395097
B0041,4.032988865305357,4.193625714514964,0.3782336114368037,-0.2603556231508528,0.9819813644766898,9.341307040097297,7.667746337954232,1047.531,2.6334687266724313
B0041,4.033685949693059,4.19119960945764,0.36447229203518494,-0.2642055168350503,0.991103963579577,10.393349980789248,7.7591749084721195,1038.375,3.3907753807192487
B0041,4.032799639644717,4.192541976485373,0.37124859743231264,-0.2665742084454271,0.9947853431110567,10.096648262126736,7.595487830652279,1030.703,3.4007176221102844
B0041,4.024475259565998,4.191749338859155,0.39545860587380977,-0.2703077571001647,0.996857585761209,10.90616342735489,8.243992753511499,1010.765,2.651935632013278
B0041,4.057419271798581,4.192711269669948,0.323357034373014,-0.2259631180369299,0.9230537987531585,8.568134800681483,7.468945958924572,1025.719,2.665844334866275
B0041,4.0272103363763785,4.191685049461782,0.3846491482553598,-0.2720271416604874,1.003202421230108,10.723989411834728,7.530653071201209,1016.859,2.6756612007731078
B0041,4.050486744587676,4.191473973303783,0.33681819121455525,-0.23602951698570515,0.9404449018196611,10.069265727154304,7.508014036482144,1021.079,2.789754252072739
B0041,4.0253168657448795,4.19266348713535,0.3947421466405744,-0.2734892167877026,1.003063678269129,11.678125966059154,7.7964600722995465,1010.562,2.6849183503339185
B0041,4.052602606442854,4.191170886079178,0.33152469996981015,-0.2334393540995562,0.9362566918056594,10.184555541046697,7.80345244909983,1003.313,2.700782468827794
B0041,4.05448270357176,4.191474565768196,0.3236180063623856,-0.23474919435723152,0.9402895577351656,10.778359079693514,7.338169121535551,1006.187,2.7117061150747706
B0041,4.049754413243471,4.1914127894156605,0.34035275801912135,-0.23568926542344776,0.9385468491301857,10.339342995308634,7.996082185455724,996.765,2.7282376397968133
B0041,4.05160764529163,4.190379159747539,0.328962172452187,-0.23708766412975693,0.9440563996661002,11.13650452054683,7.616516148546487,999.422,2.7187883636179726
B0041,4.046009584492232,4.192073381143846,0.3546350816401735,-0.23747574678748198,0.9400762880699366,9.695569312291523,8.20486682580586,990.234,2.731195835469235
B0041,3.9895918681265607,4.190489343292772,0.42365912959628876,-0.3840869068940257,1.1819605097215191,10.5100184115379,8.601584414303469,608.953,2.7390779568499126
B0041,3.985571015537921,4.192034113238024,0.4297378139774306,-0.3994046475100103,1.204080362345496,10.61900706852965,8.142046999932631,586.719,2.7464269079989
B0041,3.980535614492745,4.191331438635326,0.43689786379363715,-0.40701282792967935,1.2133418764051123,10.81117656025071,8.360837093570488,575.922,2.755099578665269
B0041,4.044423526176633,4.183657953138958,0.3364410669062009,-0.22708609506318284,0.9213129300620979,8.406830339250588,7.424942900733046,1050.406,2.769594645174451
B0041,4.046519260018804,4.190189952777753,0.35203707681751495,-0.22827621606261198,0.9221766937077859,9.345446470246117,7.9013472750820934,1040.75,2.772724284522655
B0041,4.0486772026987,4.19007809729293,0.33718973791125906,-0.2361895202725738,0.9392994013358735,10.959408995323104,7.528844792233565,1019.125,2.782018606713059
B0041,3.987337891451254,4.190880582293337,0.43083652393453586,-0.3826962842101839,1.178452120709655,10.83821929996881,8.951655882288602,618.844,2.790770861539785
B0041,4.044136561678348,4.191090626108922,0.36119615296110796,-0.23064748794571,0.9259202884268686,9.713734913231036,8.178079824357086,1039.547,2.7989810445714314
B0041,4.04413456868279,4.189832720082945,0.34835010130306004,-0.24064511559111754,0.9476933066963964,11.338971542207569,7.858156748807482,1004.328,2.8144858714714887
B0041,4.043477180478885,4.190041335900519,0.3505887661093142,-0.24024507058518205,0.9464948613065438,8.874610339188825,7.290664996377677,1005.75,2.812491928406092
B0041,4.04227054005478,4.189984813034986,0.35145086738120046,-0.24333347418814666,0.9520997270228635,10.892975819528624,7.329912113720836,995.797,2.8171794923358346
B0041,4.040909605277031,4.189413584762128,0.3537961072963944,-0.24301113896312274,0.9510354101813253,9.921480417012177,7.554859379508905,998.921,2.8320186958804126
B0041,4.034959849871617,4.1899380782665405,0.3764688538473672,-0.24443978997902824,0.9510562558732786,9.340703602759724,7.849809440149771,989.141,2.8354251719402352
B0041,4.036614663983007,4.189327989081172,0.3631247544151031,-0.24859607381512622,0.9615503835203886,10.415323507314886,7.70135529903965,979.203,2.8472159467545577
B0041,4.037642497951333,4.189084331721328,0.3630069730822767,-0.2455503892791554,0.9554876416644352,10.395152109274877,7.894047750295666,994.031,2.8522972785676366
B0041,4.034094593369476,4.189241659101563,0.37057381621779734,-0.2514955135210832,0.9657068917767827,11.381000616023892,8.037186019526875,971.516,2.856928565754845
B0041,4.012161986962798,4.189006943800672,0.40552512412506886,-0.29997684312829737,1.049609328719013,11.200598645773905,7.949369169721323,810.563,2.8622517681269315
B0041,3.9650186584361826,4.189396334961549,0.4756782978905968,-0.4022840734511658,1.2011633823038874,10.936042652403566,9.047225819573063,599.047,2.873313542470166
B0041,3.3407510468710697,4.189766782198294,0.8942375679437307,-1.943108082149396,2.0546880338576017,9.652988520428655,6.867303793453594,109.078,2.8721072140870167
B0041,3.376535267030834,4.189927859515596,0.8571632531286119,-1.962068668738532,2.072197286027134,9.298616166335734,7.376798555753924,109.171,2.8921030903495475
B0041,3.516920360081993,4.191983739835927,0.7577080209414735,-1.7719212345736954,2.099402306134117,8.441835425382303,6.443867741135219,96.484,2.866055024128682
B0041,3.356583779630796,4.192299139301579,0.8806895496244808,-1.9559507912713312,2.066380403758884,10.811071564713467,8.159447293088878,109.094,2.8801060355152326
B0041,3.506509095784585,4.193421662600735,0.775048435761913,-1.7607054829879762,2.087534410892995,7.830975218816948,5.5290205453691215,96.906,2.8595341331546487
B0041,3.5159000773941735,4.193648125269162,0.7624806944071713,-1.768133964644233,2.0951193145871807,9.120173569834156,7.124961498497141,97.015,2.8842013802283177
B0041,3.3112454225976364,4.146039771927649,0.35129680333436036,-0.8543609566361372,0.3601782221748551,14.806765885071044,9.154846882609299,5608.781,72.6062213277493
B0041,3.3541760641303275,4.165360918422926,0.35383185408590545,-0.7981740885950973,0.40767610876868715,13.99744937533934,8.881539906101905,5703.296,68.54436957962446
B0041,3.357060662805854,4.187489255858448,0.3599836632033733,-0.7810567570267977,0.4195767590453586,14.356275659290002,8.750669611128531,5668.032,66.86103329009319
B0041,3.360601023233454,4.186438859109176,0.3611521045888347,-0.7613195099194562,0.43179104397321794,14.518586105925962,8.86215516188506,5634.047,64.75120897903636
B0041,3.376453566741124,4.186571406423036,0.35098177706569683,-0.7425489892830268,0.442724328528349,12.628628797798616,8.671218071184747,5582.375,63.356352936866664
B0041,3.3670420302190878,4.187026822244992,0.3688491785704867,-0.7321893718076324,0.44792012701298484,14.249076739876308,8.757399436040695,5567.329,60.74349904242765
B0041,3.364330094542419,4.163770340966965,0.3625369589729324,-0.7199523659573055,0.45389351103161324,13.400963787224589,8.639658664137915,5528.453,59.72852332575357
B0041,3.3751162200711295,4.187200947787786,0.3613564717174218,-0.7118463228821923,0.4576336547345686,13.143596987494345,8.65548107609068,5513.39,59.2189980901818
B0041,3.3621759630641312,4.186784389157799,0.37643041233978536,-0.7087128423143153,0.4591969651974925,14.777209247015293,8.759984675272241,5486.187,57.669575720609934
B0041,3.368210631607209,4.186125026049552,0.38080971669540536,-0.6979025722864981,0.46385114819654444,14.304402604245366,8.830297151200996,5461.922,56.043035129395506
B0041,3.370853913355754,4.186746028379296,0.37787517277057275,-0.6933558264284685,0.4658146087035282,14.331273599738246,8.799768115250679,5438.157,55.53889409135137
B0041,3.3581793261108124,4.163158535852763,0.3860602961317498,-0.6902880247189804,0.46689129893284376,14.563719307573445,8.745105198865453,5402.875,54.18438565726912
B0041,3.37598164284238,4.186772472927074,0.37956373831371254,-0.6857268851295145,0.4686497588299315,13.829855263617011,8.946917298516645,5384.438,54.8100380531097
B0041,3.3752161891444517,4.186831658425379,0.37957055919868077,-0.6851603503311268,0.46905301964145224,13.737164003906685,9.040543925569377,5344.859,54.693930426730084
B0041,3.378276210248986,4.186655518987532,0.37575615367317705,-0.6819162824683658,0.4702267983219928,12.81091218035467,8.532733645586704,5305.156,54.42057498138752
B0041,3.3576825497066554,4.18742749688236,0.3867764578035651,-0.6894186362655551,0.46733194412261353,14.671197747849568,8.782675041661408,5284.547,53.56791511209039
B0041,3.372443445163586,4.162787419492519,0.3789605489160837,-0.6747860827784834,0.4728584187874453,13.038382746716444,8.560357801003482,5267.843,52.930229702007935
B0041,3.3616482008091766,4.187165554713402,0.3814475557425367,-0.6895848665473618,0.46726675200117707,13.71449439237538,8.764133478033603,5229.688,53.342285294667235
B0041,3.355787384613788,4.187045396695641,0.3876066346895403,-0.6897175362541831,0.46720179037000553,14.575589138075149,8.765404824218605,5206.954,52.6127940496398
B0041,3.3727607964555295,4.186293612544601,0.3829437868238819,-0.6799724655286791,0.47116798022231976,13.067203225526349,8.755093905294753,5179.062,52.552436525606
B0041,3.3509928631825083,4.187093036345873,0.3921388795934503,-0.6917951426190971,0.466383911834793,14.838581695723231,8.893802155578395,5144.109,51.8564351239654
B0041,3.3532732844068915,4.16227646506248,0.39535813865030583,-0.6809063812932633,0.4706211064131115,14.14400886283852,8.81827276383748,5142.891,50.43030259058919
B0041,3.3628002392609977,4.186536627382842,0.38870944573543315,-0.68532451408367,0.46900755548191564,13.627764711730384,8.817889726396931,5109.734,51.705600372723815
B0041,3.3571560938046225,4.186463574636571,0.39499586728134434,-0.6877787777947552,0.46799627517558506,13.996072333026769,8.813349159884925,5078.937,50.689511972475664
B0041,3.353212474513757,4.186593388980786,0.3981093500274253,-0.6879305049076954,0.4679005001508106,14.227945473001952,8.798028132789177,5051.672,49.960728237424625
B0027,3.415635388206693,4.201942981365258,0.26369180402816045,-1.048298128077691,1.7517030347394758,42.07194057268294,33.531461449042084,6515.422000000006,108.89939719691438
B0027,3.405140913759623,4.206957767652323,0.2728672321678771,-1.049212058679183,1.7519905096454103,42.526459613766654,33.768115475386416,6516.219,108.35772106974204
B0027,3.425659661801085,4.206087528624208,0.2676467910312528,-1.0465273412198817,1.7505339254267676,42.65704114936764,34.0575363030056,6489.5,108.2753713178181
B0027,3.4201699208239194,4.206597549468143,0.27265296338499867,-1.050325186760964,1.752342226815098,43.07456793109374,34.34311925332076,6471.25,108.36881699226089
B0027,3.4180604683404985,4.206708529635488,0.27422633093054233,-1.0497801003401392,1.7520593869134076,43.12836631992577,34.3900563067441,6466.672,108.27182683404159
B0027,3.3978401981445576,4.182675464297748,0.2726297014059318,-1.0476986183510903,1.7514526143020168,42.9279467397339,34.16207101391941,6410.672,107.18501969268095
B0027,3.3984422668226393,4.202445131277022,0.2748310341329762,-1.057277544603645,1.7566120097310605,42.34490965860999,33.65117316898919,6474.156,108.49393917366008
B0027,3.411384397730043,4.207150334625055,0.2731037619397714,-1.0548269593999815,1.7547868386653573,42.50145921854708,33.993154419553875,6460.75,108.69189508555053
B0027,3.40775629545449,4.206634870908589,0.27650791398664476,-1.0553776405080413,1.755157702786431,42.75456095698592,34.121102900157744,6448.907,108.52152167609029
B0027,3.4031041806987625,4.206620391551443,0.27782680507598506,-1.0554671306178591,1.755208262336705,43.20868549225104,34.521504581092735,6447.125,107.79162376458214
B0027,3.38665218439762,4.194991220811618,0.28085346080696044,-1.0556702942579712,1.7554802594515786,42.59572185384836,33.91883669839733,6431.219,107.63738762900353
B0027,3.414036913012559,4.2023598960429815,0.2712378702320275,-1.0529574586448567,1.7536928197006947,42.63365730314649,34.20379110985749,6442.203,108.10782095335809
B0027,3.3945090590148355,4.206738745019596,0.2784193179888177,-1.0601013419063348,1.7578623087315315,42.89197473994752,34.48622307207775,6427.079,108.65177776738035
B0027,3.4204049256076163,4.205268152663341,0.2693644498698273,-1.0537206430621189,1.7542538727298096,42.73670303920533,34.40141739485764,6417.156,107.88624872212642
B0027,3.401908039296132,4.205946910651655,0.2766377594520737,-1.0609023642037643,1.7580446537638024,42.71819238433457,34.3150259504104,6398.907,108.22406396525798
B0027,3.407597938928066,4.205053312485709,0.27518592101521083,-1.061328199408463,1.7582437329988856,42.87852551010068,34.450526992415796,6384.75,108.05909589091019
B0027,3.3774091842080276,4.181855642136106,0.2771669668750391,-1.061988907424718,1.7587620976684952,42.99196482622249,34.74150404461673,6284.063,106.43652401059653
B0027,3.3771878224396685,4.20282058770571,0.28451468128895907,-1.0662806393885873,1.7610293451413326,42.920147884014575,34.663008920131865,6370.937000000005,108.37635513969236
B0027,3.390746744780089,4.206436642050531,0.27969417599353485,-1.0653782286766844,1.760749548648098,42.77821015998406,34.47643463041281,6359.812,108.05401411504229
B0027,3.3939882666698242,4.20638281753962,0.2791573769926674,-1.0657949875596555,1.7611886756981487,42.71393681070588,34.45771838499012,6346.156,107.89882526049597
B0027,3.3952705696224297,4.205465867894676,0.27956478386797623,-1.0664883306260853,1.7617283965631725,42.66066961608101,34.276431502022604,6328.172,107.65075244919724
B0027,3.4104656511949063,4.206584936190674,0.2747742745686554,-1.0632318841030186,1.7596150729784519,42.64239690775237,34.35292925698558,6326.062,107.29427686456464
B0027,3.4006414041604756,4.202786069304105,0.27537157298258313,-1.0590432103446814,1.7569657948549,41.86831727976231,33.64812848797218,6352.843,108.0331223320762
B0027,3.403879368199544,4.206301818692852,0.27601243557678984,-1.0635509942186294,1.7593696772789094,41.97207960495628,33.75077258934032,6309.172000000006,107.00278910089492
B0027,3.4141854712687336,4.205750597989692,0.2736182604889381,-1.0638261484808667,1.7596922829632646,41.92250461031742,33.72038549007088,6284.297,106.6315749792906
B0027,3.4230599701504794,4.20589200120434,0.27156282745497096,-1.0651012851496238,1.7598952235817946,42.14300769699952,33.812030459081335,6265.969,107.10172183435276
B0027,3.4023930606429906,4.205560793070628,0.278834674539607,-1.0684596107286113,1.7618655759929993,42.43039551713637,33.79680193008211,6266.641,106.74937025476243
B0027,3.3633791712406205,4.186200185347402,0.28671474058382856,-1.0694140697591354,1.7624697168348025,42.033372446715575,33.92036482801563,6198.75,105.72105412340747
B0044,3.439679725636751,4.181787286734685,0.19031164968836123,-1.8098343456068096,0.5771319984822731,37.78004007704112,32.08333169533252,3360.922,100.72990359092371
B0044,3.452824239327816,4.183923616071334,0.19736577340542014,-1.8219328456366495,0.5599183849709556,37.37920163006831,31.44294016626267,3289.406,99.29259643018321
B0044,3.4521568195939896,4.183717457974608,0.20285754070175288,-1.8359320421754788,0.5386063274468227,37.15907806475986,31.149900898073525,3244.797,98.75150152959485
B0044,3.4552256770525456,4.183480576276661,0.20305581933353078,-1.8454888344252118,0.5234200119107343,37.12091726941865,31.12954746264574,3211.438,98.26255319167224
B0044,3.463672030116032,4.181986298076157,0.1996604835067876,-1.8546992944071559,0.5080329231754062,37.70825289621454,31.513994261671055,3175.594,97.69213564898781
B0044,3.4680330762776053,4.183320051971667,0.20410312903611494,-1.8756028913091127,0.47079091595472655,37.649599494653536,31.634787338016164,3121.672,97.16134303904988
B0044,3.46794063161749,4.183385673000076,0.20171961868782548,-1.8740941775158022,0.4736916965420159,37.14337821498799,31.273656122735403,3102.937,96.51597509904012
B0044,3.4651033311991837,4.183075069105795,0.2032476253890949,-1.87297275010726,0.47573758304502606,37.11952925248905,31.0513882525287,3089.437,96.01614304422169
B0044,3.463878052026492,4.18316470580942,0.20435093653572153,-1.871931466677304,0.47783352615435015,36.8278472964388,30.825315603911406,3077.75,95.58212417490803
B0044,3.4618790737027214,4.1809489315384525,0.2056299878560452,-1.8711336666924587,0.47921446861593425,37.07362320866197,30.772306222074594,3074.875,95.43484222687681
B0044,3.4619567664351507,4.183395298117799,0.20783316593135392,-1.869887873532527,0.48147445538720535,37.27343452416563,30.77793162980491,3061.891,94.96664400862137
B0044,3.4608461967292694,4.18312292936732,0.20819229170500891,-1.862461079658612,0.49453141240172716,36.92555325153096,30.734077377574607,3058.469,94.46494854501209
B0044,3.462773986667914,4.183401469736752,0.20488033378883194,-1.8611231730261666,0.496889540786307,36.82542072716141,30.711931701692418,3040.75,93.8572046743718
B0044,3.46142516586872,4.182608034549464,0.20544922873504887,-1.8534672146493336,0.5099039780983042,36.86402084995953,30.692223526355477,3037.641,93.36536873114989
B0044,3.459888006806987,4.180665797789407,0.20561147588406867,-1.8464485055279791,0.5217242006008656,36.85447944747772,30.656716513936473,3044.828,93.21346927834873
B0044,3.459225464203645,4.183243082901965,0.20764080750009542,-1.8450475324556972,0.5239802525242483,37.00807199261186,30.677651249958302,3030.25,92.71840183501855
B0044,3.459378780567444,4.182596378873874,0.20659983628405384,-1.8438251021984409,0.5256572574667683,36.85691194751145,30.670401222972917,3017.578,92.24481340971283
B0044,3.4594746923592585,4.182792894198413,0.2056868019625504,-1.8359182150531628,0.5382543271762873,36.933977837728406,30.695903900430444,3015.0,91.77290687653453
B0044,3.457758884701852,4.183044202315208,0.20812280183171808,-1.837930189329905,0.5351611933109401,36.96952216360131,30.693601629277207,2999.454,91.4245504972661
B0044,3.4604365465272604,4.17495739021519,0.20249375768378755,-1.822406275328598,0.5582193916306712,37.880341936530016,31.3317805416781,3054.859,92.29161018243968
B0044,3.4673706320595796,4.1804104728622375,0.2044608133500401,-1.8277755287188366,0.55062401093294,38.4338113726962,32.003093392777586,3034.875,91.96142184138584
B0044,3.4682443755783012,4.183012088063382,0.2053593553756237,-1.8199294716775476,0.5626304415241542,38.62527616952544,32.229129548420126,3030.0,91.4132097292648
B0044,3.4662944691430644,4.183156295632244,0.20550187552507357,-1.8182280699458226,0.5651932608663192,38.54196067361033,32.11597218782518,3011.781,90.782369650652
B0044,3.4597034229251418,4.182731552192122,0.21124437081216907,-1.82344115362652,0.5576246641554571,38.50117611497123,31.969087731359647,2990.25,90.40546277361699
B0044,3.4622130413589143,4.182713459240956,0.2058236586015792,-1.814801427898659,0.569880270484009,38.43383998472231,31.87470050843518,2980.234,89.66629315564157
B0044,3.4628505734955555,4.180340134562246,0.206303291787488,-1.8075840969590578,0.5800322782054073,38.70474156110448,32.24329057966032,2994.844,89.73166194799185
B0044,3.4628624711973686,4.182573946557156,0.20970924210149627,-1.8065211847034746,0.5817569081144134,39.13185799913766,32.62193857776337,2987.672,89.47567760123593
B0044,3.4614145860859864,4.182900962902353,0.2100839730403844,-1.8052430334885246,0.5836844600397989,39.06117424677476,32.534721843990155,2975.1100000000006,89.03123782325612
B0044,3.4567536825256298,4.182966025381988,0.21287176167892022,-1.8105860657133828,0.5763458802202687,38.900911326239694,32.315090431633784,2953.219,88.65752597576206
B0044,3.457596686753219,4.183016347451806,0.2087744025366855,-1.7950692987909964,0.5974764408413852,38.637548513661336,32.11227103017126,2955.484,87.94887539359141
B0044,3.456382425532515,4.1793816650979885,0.20702797043657728,-1.786985657468036,0.6081713477965005,38.14612160171512,31.74433650446741,2957.016,87.57754183371347
B0044,3.4558985436662764,4.183025078755878,0.2117949269758378,-1.7928445896165708,0.6004961497193906,38.41020545726171,32.11351047936838,2948.219,87.62621330042451
B0044,3.4536993651226653,4.182295217506064,0.21356919102390073,-1.7913668174036652,0.6024436779266827,38.342879393411714,32.04801967333395,2935.5,87.16369611835304
B0044,3.452694653937275,4.182630774542257,0.21074015183541925,-1.7891101484216256,0.6055317090467354,37.97725957749192,31.708021910539802,2913.797000000006,86.41139801057527
B0044,3.44942355838508,4.182872685249836,0.21143475073542137,-1.7876594976231701,0.6077272510676894,37.79705513935421,31.467203186429348,2900.703,85.95012291049824
B0044,3.4464363236508913,4.179973909655392,0.21223681596340135,-1.7797845626759963,0.6176393505031169,37.93561044482721,31.560453436032944,2914.031,85.94548033167209
B0044,3.447035324752623,4.182978380469111,0.21576948051095313,-1.786101275708508,0.6097165881952837,38.32554543437737,31.887709097598353,2901.968,85.92341881093803
B0044,3.4510808838042264,4.183054454837302,0.21284652445961325,-1.7774334664210216,0.6207343455872792,38.55610999749079,32.164811812502585,2901.734,85.48869100433302
B0044,3.450413161794029,4.18231054917298,0.2124023155375168,-1.7758066384425826,0.6228613963267934,38.62165239845955,32.13295425226488,2887.407,84.98889119020812
B0044,3.4446894399022403,4.182416637290177,0.21466472461759853,-1.78107743904082,0.6161596344750433,38.18800348171553,31.751336888270355,2861.937,84.51360568951536
B0044,4.054818943483505,4.177605302188679,0.2797761657158301,-0.21883274923266322,0.9140359905628489,9.757496138930122,7.057089335323658,1055.25,3.41737495778038
B0044,4.048971725415953,4.1758503096814,0.2813427937344951,-0.2291787146876666,0.9341097631819162,9.760471127293034,6.945113627374995,1012.187,3.4258247912784126
B0044,4.048139868634576,4.1760882615952974,0.2790715070822926,-0.23457936698907242,0.9441982069859013,9.69821406411427,6.969210950143102,991.172,3.434074689004101
B0044,4.04489102283376,4.176702751698478,0.2908854525763655,-0.23761419438252948,0.9495715552721691,9.00106106019679,7.1320933104899575,982.094,3.442078766210316
B0044,4.058712789171854,4.173920852315538,0.2542132803763512,-0.2099858295389897,0.895622289276882,8.446753567938917,6.9052479876970985,1063.609,3.291928396807147
B0044,4.04058000450648,4.176081063674498,0.2815577292128081,-0.2518669105532582,0.9758996488597571,9.004482980571387,6.719645217752847,1067.641,4.026002606213597
B0044,4.038574138704129,4.177001690332218,0.2886164514594044,-0.25717248545758564,0.9856008644943843,10.10838939092693,6.752194119869617,1048.687,4.035564806568153
B0044,4.060984637180495,4.176258717683466,0.24816062856623433,-0.21689580653408766,0.9094992071605766,9.084345421523768,6.682861474834709,1039.984,3.323009782141412
B0044,3.9901324953918995,4.177495150501219,0.3536885448618942,-0.3924814177291054,1.198095583108557,9.9732818280256,7.805372903557112,687.328,4.0747858463122
B0044,4.060072156375749,4.177754475108936,0.253808733098221,-0.21680725503393133,0.9096240223149312,7.130613484534643,6.452537181339348,1047.531,3.3478047296366475
B0044,4.036259706472422,4.176437545781662,0.28780927272154894,-0.2627044986257249,0.9957518008202851,9.420302039012588,6.89796196003197,1038.375,4.102132632578701
B0044,4.034899045788163,4.1766732396736,0.2906768653827339,-0.2660568669142741,1.000627841836107,8.596928821276874,6.643140512754006,1030.703,4.106035878545224
B0044,4.05627259287341,4.176262440841608,0.25618914368816714,-0.22645846348554158,0.9288577442481419,8.914167582596768,6.823596011664432,1010.765,3.3753950164959168
B0044,4.056631496996698,4.17780020929139,0.2599697642173711,-0.2243099150823807,0.9237730385147582,7.468130255797678,6.621700828774675,1025.719,3.388455538547911
B0044,4.033722240018022,4.177530439833207,0.29264652616291453,-0.27219298018702565,1.0114493179015098,9.34228820478629,6.654177389025503,1016.859,4.145802958263592
B0044,4.052548629680626,4.176559125063143,0.26194699308187336,-0.23539096687777275,0.9443071091801141,9.296386526511638,6.691030736897561,1021.079,3.54282364871192
B0044,4.031869983878109,4.177198757478185,0.29684216594983454,-0.2757939587127618,1.0170579801699464,10.402010089986526,6.789742456285512,1010.562,4.169914273810436
B0044,4.0546007592526,4.175693660429193,0.2562395908823715,-0.23192836333731057,0.9392590556984873,9.139614420555528,6.652607169727167,1003.313,3.432132118058483
B0044,4.029900462300052,4.176717865368056,0.2979626571504119,-0.27840440393795296,1.0224840808404723,10.577915316418856,6.727197790202005,1006.187,4.212957292471881
B0044,4.0528579449382525,4.175734240124533,0.2594451350887001,-0.2346864574044636,0.9442872570310309,9.153655205612418,6.704744929431838,996.765,3.467389118217725
B0044,4.027030974078611,4.174858788640489,0.2997249274643529,-0.2817775496820992,1.028308276391784,10.601194386353557,6.688129486124422,999.422,4.231005160635109
B0044,4.048647775995237,4.175396670709832,0.2694046110092398,-0.23781178807825715,0.9496076536552068,8.524863523744626,7.135311524033081,990.234,3.474387581756218
B0044,4.006197810720952,4.176278504943042,0.3173344061317377,-0.3839746086117853,1.187873578883094,9.440256551104172,7.514206392471801,608.953,3.4823503494590042
B0044,4.001898132433219,4.175998506248964,0.3203334520834985,-0.3991042469889139,1.2093128089065053,9.577062674735402,7.105939545905624,586.719,3.491355255296623
B0044,3.9995228828543783,4.176936753250137,0.3244730441009009,-0.4072004054361969,1.2201586654707326,9.571995894192735,7.121133621766568,575.922,3.5017437113563843
B0044,4.053493486866572,4.1734597535552,0.2528103296834686,-0.2265541392450527,0.9288442918593429,7.124889090041003,6.525840333846862,1050.406,3.517897943631206
B0044,4.052074849774992,4.175712749345959,0.26334601483559006,-0.2291913700387426,0.9341187457201723,8.324153740739145,7.0347000891113804,1040.75,3.5277136499294217
B0044,4.028366353886938,4.176096844607635,0.2986939132118147,-0.2819333043565596,1.0281289138093352,10.63955759206541,6.8973768386013505,1019.125,4.3245293342056135
B0044,3.9662515216379144,4.176353738400277,0.3765773951983286,-0.46093159458169275,1.2870343546913083,10.376173431482592,8.12797412482593,618.844,4.333519850475279
B0044,4.052244387669817,4.177102599239209,0.26483190083123587,-0.23199889868853293,0.9392414165664335,8.316021086973787,6.951583874586089,1039.547,3.5592224221918336
B0044,4.024847285360175,4.175820770125257,0.3040945886727007,-0.28835896667589855,1.0396968953688814,10.655557073631597,6.953046195579622,1004.328,4.372984694665795
B0044,4.051149690799867,4.174362644498064,0.25374449489648726,-0.24020364123364235,0.9554464788314881,7.631714348736341,6.413311987885646,1005.75,3.57408104405035
B0044,4.023626364549916,4.175874340371016,0.30480500643590713,-0.2918314525277321,1.045641142754534,10.509625598200184,6.779577103952525,995.797,4.38650555117336
B0044,4.0230998765187564,4.176007922304425,0.3062925351592175,-0.2917484860639784,1.045491461208817,9.204729619835248,6.978468873690951,998.921,4.404060628314947
B0044,4.047078241937264,4.176473294247625,0.27005790655530654,-0.2460711384456988,0.9664036022245382,7.96351554428054,6.809785593582902,989.141,3.602876064725735
B0044,4.02025965935536,4.176068533506241,0.3110182511235989,-0.298818492738235,1.057916927176197,9.367163499816083,6.971049837313714,979.203,4.4254858631323755
B0044,4.048987988645058,4.174058322711264,0.2554992367425524,-0.24619641320878316,0.9663106816390187,8.36281681813677,6.579881562367587,994.031,3.6264097515846214
B0044,4.048190135327761,4.175423863730147,0.2599694780799346,-0.25222392819933964,0.9778790532985128,9.833929266126528,6.690126647286674,971.516,3.633056794864954
B0044,4.031325666700656,4.175023430172884,0.28300747555567685,-0.3018936240718056,1.0638632275455884,9.82294821385076,6.925009518097775,810.563,3.639053442388087
B0044,3.99633832641595,4.17570719288233,0.3279075233464348,-0.4070041672359562,1.2203120626251238,9.64729446630716,7.831469751479566,599.047,3.6564662173659586
B0044,3.5339557623459634,4.176924395260363,0.5915968654435131,-1.9943360872313463,2.102581694527075,8.475214897845488,6.3578218287881425,109.078,3.6634176676120616
B0044,3.5662543456123466,4.176472262163263,0.5560613961945624,-1.996129232362493,2.101502713350829,7.906766993792881,6.5954208155010985,109.171,3.673297599381746
B0044,3.480657456568583,4.177637250505157,0.6032385526927171,-2.217653041798755,2.1014955815477805,8.628110902694925,6.324536214740793,96.484,3.6757732317136296
B0044,3.559655619146663,4.178674620885059,0.5657106205308031,-1.9957140019130044,2.103068850624114,9.541833690746394,7.644851838660085,109.094,3.6652994728862383
B0044,3.4710657400965403,4.180128549369836,0.618801370467978,-2.2172078365634906,2.1029665584325388,7.890349591233944,5.10818141008298,96.906,3.6811404306134596
B0044,3.4889263102095542,4.178617367574264,0.5973634007619059,-2.217892317465651,2.10217370190824,9.207557697837885,6.978200107513246,97.015,3.7018966273756915
B0044,3.438530012225991,4.132709552803766,0.22533464662851296,-0.948665522461736,0.2130698764334054,10.171915363933092,7.831586108538486,5608.781,88.2751754600159
B0044,3.4576572257357188,4.15897226684506,0.23208294896321804,-0.9429836446189774,0.22492503468251798,10.296016892383854,7.730546352316417,5703.296,89.23822716142432
B0044,3.4553887210557868,4.173670999223567,0.24331441022093103,-0.9448444362873196,0.22163924790204564,10.396418259744522,7.787963683864436,5668.032,88.87317705009525
B0044,3.453365325098602,4.173428084270444,0.2416723939705273,-0.9421563938919909,0.22675524871972244,10.675119900160505,7.849823078169805,5634.047,88.0863453288579
B0044,3.4533767517944844,4.17295985340472,0.2370465611119749,-0.9414963206117185,0.2283101443584391,10.562265269293302,7.863220580243154,5582.375,87.22652247768663
B0044,3.4460660596643384,4.172771279792943,0.2452041975756324,-0.9389221140572902,0.232993025148415,10.76625471358321,7.930106785779635,5567.329,86.74531002652719
B0044,3.4382387035909514,4.15544388290786,0.2423251099610083,-0.9382244730141405,0.23422151233320618,10.911129725577434,7.888437545923743,5528.453,86.07171979467424
B0044,3.4385248959075603,4.172195811279475,0.24460784187527995,-0.9336418704048167,0.24309141023483344,10.81913572086399,7.818043363205418,5513.39,85.41071166225588
B0044,3.4365202293034374,4.171402160517197,0.24441067745384407,-0.9277519140513346,0.25314093242715974,11.006306031992889,7.830974235734798,5486.187,84.44957832185715
B0044,3.4352027430527405,4.170188354997629,0.24543765057437833,-0.9210832456029233,0.2641839534385334,10.614675024239112,7.878562179371438,5461.922,83.45355014791296
B0044,3.4334546922415696,4.170349799747877,0.2459969986475344,-0.9181073344708772,0.2686714089304824,10.78731375840829,7.960251571512366,5438.157,82.8127371718748
B0044,3.425091148228222,4.152127517238579,0.24555283084060814,-0.9147769465297864,0.2734254575468117,10.646148713943534,7.825815360855775,5402.875,81.97285308538146
B0044,3.43285332747351,4.169872871486082,0.2433314905499764,-0.9097059602545033,0.28130064724623866,10.149343674038578,7.871717073752719,5384.438,81.21934786292162
B0044,3.4316708520467616,4.17029400170211,0.24320132144266188,-0.9089147628345589,0.2825750858193495,10.269672545542075,7.872850841533409,5344.859,80.55124643888392
B0044,3.4305423593747584,4.16968317987712,0.24047052532224053,-0.9053632291923375,0.2872140745805945,10.511836729394169,7.787673589037049,5305.156,79.64057305239267
B0044,3.4188541266416608,4.170671249766948,0.2501660136334049,-0.9122769052973728,0.27772499268950546,11.2498423901219,7.997910807563725,5284.547,79.96031262214728
B0044,3.42241373548389,4.149844268077626,0.24093940503090167,-0.8993675928683105,0.2958247558543524,10.478668312226782,7.881896352735887,5267.843,78.55989445573285
B0044,3.4160977003080477,4.170207896534634,0.25038622992915294,-0.9110321130421604,0.27949016472345484,11.276068425006786,8.022448822976777,5229.688,79.01568291554277
B0044,3.415875051664848,4.169943833836458,0.25021852098602687,-0.9054157927585382,0.2876811380246036,11.18488048040138,7.977920186292173,5206.954,78.16373671281308
B0044,3.420770509924939,4.168649657337103,0.24592706949919083,-0.8971488250209094,0.2989357889655122,10.572845919227095,8.016774436428086,5179.062,77.03197177662237
B0044,3.412152763562302,4.168865124534303,0.25115285667992365,-0.9036459257898942,0.28993367292199546,11.286420953867148,8.104364904391632,5144.109,77.08377242421174
B0044,3.411365387592042,4.14775004325363,0.24747051476480814,-0.893479421104461,0.3038000077877327,10.532008688910055,8.021367388918382,5142.891,76.16302404820539
B0044,3.4151055404827564,4.16768084822256,0.24757266552224147,-0.8950327018530826,0.301973105507963,10.49676940873906,8.012944452376887,5109.734,75.76919731937116
B0044,3.4139726333379956,4.167944485512648,0.2499017369482202,-0.8916525424860515,0.30625328221876963,10.219372011443095,7.944197776199544,5078.937,75.0506143700626
B0044,3.410670178184504,4.167775501643388,0.25085316401048374,-0.8905662435522527,0.3072657937973066,10.307592528834146,7.904886527570053,5051.672,74.57575778163748
B0036,3.3100621558905616,3.848136609578083,0.15161363955524115,-1.9773749348609408,0.20422373332793076,25.25510878948548,24.89207373300309,1819.406,59.84469621486671
B0036,3.4631992414146664,4.176656530010924,0.20489338571664245,-1.9856445663953957,0.1533146836956671,26.547068220384585,25.959062630105592,3260.531,107.57305456685418
B0036,3.4699576163352273,4.183288040976774,0.2088655361198991,-1.9861546605764795,0.15370833172786924,26.495839445842005,25.802571879383937,3265.75,107.77147895666086
B0036,3.4705857000702847,4.184161485400415,0.2083650794954975,-1.987051011427963,0.15432338534261927,26.383869073507284,25.60229945293067,3264.109,107.76943919482287
B0036,3.4698672359538234,4.18413822475754,0.2091767354926821,-1.9874522127800511,0.15499758008889172,26.038513721787695,25.340807182068417,3253.531,107.44309797099798
B0036,3.463667726287472,4.184490871998835,0.20838139231782002,-1.9875372326723815,0.15507399168518854,25.52893924273116,25.066700521969093,3242.578,107.08901873155202
B0036,3.4626756481952135,4.18002707662199,0.20919415628000163,-1.987391854073237,0.1556268216269309,25.434898613415253,24.87901399238054,3234.625,106.8234922123038
B0036,3.466538555244564,4.184814968147981,0.20761841334047054,-1.9874986659392755,0.15573757182674203,25.49992828339642,24.962178834594535,3235.36,106.85543947353418
B0036,3.465990459572376,4.184936056128164,0.2111419829517084,-1.9873121102019284,0.15626772082361828,25.538807420659257,24.97176766201835,3236.125,106.86905934836763
B0036,3.466849428071611,4.185159966585472,0.21082101498317188,-1.9871920484366135,0.15680245089993183,25.42021899627584,24.904899107239256,3230.25,106.67567846322734
B0036,3.467879751690846,4.185259470361049,0.21023961368516483,-1.986994298783672,0.15743825890378688,25.3761734466722,24.82894570331574,3226.078,106.52973603603519
B0036,3.4680189335962623,4.180678430986266,0.21032370541285825,-1.9872186588415872,0.15808286479594533,25.609167303887254,25.10525347823647,3224.5,106.4903434965409
B0036,3.470195201959518,4.185452668161143,0.2102223739735957,-1.986822691116423,0.15839927302267143,25.488141454729305,24.951154809529978,3222.188,106.39506350128572
B0036,3.471307979909313,4.185644073979811,0.2092174483075782,-1.9870379004309504,0.15879666016873784,25.39250622395775,24.904434158959226,3216.546000000002,106.22534280129537
B0036,3.4716713367418284,4.1855690457286165,0.2096538638331053,-1.9869312681166182,0.15922984297433057,25.45190297763985,24.887170444449442,3211.859,106.06816439591312
B0036,3.474226898019182,4.185513751822039,0.20935344640579812,-1.986804032971213,0.15967857097001428,26.00580839279124,25.527212929862493,3215.859,106.1958804465917
B0036,3.4759464645675298,4.18175155698921,0.21047166534888723,-1.9866252110882103,0.15997316494301497,26.845307972510515,26.409994049975936,3225.125,106.49213884186193
B0036,3.4817927176696424,4.18601707914653,0.21030622467513077,-1.9868092429179043,0.15990257650205816,27.81505202908745,27.24956363748299,3234.343,106.80851548231509
B0036,3.4752876993515778,4.185429868468947,0.21254194463472267,-1.9866026335678093,0.16057297493725156,26.20275128566912,25.79213906476866,3218.25,106.27066059586856
B0036,3.47360641557491,4.183946382168659,0.21092700720459387,-1.9863244377080878,0.1613442604887193,25.704404765618435,25.237865068781456,3203.5,105.77068216844359
B0036,3.474225056890293,4.184483195811819,0.20857328254680196,-1.9862809909576005,0.16198841761457355,25.46083879423276,24.99097283085835,3194.39,105.47094390508569
B0036,3.476093760887936,4.166505229896513,0.20624049920467835,-1.9858147027956174,0.1620801384916292,37.62543555779899,32.80125252337081,3225.219,106.4736231437357
B0036,3.478693083596387,4.181691190398081,0.20806107024751466,-1.9840774818957672,0.16151251071632206,36.14360152332376,31.56958368042232,3252.985,107.29625015884245
B0036,3.4750535971066037,4.184954917937507,0.21058121015375675,-1.9825278870850223,0.16244730134487523,35.625609247013934,30.90999308530252,3245.25,106.96430019768204
B0036,3.473958373265381,4.186460975475055,0.21090945963425872,-1.982424743717115,0.16313714184324235,35.57170100720283,30.76520980990786,3235.031,106.62216861908553
B0036,3.473907031933396,4.186163586614144,0.21066344847745774,-1.9820980837755804,0.16343801118882617,35.70160875626844,30.827871356237775,3228.141,106.38053337037108
B0036,3.4760652075601257,4.186271381082588,0.20867149928364034,-1.9821566894712763,0.16409756336780762,35.94641088579465,31.04477819361822,3217.875,106.04746743658835
B0036,3.4762696586688855,4.182325498451744,0.20961849306436597,-1.9821407736423282,0.16430131476060073,36.334410213773005,31.495558048290054,3220.219,106.12678941772494
B0036,3.4773296157781552,4.185344353963488,0.20775293238524137,-1.9819851541329787,0.1648855360119119,35.97981353599547,31.22858520243483,3210.234,105.79366430439312
B0036,3.4741834201518116,4.186613141003604,0.21131158263039646,-1.981820086973132,0.1652139395749544,35.59540889841283,30.77808307184711,3210.546,105.79524962210046
B0036,3.4723504122251145,4.185053437368516,0.21200748123370605,-1.9817861525113654,0.16561038406910455,35.45428075393079,30.558421734854203,3200.969,105.48165094996283
B0036,3.4751627339527484,4.184793481944206,0.2077481105896281,-1.9817252941957082,0.16635502106290267,35.64366066127881,30.72558468538039,3188.625,105.07521835035254
B0036,3.476326267904414,4.182513698980909,0.2074556610578286,-1.9817660120442022,0.16666921597726514,36.101132129359335,31.23295964013785,3191.735,105.18018819174945
B0036,3.475057563311369,4.185287638546102,0.2105088325603277,-1.9816902385826145,0.16702551401882842,35.918627450147724,31.072817634800376,3190.313,105.13275871315236
B0036,3.472743253213143,4.1849685069062055,0.21190515593255968,-1.981485223109768,0.16753357615873837,35.53291026153138,30.6408857593701,3182.156,104.8548627221745
B0036,3.4724597721649664,4.186322425483099,0.2125898744599631,-1.98155009393224,0.1678428900088954,35.58661163053266,30.615000516436165,3180.156,104.79336113823993
B0036,3.4727100432360887,4.184832493551693,0.21187292996613463,-1.9813008900975513,0.16839172541196779,35.60387176093939,30.62198587167864,3171.953,104.51567070758243
B0036,3.4792060334218475,4.182846104868844,0.21065883013063255,-1.9813367014782532,0.168122910762082,37.150900989394586,32.233363947568954,3192.172,105.17933238303767
B0036,3.483370799287766,4.185109686462477,0.2095866194885565,-1.9812253431229576,0.16839699696893765,37.80882382148786,32.95844838713035,3194.735,105.26216705860843
B0036,3.481411230676488,4.184971879756314,0.2096095193768832,-1.9811725960467894,0.1688876869315938,36.91705917872692,32.33796562819801,3178.75,104.73702862431267
B0036,3.4750001030504976,4.184935582810448,0.2113716557056753,-1.981126497626356,0.16960877405054067,36.08766208839117,31.201004004004968,3165.359,104.29430383264169
B0036,3.4729861560107773,4.184405459993748,0.2115608551713759,-1.981010008821274,0.17047334769189404,35.833124475553674,30.844212128034435,3155.25,103.96062143343157
B0036,3.4793522768122993,4.173893175797129,0.2062691548338764,-1.9808915610510243,0.1700554966093676,37.01706025174733,32.19294879984907,3173.766,104.56223157522982
B0036,3.486359894946784,4.18216296627966,0.2077380043179815,-1.9811169585618567,0.16972284257124773,37.72356956982813,33.061467350604964,3199.485,105.4235831764784
B0036,3.4833864674331436,4.185045339068736,0.21024714645586015,-1.9811266494742925,0.16991581243408518,36.98324646085538,32.35366819628823,3196.015,105.30871589180289
B0036,3.521360251690921,4.290021871695731,0.23149984664623566,-1.9836817212075872,0.16026300085672615,39.35953919640877,34.70040609904863,3595.281,118.58611517318458
B0036,3.481761447167762,4.182247008545814,0.20850518380790287,-1.9822350506501858,0.17015323653927963,37.02707505372143,32.421923396380706,3198.0,105.43813701801655
B0036,3.4797578588851743,4.184685800633224,0.2063398026253113,-1.9820268271645947,0.17080550233428288,36.34456840908186,31.609192155405946,3183.516,104.9503110994397
B0036,3.4759650916373124,4.184560765856749,0.21057113468219787,-1.9820222805220724,0.17102494299755935,36.1535770040422,31.31596403602263,3183.797,104.96160103171246
B0036,3.4781154314639453,4.186186804679722,0.21145405043667972,-1.9821008022150315,0.1713681546424565,37.00649086775502,31.998588265349394,3191.516,105.22204027536553
B0036,3.4830514284703322,4.184681735978706,0.20858479131384977,-1.981813383736276,0.17153628796757056,37.85686718856992,32.98892411466723,3189.985,105.15942574610287
B0036,3.4809173250237535,4.182356069295079,0.21042164823772969,-1.9819214923373463,0.17173458529782729,37.45005504798,32.83558656237567,3189.734,105.15824957989143
B0036,3.4789400787918914,4.1845961576838935,0.2078920102912764,-1.9816763209778734,0.1724584054924785,36.77795934417618,31.97863874379167,3176.016,104.69801320224066
B0036,3.4777534118948465,4.184643118766144,0.20828052627196877,-1.9818237973110902,0.17299294889908381,36.644215074090106,31.7958885352369,3171.36,104.55299213408118
B0036,3.4766647808370212,4.184427133733743,0.20877907395536027,-1.9816263251080133,0.17290880711100823,37.138598100953445,31.804649399184477,3170.843,104.52554739966986
B0036,3.4791247798630294,4.184330747490862,0.20711520042265172,-1.98151142532868,0.17352696221595598,37.11821986816654,32.18425444090601,3164.672,104.31767488918977
B0036,3.4818392989655798,4.182320523596824,0.20817577406324886,-1.9814622792671595,0.1734447604580873,38.21028860245779,33.27019350164624,3177.453,104.73686420243133
B0036,3.4813626313858914,4.1847408536372885,0.20940851091320486,-1.9813436819375347,0.17366122311209356,37.5096400873081,32.91813190932092,3172.375,104.56429962734377
B0036,3.473301690187071,4.184091920673459,0.2119307993784879,-1.981529747622425,0.17457554974117717,36.38797733722857,31.48100878915281,3158.406,104.12114966537682
B0036,3.47367585218267,4.184211671090554,0.20750245229363926,-1.9810876831465265,0.1750714974971108,36.0550831310012,31.127100398792322,3141.578,103.54521844174917
B0036,3.4715154587275445,4.184175746614407,0.20933973058316976,-1.9812349777399687,0.17548400150373322,35.91912656959304,30.925481627228724,3138.187,103.44118719360023
B0036,3.476844269698795,4.181891771142459,0.2092794875090646,-1.9812570591809957,0.1750027575791654,37.598391918046985,32.53816915596416,3157.969,104.0945776325809
B0036,3.4828021334350594,4.184541597131144,0.2070109648379891,-1.9809166553606607,0.1752694199322449,38.473409883226125,33.5082870689835,3159.281,104.12124654252575
B0036,3.478717992363499,4.1846109764992505,0.21022429051877592,-1.981005969530254,0.17571621362082646,37.37835847467748,32.72223824057796,3150.375,103.83560769200216
B0036,3.47116141622232,4.184012676032451,0.2114859264861034,-1.9809786114709511,0.17646586335876543,36.32515383321495,31.339643544788586,3134.078,103.30032641024135
B0036,3.469009856426531,4.184121216441852,0.21270709297056561,-1.981059447271351,0.17675647407735212,36.17136327433497,31.09122546658414,3129.797,103.16542923530103
B0036,3.475700880273514,4.17154857381778,0.2031819694218908,-1.98101776318219,0.17607902286246932,36.94271187003511,32.074525923461515,3161.89,104.21860504387635
B0036,3.4820950413929173,4.182622974222649,0.21118375841937312,-1.9810749842802888,0.1752889454085631,37.96104323229247,33.167208512161885,3196.859,105.37169011201104
B0036,3.480244357608362,4.184454856344911,0.2074805883465415,-1.9809975649315257,0.17641640276113865,36.73214755581345,32.14047774193924,3171.906,104.55015484777846
B0036,3.473582906957752,4.184476537283623,0.21097065584242242,-1.9807582643680772,0.17718330571008972,36.08238955313576,31.245399132402053,3160.842999999993,104.17882927657305
B0036,3.4722242034096427,4.184024889589791,0.2096092983406917,-1.9805282406081717,0.17745220937945952,35.84834420893077,30.941808328244683,3147.141,103.7171636667086
B0036,3.4700774937906473,4.184261427009467,0.21030994668807643,-1.9804746484714413,0.1778406456028568,35.70394071930231,30.729579296950984,3141.203,103.51897398575905
B0036,3.4765508294649767,4.182041097453936,0.2073079049781909,-1.98039190119071,0.17787871739525846,37.23120350609712,32.241219078736684,3151.047,103.84048869202218
B0036,3.478023823464381,4.183342596486669,0.21338595949724024,-1.980509113557296,0.17817401925180282,38.21827936701842,33.273484981762124,3159.172,104.11566358485997
B0036,3.4748978056910036,4.184140679167282,0.2088302800373998,-1.9805025193431718,0.17878422925080117,36.626274908995,31.82186022608825,3141.047,103.52176489808782
B0036,3.468132135397358,4.184248094436303,0.2127756454487008,-1.9804477654001489,0.17897557286929622,36.01597323994527,30.953485299150877,3135.0310000000027,103.31993829945507
B0036,3.4677152773874327,4.183757537025025,0.20987530602963458,-1.9802957447258616,0.17990508514333317,35.64214686208444,30.594113322212998,3117.984,102.75550734313596
B0036,3.464870080840597,4.18290280302208,0.21331952847398022,-1.980207910561322,0.17974644082216829,35.82141559167005,30.621050708667628,3125.328,102.99324149167637
B0036,3.4658543618027586,4.183818903348512,0.2134341980017984,-1.9800833052331595,0.18002382271039705,35.84687241575459,30.73760557478901,3120.172,102.81803756801273
B0036,3.463489697714707,4.183839437859511,0.2142485967342935,-1.980268967910438,0.18036508902458945,35.6948403215532,30.475687104433288,3116.641,102.71397024964021
B0036,3.4657104202129614,4.183940441185628,0.21136622170888195,-1.980057929657538,0.18089402312423497,35.819676472043525,30.665478038053948,3110.844,102.51600968404824
B0036,3.4645909946616267,4.184066892064025,0.21123956813550437,-1.9800230190313004,0.18107028030882044,35.629734084261784,30.48169086494209,3101.406,102.20379120045482
B0036,3.4629772764216105,4.181908017913433,0.2110324309164556,-1.9800140007357074,0.18157167020169374,35.66196676336087,30.501790386236014,3099.563,102.14594019255989
B0036,3.4616288821771044,4.1838810012271175,0.21502118034590295,-1.980072672691808,0.18145548847554518,35.75183992747387,30.48295279202987,3104.64,102.31691020265944
B0036,3.4628964155593924,4.183938680731157,0.21366443355185488,-1.9799210298032588,0.1818190914344646,35.77783462667514,30.592002581671938,3099.875,102.15409513336884
B0036,3.4611295820153054,4.183997413375148,0.21416990044708714,-1.9796449702564978,0.1825464287142278,35.713721223369035,30.424569049276556,3093.25,101.92061720045069
B0036,3.4632231738970973,4.183680554471844,0.21147066249202878,-1.9797208473969017,0.18267222372122335,35.725860691702124,30.570652220376168,3086.688,101.71045643299227
B0036,3.4594353969848526,4.182869408506432,0.21523768896755308,-1.9798193556242383,0.18271243982291147,35.768527567848494,30.460459721443804,3094.281,101.96837044097605
B0036,3.4619323762511636,4.18373987583806,0.21193785713835872,-1.9796708243361156,0.18310334813653822,35.84926876193408,30.547691944309644,3088.328,101.76544772226796
B0036,3.4640211108291785,4.183750461912779,0.2130571487646168,-1.9796986341756921,0.18288846614623128,36.56783936040424,31.189572257243857,3095.687,102.0102105217881
B0036,3.4674082899150322,4.183786894340978,0.21301765280002533,-1.9795447080949824,0.18306307073811057,37.22026804863562,31.8980817857202,3102.062,102.20972548649989
B0036,3.467669094088933,4.183945554245884,0.21713822117705178,-1.979462057529197,0.18282177218804063,37.24354714231705,32.32306890954346,3107.141,102.37814011462511
B0036,3.4590063160949422,4.182910559206333,0.21684870541160803,-1.979668515306621,0.18405174292889362,36.101954503621805,30.83436798904695,3090.719,101.85317206863947
B0036,3.4580229191527696,4.183616020558508,0.21378025297240685,-1.9792552718561547,0.18466031075263065,35.590895284221084,30.287043848864634,3069.812,101.14412878636863
B0036,3.4563349020618155,4.1835063699815285,0.2144180680845757,-1.9792443099751138,0.184923822411393,35.41708929698686,30.072000414523774,3064.437,100.96874049224725
B0036,3.460450149170936,4.1862295732164165,0.2162241654144971,-1.9791194191351382,0.1843422626526478,36.54228598490352,31.093661069729663,3083.25,101.58111844550093
B0036,3.463960681885895,4.183727110735532,0.2116616688193202,-1.9791613878366452,0.1848954675383172,37.06815080209899,31.60762351123511,3076.484,101.36209983093948
B0036,3.4630674142567415,4.182211079560967,0.21374700098191468,-1.979091763193608,0.1854454266554596,36.82684422999281,31.68782676208534,3081.297,101.52228605206916
B0036,3.456673276206162,4.183505107711148,0.21671538779999774,-1.9790766827277793,0.1857360218445204,35.92988720620677,30.64130472367544,3065.953,101.0133001624478
B0036,3.455027058159508,4.183301376056718,0.21566359992390702,-1.979038060944376,0.1862574229088104,35.781290058222865,30.35775664232519,3055.828,100.68135483015229
B0036,3.4563883170293215,4.183248853903273,0.21401796917366783,-1.9788327303856927,0.18666387457123917,35.83938701624516,30.46760275047683,3051.468,100.53184060185552
B0036,3.462072409842235,4.183494017304386,0.2138329323413432,-1.9788745442826565,0.18625918691999985,37.17156479403066,31.690335464880064,3069.0,101.10981107416961
B0036,3.466006130026554,4.181646831165721,0.21227026004884755,-1.978798117850308,0.18621530580793866,37.84191340591018,32.58002111430288,3079.235,101.44311080724479
B0036,3.4601239314707923,4.183467994187793,0.21742443893538346,-1.9788051627908365,0.18640905902662053,36.94021929474592,31.69291039725797,3070.344,101.15131948030194
B0036,3.453593464720813,4.1834014802387,0.21856795731334128,-1.978575532876541,0.18738033234046875,35.979852438003704,30.60840039029274,3051.4839999999967,100.52501676940513
B0036,3.4519795194744436,4.18648088216282,0.22027238249293654,-1.9787606413982344,0.18749907268860427,35.91143435448471,30.399652022711006,3054.812,100.64154856102485
B0036,3.454434064432584,4.18650094380192,0.21671342184148518,-1.9785255298300461,0.18772631726495556,36.0224357923641,30.547315574796166,3046.532,100.35866465309002
B0036,3.4638257834252806,4.182814594549196,0.21483663983019466,-1.978665881852144,0.18740614291157873,37.65075812929836,32.47851626978816,3071.782,101.20044448831098
B0036,3.4669219935055278,4.183640043729965,0.21484550666748692,-1.978303548943712,0.1873966299265785,38.27191158762031,33.085111849545555,3074.532,101.27001181163892
B0036,3.4626538753824714,4.1835457131046185,0.21401984150893244,-1.9783071872539106,0.1882816784756643,37.26845925037034,32.12056072268224,3053.656,100.59013917082966
B0036,3.4554390863736857,4.183400261585032,0.21482294186826753,-1.978252788411394,0.18905338152220127,36.23919416621716,30.90915966232928,3031.953,99.87536735966869
B0036,3.453636642746737,4.183219724741507,0.21455193401712624,-1.9782840417249774,0.18933259009160322,35.989930424393194,30.586499493516442,3023.5,99.59941294175727
B0036,3.453072475453234,4.182242945113323,0.21729206935113943,-1.978213800283229,0.18938983312690705,36.752805224654765,31.078305845971443,3042.703,100.23189529974618
B0036,3.626510481777051,4.519252349646744,0.3239464219610577,-1.9837057741381123,0.15718015958261802,38.49714613607372,33.98757612493629,4424.203,145.97476593307985
B0036,3.466145279289297,4.181498148571605,0.21717112734402227,-1.9781440584613479,0.18874232846254957,37.31224141481378,32.26010764297862,3066.766,101.01747129664722
B0036,3.4640146950069006,4.183547797387942,0.21633056672792503,-1.978460059457357,0.18955613835993293,36.59740421257035,31.42619925446257,3046.125,100.35680272559264
B0036,3.4626259258314476,4.183620162153654,0.21613680830852294,-1.9781834973907695,0.18999365693137335,36.44126696853565,31.20956154006514,3033.625,99.93087019085621
B0036,3.4609363258654184,4.183446864929328,0.2173591587967091,-1.9781633628014599,0.19053691574852294,36.32670051789851,31.078110221174402,3028.562,99.7685286560555
B0036,3.4616449511434926,4.183128389159035,0.21607818549062363,-1.9778390299632154,0.19088541436696016,36.29811998606583,31.053614094154142,3020.984,99.5034112092047
B0036,3.46014320685645,4.180942847373935,0.21522580163698798,-1.9780641124929104,0.19123467525336788,36.31566540517328,31.060532833540666,3017.391,99.39896428909113
B0036,3.4580980197093147,4.182939031295494,0.21983407908247266,-1.9780348126637537,0.19135689268682599,36.31712206468977,30.97728291917627,3022.14,99.55446175831199
B0036,3.459389982444422,4.183242834674278,0.21646826887472467,-1.9777931454666962,0.19167902641728612,36.228571111440864,30.93918723715448,3009.016,99.11279062680725
B0036,3.455631406481116,4.183686841202558,0.22231179243393964,-1.9775654046883246,0.192074197961044,36.35810336081934,30.926289651305336,3014.672,99.28972179838442
B0036,3.4549175745634897,4.183358354217051,0.2227603593230543,-1.9777096278151205,0.19212016162033876,36.29901438256062,30.863054927475556,3010.703,99.16669074616571
B0036,3.4567232383364708,4.182728484057378,0.2191182110626776,-1.977833418220376,0.1922336577809572,36.42868217427085,31.038017243387284,3011.75,99.20673898964571
B0036,3.4566056806279244,4.183421219857983,0.22015856010978996,-1.977513435934886,0.19250480913148416,36.39664144336581,31.04050751190746,3005.734,98.99743526269513
B0036,3.457263997632369,4.183196106021016,0.21731364320070798,-1.9773123626836613,0.19328109858183112,36.31743524658528,30.957302786226403,2993.75,98.59542005094691
B0036,3.4540018182289085,4.183209699462281,0.2219355616405435,-1.9773999985000372,0.19296290119175172,36.40596657880105,30.945276932009087,2998.125,98.74289680220016
B0036,3.454729708764956,4.183138406019062,0.22002183067494988,-1.9775454272489617,0.19368255377033622,36.28093983069052,30.888914324823496,2990.859,98.51381535535529
B0036,3.4602322781016106,4.182486390609512,0.2198150778622886,-1.977556174123632,0.19255326201605827,37.95295717388789,32.321489418619095,3024.453,99.61503106580429
B0036,3.4653467037084007,4.183464386226038,0.22016718741010546,-1.9769835735935626,0.19254804747909837,38.41829396059596,33.23510488083581,3030.765,99.79442330415328
B0036,3.4612961227490118,4.1834582213062665,0.22206114883321787,-1.9774113966642073,0.1929702915669322,37.82488704281872,32.672384089467116,3020.813,99.49274895630077
B0036,3.4568319834213184,4.183218486473692,0.22107800293757485,-1.9773199609696597,0.19395459895412032,36.92206046060923,31.627875999689845,2998.156,98.74545580771105
B0036,3.4542748719327436,4.183226539078387,0.220921313044055,-1.9771073220010116,0.19443016225095097,36.61884081007243,31.234092745007935,2986.766,98.36194441713636
B0036,3.459039144301172,4.174285560234163,0.21611363128577607,-1.9761775564887945,0.19922880335444237,37.26760229905419,31.95070753872921,3032.328,99.85609431408615
B0036,3.466556169993412,4.181276067644604,0.21608136265251462,-1.9775382652377456,0.19302982200067578,38.25722659181597,32.94223311807837,3047.703,100.38640526353049
B0036,3.4591810827626084,4.18302191595724,0.22316178902200767,-1.977527154273711,0.19358065439606703,37.22999793294153,31.941852555671353,3034.968,99.9681637390743
B0036,3.4577876655294553,4.183316981130492,0.21984306642029872,-1.976966455996094,0.19442342452209652,36.750095375605376,31.44720711271493,3011.7339999999967,99.18011529906633
B0036,3.454417180570097,4.183031434193402,0.22280512461440066,-1.9771854714072983,0.19485778697893694,36.46133969406453,31.12482497372082,3002.922,98.90599584039619
B0036,3.4527482715790674,4.182347238057592,0.2223904638589107,-1.9768884059107226,0.19560419903771198,36.121581178683655,30.75545169222773,2986.718,98.36096586391538
B0036,3.460599249296477,4.181133837276345,0.2188614242633451,-1.9767960110088922,0.1952512744183173,37.62901534109348,32.32491302674166,3006.203,98.99405247416422
B0036,3.463474146193779,4.18258237874211,0.21997510461098418,-1.9766590715947012,0.19559785183251532,38.17206500603514,32.9527098749988,3011.609,99.16946856778193
B0036,3.458931693641407,4.182469644453435,0.2200530353488435,-1.9763441035961147,0.19614978871331606,37.0744174656725,31.963338156822644,2985.953,98.31417574947451
B0036,3.4515443093644445,4.182289875103196,0.22545755813186338,-1.976398819741924,0.19678756179633705,36.55596040748888,31.192560893948695,2976.312999999994,98.0010748618147
B0036,3.451340191696518,4.182381246517502,0.2237589010583792,-1.9763560129084317,0.19725333335331946,36.35822055804636,31.011896164180595,2964.75,97.61908023042946
B0036,3.4541105051819967,4.18080325573756,0.22031097244335307,-1.9764726236625383,0.19722903884028659,37.04815005782166,31.59342641124915,2969.953,97.7960507987591
B0036,3.456542656900933,4.18244856617256,0.22574004376823661,-1.9761971299509842,0.19678500763710924,37.78142773101782,32.451352345308976,2988.453,98.39200901881547
B0036,3.462836576734922,4.182854046942437,0.2223670426370147,-1.9764358998879015,0.1961708093415694,38.98412239569435,33.70907658061942,3001.235,98.82099715730953
B0036,3.455642847223531,4.182728439067422,0.22437597112956958,-1.9764723723079625,0.19724620857612776,37.65911041193654,32.3628652503866,2976.234,98.00465333008292
B0036,3.453765407751183,4.182876278594965,0.22038233953339065,-1.9762622330108464,0.19803527551815192,36.92167189475025,31.558941182174713,2950.39,97.14617384231391
B0036,3.4500406564088526,4.180649883777921,0.22048226651045266,-1.9761878164815234,0.19871075366298746,36.59954969750561,31.135887556686384,2941.719,96.86019941107122
B0036,3.447400483446299,4.182879997125387,0.22582011200156013,-1.976390548245151,0.19880333156747296,36.62217023847058,31.04112225235265,2946.969,97.04446046095951
B0036,3.449026045033965,4.182616597040702,0.2230592263803892,-1.9763256382870515,0.1992109316276674,36.59089881260896,31.054879323980543,2936.171,96.68497939148001
B0036,3.450376630404453,4.182506766966863,0.22093661764734834,-1.975971961224962,0.2000740246109061,36.59234456560626,31.10833607101402,2927.281,96.38239717972958
B0036,3.447000121773302,4.182535478785295,0.22471790023656585,-1.9758050203647282,0.20025588001390052,36.48018480302178,30.944663670795183,2924.422,96.27953505831857
B0036,3.4669760884346075,4.1690491680104165,0.2107123814077917,-1.9763325577592548,0.19732589402000167,38.23567263982747,32.6791979812127,3023.859,99.56988182518087
B0036,3.4736386683731344,4.181271830692525,0.2168989161359203,-1.9764828677632524,0.1963357765479873,37.930952706812825,33.03296653786076,3056.172,100.63958450365851
B0036,3.467958204671299,4.1830606408887965,0.22018929080048041,-1.9762113672371753,0.1965507786462571,37.19257582780181,32.14080730031082,3045.078,100.26045163389516
B0036,3.4632760700749996,4.182456210343196,0.22169666408408192,-1.976450670496227,0.19739507707977821,36.76201438343683,31.54659714469647,3034.25,99.92065993466301
B0036,3.4628276335315356,4.182764774519028,0.21964348922267898,-1.976336702286546,0.19774687260217327,36.54833629882202,31.32211217550974,3022.609,99.53319666430983
B0036,3.4646012546935614,4.183320176415955,0.21954685837906868,-1.9761771069613194,0.1979229666235159,37.37954300419149,31.944476209251814,3028.828,99.73346186585428
B0036,3.467937221948995,4.180963257164536,0.2197618206405605,-1.9760041905736137,0.19783139441486797,38.17965570439169,32.95970790517297,3037.875,100.02207949934763
B0036,3.462497796397771,4.182710427278442,0.22343995983932055,-1.975873938296025,0.19880935388044108,37.06880928199277,31.94954978552722,3023.187,99.534122374815
B0036,3.4597555835668237,4.182466447324255,0.21841796432569036,-1.976044015388604,0.19910638896845156,36.3207199175235,31.016509562928245,2996.922,98.6810847945854
B0036,3.4575027462160053,4.182351343336321,0.21857821910459632,-1.9757551706068877,0.19978434254614494,36.10688426616758,30.717850318637232,2986.469,98.32569803816493
B0036,3.4593887120996203,4.182757605057146,0.21569743182908152,-1.9758263113357128,0.20032403432492166,36.31248307899438,30.879779806825745,2979.219,98.09440246131751
B0036,3.459697403340653,4.180861110367055,0.219355376404776,-1.9759776263748132,0.19966295855977922,37.07549861586275,31.650221324336044,2995.047,98.61876174747945
B0036,3.464129590458387,4.182794520703595,0.2164303247179339,-1.9757190023217348,0.20008845660346666,37.414877687125575,32.06625589927076,2989.828,98.43896801032781
B0036,3.460169463632063,4.182556061512275,0.22231611723941624,-1.975704650691821,0.20049347878300128,37.09639528593206,31.895952062496796,2989.391,98.42227215575062
B0036,3.4561756716228116,4.182810830291452,0.22040419568213585,-1.9757629054586399,0.20122494533067087,36.36605166703309,30.985495506316067,2967.2810000000027,97.70286180555576
B0036,3.452053305545746,4.182635286848819,0.22353050988476272,-1.9757208321303017,0.20114661077691479,36.234238027710575,30.72140290899611,2962.609,97.54713330216426
B0036,3.4498706612134633,4.180865480888278,0.22279407948570581,-1.9753838232885894,0.20158021926107367,36.13330283566238,30.525764579406868,2957.016,97.34945044173836
B0036,3.4562888987795763,4.182371604193263,0.2240191225314323,-1.9753747226034408,0.20122861549672375,37.40631592104371,31.861104818689885,2973.281,97.87861308514567
B0036,3.4606240664312637,4.182870580087216,0.21982320701898808,-1.9753588071492805,0.2017668111536406,37.77076533558071,32.31201872670814,2968.016,97.71013858529261
B0036,3.456019242182233,4.1827611176443975,0.22380395844631212,-1.975257971644178,0.20222966114147656,37.14813436098321,31.79301024802491,2959.281,97.42175366421999
B0036,3.450712115143618,4.182395237195288,0.2245629158467304,-1.9752191259041323,0.2029175284274215,36.53239990681521,31.01748043918613,2942.797000000006,96.87716511738607
B0036,3.457628617948717,4.174632559195338,0.22079205441617028,-1.974872083562542,0.2017284573641746,37.81511547301817,32.52627247756125,2978.89,98.04693578281575
B0036,3.453055943057908,4.180584396863127,0.22055104367711992,-1.9750892690302664,0.2027526472075513,36.404593910301536,30.971239918679984,2948.891,97.07366763984223
B0036,3.450668341610227,4.182361662503121,0.22291140709285817,-1.9750429933939881,0.20326241166481698,36.31178502135717,30.76463270446893,2938.547,96.73349235575076
B0036,3.450902810317066,4.1825612222864805,0.2208731954949112,-1.9749799926549043,0.2038663515540826,36.180551238597374,30.660177115279623,2925.484,96.3040702467063
B0036,3.4500594839606094,4.18253016588314,0.22106585657649458,-1.9747546184485705,0.20465564734741495,36.10348020899565,30.586674094126863,2917.297,96.02613312081358
B0036,3.449110812692783,4.1821683496152,0.22338624793039388,-1.9749280525665507,0.20459266880853252,36.39815845242428,30.83253477381729,2918.938,96.08810811133458
B0036,3.4458169090139847,4.180085195716553,0.22481643940189633,-1.9747449903353,0.20477823811405596,36.34867749615663,30.68860522383244,2918.25,96.06110422651831
B0036,3.4453799620249113,4.18247008024948,0.22691200622276378,-1.9747270429184276,0.20481042842300862,36.30340414585353,30.620490468656016,2915.4839999999967,95.96940204523172
B0036,3.445133112798374,4.182402126830995,0.22598774873953212,-1.9748519715505966,0.20548541028158537,36.26566178605087,30.598226708173872,2906.015,95.66782763290134
B0036,3.4458558996634645,4.182271283338991,0.22356219309669187,-1.9743987343803497,0.2059350007806618,36.17313667131571,30.522404975221356,2894.14,95.25815056925877
B0036,3.4444897117952333,4.182247103438741,0.22573879717162298,-1.9743953769070435,0.20660174499782677,36.20038317528244,30.572012594415884,2892.031,95.1925817319878
B0036,3.4452529094036595,4.182668785784587,0.22291638795713103,-1.9745565504466334,0.2065228461140503,36.12974352283867,30.525594309542488,2888.719,95.0858747783143
B0036,3.4433682977623126,4.182325389472558,0.2250671844005684,-1.9743485288471663,0.20720655690018247,36.15128962766672,30.460152624234137,2875.641,94.65040100953503
B0036,3.444044633354945,4.181890851070748,0.22276494201776428,-1.9740794817151763,0.2076616863688886,36.06503580876304,30.42634729502671,2860.7810000000027,94.14910525613193
B0036,3.4436657042772842,4.1819812339971225,0.22288844568349384,-1.9739791964844613,0.20837554427294894,36.12802521407918,30.477932880980596,2852.844,93.8910865804319
B0036,3.4414697554582165,4.182031710997783,0.22574515653050697,-1.9739892815959978,0.20820397145769168,36.26774799217623,30.473709628947084,2854.64,93.94869324314138
B0036,3.4563046908197936,4.1803143719336,0.22272757650615713,-1.9743635806531243,0.20694857770854558,38.43630283495838,33.14386747805384,2897.844,95.38200291473997
B0036,3.452089547010762,4.182098322143219,0.2282094096382682,-1.9739686530082492,0.2071020010484756,38.52063845392343,32.934539010545976,2896.063,95.30678502569371
B0036,3.4477573593842226,4.182097383940862,0.2269688955493514,-1.9740791048008222,0.20831896293044008,37.489412293667954,31.954024468442526,2866.234,94.33768514022283
B0036,3.4451953986146564,4.181667072254369,0.22349829567074966,-1.973680146390149,0.20929288104353425,36.78751789975617,31.19189073934152,2836.609,93.3490150285861
B0036,3.4432584336378484,4.182118777318184,0.22483681792875135,-1.9737323749924904,0.2100188779932843,36.62637340717898,30.99297651094941,2829.516,93.1200217936303
B0025,3.400080836543819,4.196965327364252,0.27725912189293783,-1.0680263652396946,1.7777687414266667,41.81748104839704,33.13281956573637,6515.422000000006,110.31511251497986
B0025,3.4067357604110753,4.202556431495687,0.27504124242867545,-1.0683949803553137,1.7779202613460963,41.50441060959557,32.848310333012144,6516.219,110.40794337513506
B0025,3.407792325190085,4.202713117217314,0.27783293248964874,-1.071886802134967,1.7795472187375714,41.67077619357013,33.07297579198606,6489.5,110.32108599321167
B0025,3.425685226676254,4.203084581094102,0.264581610677064,-1.069881568315977,1.778794697541903,41.58349706133725,33.12836651135456,6471.25,110.43292841456949
B0025,3.4102415310941074,4.200058863569411,0.27783809926515024,-1.0696478002906964,1.7781484586091663,41.82908827830225,33.20066590827124,6466.672,109.71790396424623
B0025,3.3956511580583038,4.178122904439056,0.27340057475515217,-1.0609975004031984,1.7740420583153087,41.15307253815554,32.8030291471027,6410.672,108.55545963202144
B0025,3.3987545550856617,4.198227921922519,0.2840299375934012,-1.070055639766417,1.778445628990847,41.167510218490015,32.70663040910488,6474.156,109.88822843325705
B0025,3.4107861698937034,4.201052747751877,0.27929907379420843,-1.0673189298080559,1.7768655233237622,41.40744159178738,32.88774741633189,6460.75,110.07909807399545
B0025,3.4362212866947472,4.2014816169511375,0.2573254249297992,-1.0619524466901569,1.7746976311944673,41.089112912518665,32.85054388832057,6448.907,109.90754095283013
B0025,3.429899192703782,4.201461223125712,0.26418077495235187,-1.0617949104462785,1.7743671647253507,41.56081694228564,33.21344988692114,6447.125,109.18720555970796
B0025,3.406197718925981,4.190430872833885,0.2745339232441811,-1.0616392954595641,1.7741491671215097,41.027186904575295,32.54793058844526,6431.219,109.02175003836285
B0025,3.431364532702854,4.197641122625931,0.26084605518510945,-1.0590758191027096,1.7730500834196776,41.20659187421087,32.95568065114475,6442.203,108.7865313068603
B0025,3.437199999112006,4.200877212432817,0.25890024568647385,-1.0596169539874956,1.7733730839330972,41.45812420664237,33.31259035127085,6427.079,109.3179502575916
B0025,3.4349851634526334,4.20189282071032,0.26292297600879183,-1.0597552847363263,1.7732310742391164,41.50830652935,33.27639301328207,6417.156,108.55545683296992
B0025,3.4358715577304486,4.200832471783116,0.26274880217833135,-1.059854592361014,1.7731845302907092,41.36968179986157,33.13052620279671,6398.907,108.1583986446945
B0025,3.437200278486185,4.200683407820828,0.26205074239450227,-1.0604451363745762,1.7734801504482407,41.46226760798129,33.262538649813465,6384.75,108.00323334418496
B0025,3.388736246577245,4.176908127442872,0.2795553328013125,-1.061164896269225,1.7744748702177062,41.32045149274522,33.4559068625216,6284.063,107.0773776766662
B0025,3.3997812429989795,4.198430576015103,0.2871263289207327,-1.0644657893096274,1.7756071292680318,41.29100352861782,33.359161719231366,6370.937000000005,108.25766072671207
B0025,3.4092528162288933,4.201378297006623,0.28165195423195305,-1.0636693462251967,1.7750785393458177,41.08913600776219,33.19907517017467,6359.812,107.9715394235373
B0025,3.413290161572333,4.201267329262803,0.2804586847639107,-1.063944284256531,1.7751508293862674,41.02067280816404,33.10915637159371,6346.156,107.79432616530345
B0025,3.418321145613461,4.201007650907643,0.27766750217058994,-1.0644931821377202,1.775224602433338,40.73588950026045,32.8730319628199,6328.172,107.53947640663985
B0025,3.422800244593675,4.200640308563649,0.27305443339894786,-1.0611486398597036,1.7735945060469236,40.76227622359968,32.8903015920882,6326.062,107.16302486065337
B0025,3.4103062616510487,4.199028873312285,0.27291746817701595,-1.057828326267502,1.772655536771711,39.71112605386658,32.07013291213046,6352.843,107.94982563114068
B0025,3.4104689136383888,4.200691577023061,0.27717989671469156,-1.0619681305424282,1.7743523368104899,39.797043058510575,32.18349666127279,6309.172000000006,106.92500796918148
B0025,3.4208452515825636,4.199965507353377,0.2693278914951572,-1.0623591353414312,1.774906253657653,39.64019141128942,32.133961271398654,6284.297,107.27571490340824
B0025,3.426965494192803,4.200628533399999,0.264703594202633,-1.0638074812423732,1.7755495210247365,39.75344188854835,32.19734869129393,6265.969,106.98313283217024
B0025,3.4343195510923628,4.200021709929957,0.25849401157505136,-1.0603658561835867,1.7742108649511323,39.57317189988566,32.128660226085096,6266.641,106.64021840617126
B0025,3.379891621690332,4.179880908916163,0.28344367779615787,-1.0606190479243294,1.774216046985211,39.45687787991913,32.16680073898097,6198.75,105.5834718040968
B0026,3.404890220315493,4.185453870728775,0.26717533811209604,-1.0495360191773455,1.7675675233946957,40.711455499237935,32.764485625071856,6515.422000000006,108.2987094272716
B0026,3.418631404129339,4.191986600147927,0.2630985626633311,-1.0501897262481417,1.7677116586972588,40.56984371986605,32.560591865941106,6516.219,108.40177180742107
B0026,3.4453022579697716,4.19141376026019,0.24623493389769568,-1.0474152615120336,1.766268640071686,40.42073541309615,32.70948277164228,6489.5,108.31573065175971
B0026,3.4281919482774947,4.188502919522219,0.2601170374121666,-1.0511342688931857,1.7682034784178888,40.839359753382105,32.89402601565415,6471.25,108.41212025820653
B0026,3.433945869545595,4.191429313781171,0.25751446804904116,-1.051239794627214,1.7682927844840088,40.762597974826,32.88851048708752,6466.672,108.36087678498392
B0026,3.2986715430208906,3.986547462246525,0.2320689462209439,-0.8176606997984733,1.6195870070782297,39.78739652537364,31.60887613480477,6410.672,82.80077726790815
B0026,3.395711592779412,4.1842030048921135,0.27611351202954765,-1.051071206615797,1.7682729564539337,40.12859054534907,32.4909596779559,6474.156,108.4944542882353
B0026,3.4209107644287986,4.189253474215399,0.2625041134276123,-1.048981367462035,1.767049124699623,40.39287009990307,32.63416073863936,6460.75,108.01879785199084
B0026,3.4290052342029878,4.190404777859946,0.25827625191223197,-1.0490946281054965,1.767176346700878,40.37811271633581,32.646683898798194,6448.907,107.80212403747689
B0026,3.4422746572295977,4.188068725985081,0.2482617070302753,-1.0429437842976168,1.7636854873694179,40.6345527951007,32.95341147758712,6447.125,107.80185615637666
B0026,3.391747147883427,4.137907749692748,0.2558930148459232,-1.002108129626011,1.7406373925176053,40.0980220096873,32.14122281811957,6431.219,102.59059697102562
B0026,3.433128893119263,4.186123854255208,0.2531849870337747,-1.046478428570111,1.7657546664531723,40.34748376711444,32.73498021932445,6442.203,108.09291552279896
B0026,3.4445618404708633,4.1900980869893365,0.2477561697377913,-1.0467914868488972,1.765877733611476,40.65512551876581,33.077725434853896,6427.079,107.89888871758883
B0026,3.435084142217923,4.18806162606315,0.25748189019039047,-1.0469850347811238,1.7658501093728307,40.78648924035223,33.067457381369145,6417.156,107.137937490222
B0026,3.4457210478614795,4.1883484559434,0.2504847856414371,-1.0475275600281526,1.7661700647299958,40.64545029611132,32.902717226956746,6398.907,107.4657976739386
B0026,3.4449342432242034,4.18723267594963,0.25228037433618306,-1.0476470565655591,1.766334422454475,40.753548433947245,33.04143942038261,6384.75,106.56481446986221
B0026,3.348388974288582,4.116319031433004,0.2696805904240787,-0.99787222854682,1.7387120496549193,40.90407080657346,33.28920270851618,6284.063,100.45256081236079
B0026,3.4115903895548496,4.182977160580856,0.2620166870308179,-1.05175253436239,1.7692390402604143,40.76016987388447,33.31828122927918,6370.937000000005,107.55222095016619
B0026,3.4077180188358045,4.188680037627242,0.2724948959823716,-1.0581306387784024,1.7724144061714366,40.86760057065783,33.24546150252619,6359.812,107.26677386300759
B0026,3.416993809879986,4.189566172290167,0.2684665308541439,-1.0584303641401285,1.7724856457729972,40.8457724786952,33.19381621015531,6346.156,107.09536001340491
B0026,3.4279308915459796,4.191202777072821,0.26263716765055567,-1.058835499937123,1.772758514753921,40.61328442378913,32.950371591621256,6328.172,107.5686346772101
B0026,3.4504230620169447,4.18738502716279,0.2436957276561689,-1.048570222149277,1.7673902830948414,40.55411444614823,32.98142836772341,6326.062,106.45954601586061
B0026,3.4243550860962872,4.187376898822461,0.25546731152362573,-1.0522245912177104,1.7693695272757821,39.89740047610024,32.285643510120714,6352.843,107.26424259075553
B0026,3.419928142613709,4.187719914558781,0.2660387933628281,-1.0562946339613315,1.7710089570529448,40.148009555945954,32.40988062398286,6309.172000000006,106.21209898412909
B0026,3.4304184604928114,4.187714468300498,0.2629460590694471,-1.0562794361681302,1.770867877420283,40.16428171644192,32.395070835603484,6284.297,105.81819699166415
B0026,3.4416415585585702,4.188634886565279,0.25706339517969246,-1.0570022650761444,1.7712443836440233,40.34822918896084,32.48055490141574,6265.969,106.25753493131766
B0026,3.448941537538792,4.188731148597371,0.2538560367783019,-1.0532958143214939,1.7694005942551407,40.155136061235744,32.39831599080119,6266.641,105.91399109765023
B0026,3.3679598202717265,4.16813557610843,0.28388744026079915,-1.061746365944055,1.774560915889313,40.01460073648428,32.5316653403438,6198.75,105.64110963744693
B0031,3.3729664490249562,4.116561748956975,0.21814499108134813,-3.8333672232532003,0.7378624099795472,60.84632469517393,52.655011353024406,1572.359,99.54431530645145
B0031,3.410655663961355,4.206499027366964,0.2382056617311355,-3.8451016770532584,0.7078073677421077,61.81769411336386,53.97231092767106,1723.281,109.46981836842615
B0031,3.411724207737072,4.206542652746716,0.24215470609216638,-3.8650342644443447,0.6531673032234891,61.82805706187581,53.99108510894419,1705.906,108.34249296846059
B0031,3.414079984476593,4.206636701109276,0.24027252901849466,-3.863745544431601,0.6566855304894574,61.95644236061217,53.996608338848425,1697.688,107.77241951120868
B0031,3.412679097550016,4.206755471453542,0.2474269554357471,-3.8849374979545646,0.5923392295554046,62.099570509363424,53.954262670522155,1686.094,107.63558366531836
B0031,3.3963237722822415,4.172458299789621,0.24302208552283242,-3.8380587255136756,0.7252090062982226,62.03750729435005,53.973288387308486,1678.563,105.80897871730835
B0031,3.4200798093339357,4.2067410088524975,0.2384629958128421,-3.906047424985772,0.5186758516314363,61.84294867967338,53.88993125496473,1677.469,108.34304939544741
B0031,3.4200087266691894,4.2068100656143335,0.23919384198973365,-3.905358988025778,0.5220195712151371,61.8379476525885,53.87262295937195,1666.093,107.58651373500778
B0031,3.417702003194436,4.206952621072369,0.24847454217574322,-3.9279761474648427,0.4297483973296987,61.84646585876763,53.81893583109196,1654.328,106.81282867154769
B0031,3.420480701190782,4.206832562039922,0.2430540029527198,-3.9274541286439484,0.4322802555256514,61.76013798618494,53.82033376097016,1643.812,106.10614175009492
B0031,3.4123332615490005,4.193946956737359,0.24768518817853868,-3.927239655425038,0.4322328729508203,61.91960614794014,53.821133604090825,1652.266,106.64850104721602
B0031,3.420910074120947,4.206655556995042,0.24463499581828557,-3.9268971976071376,0.43349639565996695,61.86471031425517,53.81794815350033,1648.672,106.39421582660655
B0031,3.4216539858581876,4.207198543313955,0.24340623853705215,-3.926457770086078,0.436201018748852,61.77393480386064,53.80194299620242,1636.969,105.6253256163721
B0031,3.423749066677016,4.206978754188053,0.23924865327997885,-3.925817080441477,0.4386899172142137,61.64539051089847,53.75880729814269,1625.187,105.50679282764276
B0031,3.4209893105313918,4.20675228195214,0.2448759986087863,-3.9255513820662964,0.43997312866652716,61.88870329111738,53.78850848662172,1622.016,104.62495154896283
B0031,3.40095456627701,4.168980783747018,0.24000554640389038,-3.852591436358121,0.6872641581345722,61.98674236534618,53.8368863785077,1638.422,103.63913361058941
B0031,3.421591713831319,4.207227268504839,0.24616126267560323,-3.925749357747081,0.4386618253271228,61.73655452780071,53.773379186088945,1646.438,106.20992582662608
B0031,3.420573981542695,4.207303258469689,0.24814413047405534,-3.9249912249362797,0.44140895256864837,61.82230520583519,53.77386924606414,1634.765,105.41626257468448
B0031,3.422624599533156,4.207353806036226,0.24384126915560794,-3.9244475102493666,0.44433906136153745,61.70265737807168,53.754659591825344,1622.016,105.27302685581172
B0031,3.4201177255120836,4.206667054740019,0.2484967435425615,-3.9241185399534726,0.44561942122715226,61.83339482415222,53.766677549195336,1616.25,104.18142704580993
B0031,3.4199667649637617,4.198651200144167,0.240227653218108,-3.924417903030087,0.44569725776051333,61.71886225058171,53.731744909320135,1622.218,105.2877250055408
B0031,3.4203305433739613,4.207348617133544,0.2501349576070621,-3.9240126202473213,0.44712422209771274,61.9456150656118,53.77927288646249,1619.656,104.39305846103531
B0031,3.422863512888695,4.2072481474909695,0.2442756635069247,-3.9232971090768873,0.4499955227132889,61.68681561807962,53.77940592279519,1605.484,104.16961066437105
B0031,3.4198002859215846,4.207149488755062,0.2503352034951689,-3.92291737914847,0.4513117384095789,61.72142337926525,53.7498055148608,1600.75,103.13787252593072
B0031,3.4194705619732524,4.2072173595407625,0.2510352392163917,-3.9226738819129343,0.45286821338697925,61.922368397426354,53.75572683773813,1595.0,102.74768406124397
B0031,3.4145994489347067,4.196145238330935,0.25077770432686364,-3.9229572377699213,0.4511789814174588,61.87504931919781,53.754287656200816,1612.422,103.88936405864521
B0031,3.4248774653161553,4.2069462617112805,0.24085434647021864,-3.922700094183036,0.45437887216279693,61.49120341342234,53.711431807207,1598.969,103.72893268907029
B0031,3.420974185160828,4.207372373768093,0.24876034746779477,-3.9220779649294735,0.4557211044372918,61.70751319442212,53.69342764953342,1592.187,102.54784703239488
B0031,3.4245085053170605,4.206841499612997,0.24023251593931505,-3.9213702793706045,0.4590100400905379,61.49432037699378,53.61958378565316,1577.484,102.29782608339113
B0031,3.423217374797564,4.207073830058116,0.24227022640630272,-3.9210732675731483,0.46033124295920735,61.505904797603456,53.633628437869824,1571.547,101.89951094976031
B0031,3.4217612690112014,4.202288246181564,0.24061289464997782,-3.9208447863377685,0.4604779654272872,61.58650298757853,53.64298219337473,1578.484,102.3548850133088
B0031,3.420095731247544,4.2068098855652165,0.25011918120292986,-3.9207501433470915,0.4619726838153298,61.66803036509911,53.640194623026446,1574.469,102.09297830673636
B0031,3.418207639268387,4.207132897125494,0.25339914280032527,-3.9202672088226542,0.4632460891161584,61.83745125268187,53.65373339276206,1568.281,100.94339460985591
B0031,3.4190055604969225,4.207018144824621,0.2509542037978094,-3.919741625648533,0.4649885758438988,61.7791359328034,53.65355338521763,1561.422,101.21743605552096
B0031,3.4200180230564365,4.206967994384534,0.24794846811603263,-3.9196997597664827,0.466474164198033,61.63755727730526,53.647830742878845,1554.234,100.75889688791312
B0031,3.41552953622903,4.198742074510769,0.2501201546469379,-3.919678832661814,0.46505954947263495,61.76541153453152,53.654715008055895,1573.734,101.27827135873962
B0031,3.4189014427486333,4.206906802432806,0.2522365024634315,-3.9194105864839486,0.46680928334537714,61.71412204720752,53.66098543950281,1566.578,100.7998630452704
B0031,3.423353784322714,4.20664698001037,0.24085886536911671,-3.9186527397651205,0.4699352291208057,61.46370523914892,53.59867010741405,1550.047,100.45732224391398
B0031,3.4227287920309317,4.206935457661614,0.2420449926090257,-3.9185184747583235,0.47165701131794907,61.45868723262231,53.628910349751585,1543.64,100.04172742164033
B0031,3.422760457985402,4.207096999865798,0.2411902174617894,-3.918145386509849,0.4733542417967424,61.44540062417477,53.61379694880726,1536.781,99.58155973486662
B0049,3.053366988981642,3.8462292855248927,0.2716884404493635,-1.9911008133050878,0.209782159601008,16.380725919820748,13.052857746525287,1713.235,51.26741259231077
B0049,3.2129415422375103,4.162219408853582,0.3758156550602705,-1.83826156002667,0.5663341193082032,20.824132297943244,12.628005551626734,3170.984,84.86541768705541
B0049,3.184979657873478,4.191097729318615,0.4477972944963167,-1.9024015568068964,0.458176790476695,22.127142494646403,12.625179528928726,3135.344,81.99535584767645
B0049,3.3418301077163903,4.191581344098992,0.3439548386420773,-1.7343383193976387,0.69567614835857,17.45530915998414,11.462796138822771,3049.781,81.48900330503463
B0049,3.2625681004485227,4.462470916200919,0.36359626389246047,-2.0045868396237765,0.13170835988651045,20.096309819317955,14.669814873687034,4565.859,142.06755001452743
B0049,3.4447754613409876,4.176096603328684,0.4048581414844318,-0.8640775471976619,0.996269680455976,20.530529696550808,10.159724053383584,5428.594,63.34186174445308
B0049,3.2264301040985295,4.192152439213644,0.43168937484688374,-1.6316825774505053,0.7898938311100923,19.605507267281187,12.747809437833528,2646.797,60.14396368731981
B0049,3.226587700876868,4.19193811929599,0.471680389349603,-1.5413805979962574,0.8536484633896111,21.578292345131203,12.859387226194555,2705.594,55.53812926713917
B0049,3.2214892828227866,4.191932999195206,0.45673732511119314,-1.5480032557315486,0.8494501087530164,21.333411676684342,12.77865014417398,2627.828,55.14155686844049
B0049,3.3410764354812947,4.190969695803424,0.4218775274745015,-1.2679865452905723,0.9728125438387702,18.65094643921925,11.60077882051404,2981.312,54.071871622207446
B0049,3.064645703434,4.171684324757671,0.45958569407105987,-1.9918699549524492,0.20412853165133146,21.206691637037263,12.462166006182779,1941.797,51.33980768950634
B0049,3.2359600944959555,4.190637849743496,0.47598240427228333,-1.4315359583206417,0.9134155945717652,21.329570135453707,12.68524460660397,2663.625,49.98859569219435
B0049,3.306834813693079,4.1898267739177975,0.43827767592378425,-1.282717511127997,0.9687343134302493,18.615958800969327,12.070917134385256,2862.25,50.50946797132166
B0049,3.027048731210282,4.190571685709423,0.46747909427597295,-1.99132682330145,0.20844880939877078,22.131760657764843,12.931744232686027,1894.485,48.2063616742344
B0049,3.0458944536011447,4.18826381558764,0.4487607618690302,-1.9900791687971107,0.2137311034506927,21.0797561027406,12.53100572898693,1799.25,46.71039955847242
B0049,3.0556096413337333,4.162762870031206,0.4218069605130619,-1.9889148395636458,0.21807178508889538,19.66472404691272,12.33551372934191,1741.204,47.500429472713094
B0049,2.9848405470772863,4.1692630784027385,0.46430561638777196,-1.9909739596230231,0.21021435715216646,22.347809168975328,13.187367445445181,1899.218,46.300120568077816
B0049,3.216101228170252,4.186817701935873,0.4522966041686387,-1.4760043090484107,0.8918542091115953,19.41196098209977,12.73854385905339,2305.25,46.06010899908416
B0049,3.0487042882213067,4.188353148421002,0.41759987507051843,-1.9881249898325228,0.22350078467313175,19.074608803884857,12.43174282130699,1690.594,45.3029768836274
B0049,2.97408172255637,4.161361064351189,0.4585066432765539,-1.9893873144726053,0.21691801569849234,22.607671167433093,13.382353818734753,1800.421,43.89515417533351
B0049,3.0444695632884358,4.186507738215053,0.41232340487541846,-1.9869251503871834,0.22881591259300355,19.003281636478988,12.300881528020009,1633.25,43.99890794684232
B0049,2.977231196667954,4.188359485457034,0.4642532741054445,-1.9884870151283096,0.22210301492241574,22.10154579807187,13.146013541941878,1737.172,42.36950663653066
B0049,3.0221149151314726,4.185414346041184,0.42651811293670033,-1.9864544147288472,0.2306995011306552,19.702963463668752,12.419820365387574,1614.406,42.922084715937494
B0049,2.9634989615749228,4.187572397568079,0.46631919011326234,-1.9877745412866725,0.22461759639272522,22.293655276575564,13.214727037699832,1708.86,41.294067002693104
B0050,3.058057702902254,3.818275498868238,0.23195586528296536,-1.9678823415208642,0.29484393463615294,17.700710235479104,14.106047002561935,1713.235,51.55243425722773
B0050,3.249035054994234,4.158856235580694,0.3016674857585617,-2.000046726807743,0.15525045888682062,19.05864532227174,12.882473241826203,3170.984,98.47607569638475
B0050,3.276984379936998,4.183088539012577,0.3373066194062902,-2.0001495312287836,0.156706145314851,20.111233999456417,12.442013542177062,3135.344,95.65979493698174
B0050,3.2890741542906974,4.1834218050176215,0.3463471894308863,-1.999381685199029,0.159216386502034,20.278735817853075,12.067451252934292,3049.781,92.68064757369133
B0050,4.452558225780352,4.535649473663294,0.45187717562042773,-0.029284266758646496,0.22693563218745966,6.935918101259972,5.787557091529866,4565.859,1.9445932534954316
B0050,3.3355734950869853,4.542426686314755,0.4714535897383379,-2.0055567331475808,0.12129292720478958,24.96276210259813,15.239769089136006,5428.594,157.68629480982983
B0050,3.2573285012561177,4.180885798287954,0.32316713628943877,-1.9976916428210447,0.17310010003863358,19.265522316221983,12.391726056611569,2646.797,81.16967136333078
B0050,3.2495783074004967,4.184295530413868,0.34323763962912546,-1.9978786539081472,0.17185737943951018,18.66332781758057,12.491970904185653,2705.594,82.07689033767215
B0050,3.267575856775779,4.186758460479898,0.33180896965835815,-1.9973459914842018,0.17473385774998418,19.24741197475352,12.223956310303723,2627.828,80.79789819424985
B0050,3.1510598793508446,4.185256536983114,0.4408635179612672,-1.9987818593787239,0.16465514450080684,22.784422727870645,13.386384235573518,2981.312,81.2719801251996
B0050,3.5669768532640593,4.160830604206153,0.5771103611878988,-0.981190437842449,1.0072830613983033,13.887369323051947,9.39503756076183,1941.797,31.468506204363816
B0050,3.252056715450036,4.184284380356375,0.2881910842401491,-1.9975116671519328,0.17511566364235892,17.779357290699473,12.718196082251707,2663.625,83.63300821138233
B0050,3.0874838435029104,4.184699738172036,0.3227482038984754,-1.9977018363826191,0.16929317981683592,22.23552363801744,14.939082954475598,2862.25,85.34452763467695
B0050,3.527243039562959,3.691318669736286,0.2573826751674723,-0.19770943010321265,0.5960556941707941,10.434223507755965,7.209330122235992,1894.485,4.5740503323953465
B0050,3.2035526569134523,3.795648723658772,0.31767851709254025,-1.2349850771455337,0.9805562428130177,18.15521296792552,12.119721382650447,1799.25,34.26457104501296
B0050,3.4168857432287325,3.757656239642927,0.2945929620991944,-0.6917680676449822,0.9561814848548515,14.027851994614435,9.057556338502183,1741.204,18.00593377624632
B0050,3.290574483611846,4.171560623651518,1.3699376667928957,-0.34492441297103527,0.7574739044829242,9.918067818733402,7.204792493597744,1899.218,10.724775575766216
B0050,3.210764993027875,4.062962069472706,0.3528652969058339,-1.9854902626239654,0.23335231016662128,19.262784970646152,12.058448732368104,2305.25,70.4273690495893
B0050,3.520738945664213,3.705386395014377,0.3147466920797627,-0.28958023501338087,0.7040114083871497,10.698614481562748,7.604057088612014,1690.594,5.745149881179193
B0050,3.3510986530307876,3.763545734911403,0.34311550845097016,-0.7305332698154489,0.9678644927019485,15.425941131175092,10.185710952125977,1800.421,16.60899414946612
B0052,3.134533959399899,3.83956882325682,0.199597262138009,-1.8085460674911937,0.5805209549917427,16.429874854641657,13.147685384792432,1713.235,51.40397251813973
B0052,3.3543285492513166,4.150553672824585,0.2551506533569456,-1.6188443277128228,0.7800630381905694,16.315701424377302,11.746281905613133,3170.984,84.71035610021302
B0052,3.3958185323324503,4.176524869238658,0.25733095867444533,-1.5816653430049945,0.8086278356428308,15.689005573106092,11.375626826625542,3135.344,81.86755172320488
B0052,3.3984180977394076,4.178983136527925,0.2507820344502434,-1.6050658905122477,0.7911162103179333,14.97127576364998,11.242586382966397,3049.781,80.72393867024623
B0051,3.1549295868000704,3.8000325140227753,0.2501844262934028,-1.4446529772433485,0.8871946410371061,17.933039751399626,13.521306814955082,1713.235,38.43228431703925
B0051,3.3515013948204975,4.166332642660912,0.28770348867740964,-1.542691727192151,0.8290963390184853,17.97953483271074,12.329416092737752,3170.984,77.23686300798865
B0051,3.4103353813308237,4.197817181186768,0.28566983513747574,-1.4746378269373634,0.8706193507620529,16.976273689395825,11.786163300295161,3135.344,73.39727310760128
B0051,3.399036037954353,4.201090648817504,0.3010069500697696,-1.5006800020025486,0.8556237034294888,18.15291521418941,11.79177216318508,3049.781,71.90466268369153
B0051,3.35046347393405,4.4605398643795535,0.3218360832763174,-1.896821592318448,0.4130390989267412,20.74350641722436,14.855344209164883,4565.859,139.21441040909343
B0051,3.5507869816186806,4.183564695802171,0.31875716401219756,-0.7374819898351749,0.9592830763634593,19.42896460124537,9.407360590589006,5428.594,60.28059617635124
B0051,3.3747303939191564,4.201222601303239,0.3412339855100047,-1.4120917458916038,0.9025916289111332,18.9541455757646,12.00427347710193,2646.797,57.13213156338185
B0051,3.4288897043375743,4.202406487867388,0.3288703685808046,-1.2823219733883886,0.9519496591633625,17.468709072861763,11.420322251577586,2705.594,53.87049724501325
B0051,3.391239374171384,4.204413406598424,0.35267304861481497,-1.3407891208749412,0.9323909539308038,19.153660408464766,11.80356781146328,2627.828,53.14388969103504
B0051,3.458540277576628,4.203308441652878,0.3330535858702511,-1.1389566244625628,0.9837323681459695,16.52477794467856,10.939133221658826,2981.312,52.742591004422636
B0051,3.331880238029603,4.187936112831865,0.3171704723611457,-1.6577316261962292,0.7409913147912971,17.11375752268931,11.883224057630693,1941.797,50.35684442263793
B0051,3.4455112582421257,4.204131585576503,0.3368320842633843,-1.2024628091563312,0.9726759550232804,17.63739523383682,11.104558398908889,2663.625,49.36730341757401
B0051,3.4313160640623783,4.20261624712583,0.35879422362786667,-1.168347837338951,0.979026602408542,18.52236923892433,11.406827135294929,2862.25,49.88746268139469
B0051,3.3091927488307733,4.204441713018145,0.34695410764798684,-1.665118160522683,0.7344430215781393,18.39923327528304,12.198436592525173,1894.485,47.934639678977895
B0051,3.321646649287508,4.205629455017258,0.3282003393930467,-1.6832381832629877,0.7182867040915532,17.275372082939334,11.825318185585296,1799.25,46.8207404268913
B0051,3.2949705809839465,4.18869211223692,0.3244621079186689,-1.7405566859787576,0.6574060680074947,16.60444518809659,11.835979280716879,1741.204,47.24805038084723
B0051,3.3300145239416707,4.1821997161959255,0.34051451624834694,-1.5726949110278066,0.8100562758744124,17.682518901037938,12.009985166510232,1899.218,45.717712344314606
B0051,3.391911995963896,4.194584498935661,0.3571958616984326,-1.314248973317158,0.9422355995659049,16.94512387438401,11.689546036688197,2305.25,46.17900953112504
B0051,3.267971796503206,4.197406401996851,0.3438866297169587,-1.7652832229320168,0.6280721978068254,17.545176388637014,11.987366110206718,1690.594,45.423593288511256
B0051,3.2933938275360117,4.189508964301152,0.36010616640505716,-1.639295567416511,0.7580772043328375,18.870237090882178,12.368454802055908,1800.421,44.05667691385314
B0051,3.271485849685164,4.19596724295681,0.33959420101414894,-1.755416228780336,0.6403728290752935,16.8501327260127,11.81014948809308,1633.25,44.14844445725124
B0051,3.30778530525047,4.190531975284901,0.36245520597176617,-1.6005657555126516,0.7913306114436405,18.12397455517185,12.09457421285805,1737.172,41.89545213950788
B0051,3.2841455177779646,4.178476681914968,0.3401875162742557,-1.688137636758635,0.7160343750219632,16.26047891418261,11.79702749942571,1614.406,42.09119936415728
B0051,3.3119152698386265,4.1919700049548565,0.3651597599633232,-1.5784322210682304,0.8081061551207244,18.15350870977148,12.079392114792578,1708.86,40.4853952494104
B0006,3.556946061827572,4.179823027658306,0.22659516743494124,-1.990533350635129,0.2020114165262317,39.16298653238707,32.14277785992152,3690.234,121.5631501643568
B0006,3.56147580138708,4.177288238505559,0.232007656013251,-1.9902775421457088,0.20242633247183922,39.2462026826329,32.29307515705474,3672.344,120.95410064655063
B0006,3.5667524696413215,4.1781213228923,0.22412437745286973,-1.9899467848963859,0.20299388166429705,38.999202460252846,32.24414709253608,3651.641,120.24850181674607
B0006,3.5687953371516272,4.1785623580417175,0.221550832457731,-1.9896009282099438,0.20350120855790552,38.84362777186652,32.14711742429942,3631.563,120.2460108840258
B0006,3.563970503289941,4.17824995156942,0.23564320726845062,-1.9895483606575701,0.20331860001790622,38.97798888258284,32.06687277315468,3629.172,119.48412282533343
B0006,3.5735512387791406,4.193216523251186,0.22605946144800437,-1.9901040351037365,0.20281609285991453,38.83989920742278,32.03447836207717,3652.281,120.28270733694868
B0006,3.571139134378589,4.193732603145628,0.23657745407695108,-1.9900886222380374,0.20267701151353965,39.04610837498471,32.11157496697371,3650.828,120.23504753255973
B0006,3.5681507462163036,4.176826628115461,0.2274993356336564,-1.9891170520197212,0.2050189264946674,38.87507521022778,32.112576242471775,3572.453,117.58849949556351
B0006,3.5692834155812436,4.176369138969733,0.22314682772269262,-1.9892116643905464,0.20523988331929136,38.7260539826455,32.03566207329278,3550.594,117.55125120839291
B0006,3.563388513484579,4.176897989902666,0.24088737299974916,-1.989191243247005,0.205412635109486,38.98629728904917,31.99527968872302,3551.25,116.89812132197272
B0006,3.566658719765511,4.177579509962451,0.22936050019477983,-1.9891317699701738,0.20600307527378958,38.65978861919643,31.874127571841353,3530.25,116.20340667220808
B0006,3.5687035970122842,4.177996110793395,0.2251048512425194,-1.9887805507702205,0.2071389883620146,38.84979195732924,32.120959708576166,3491.016,115.55545730915576
B0006,3.569207084156356,4.176316409477926,0.2222086735795376,-1.9887320866401275,0.20785379099075302,38.75128344015104,32.11021168908644,3470.281,114.87036395421921
B0006,3.5659271296109383,4.177992455010172,0.23053100445580993,-1.9887200290368634,0.20776622966478636,38.76853764058789,31.989061278918154,3470.0,114.19008021110805
B0006,3.5612417270649486,4.177439981618572,0.2410110335871966,-1.9887874042287874,0.20826268455814262,38.84686112344348,31.878814448635442,3450.297,113.54364969809463
B0006,3.557881987836072,4.17561570814845,0.24519089656514692,-1.9885910895930397,0.20860366122429952,38.8658897816528,31.767450711024402,3429.407,112.83483492411936
B0006,3.56282437243777,4.177602520456299,0.22962078821623072,-1.9884892463229662,0.20953477019261277,38.647578733807656,31.78991634963658,3409.484,112.18258672426913
B0006,3.5591953280168633,4.176354539745044,0.23690564233983327,-1.9883474274444874,0.20994384101713828,38.79218188173866,31.82883467218067,3390.422,111.54299849334868
B0006,3.5580906165580983,4.177450270459645,0.2331295640738903,-1.9774549866256104,0.25621926608657813,38.77022223929529,31.890449470827843,3390.281,111.54416562217737
B0006,3.565899462157853,4.174584178175673,0.23728308706091564,-1.9892347833261184,0.20441907733581763,37.54320599748628,31.51177053595285,3591.734,118.23573662561988
B0006,3.570814209348872,4.175224020262452,0.22637823643619273,-1.9890474874073771,0.20564686643947197,37.90362577530197,31.874488497680712,3552.297,116.9171809545372
B0006,3.5666817833633124,4.177217300859919,0.23523255201916135,-1.988682950523383,0.2060295269510414,37.6701605139887,31.53911453638972,3531.578,116.21629952618244
B0006,3.5668392745025836,4.176681511062203,0.2281830366803388,-1.9885447318884861,0.20727753522704145,37.34166959188387,31.220866832188786,3492.907,114.92806899473027
B0006,3.5710519693928755,4.190384318239257,0.2280809535935375,-1.9885639445355097,0.20649979709319166,37.28979017254232,31.119005145018026,3511.594,116.22622102129468
B0006,3.5666308474029793,4.176973413125379,0.22128943273533605,-1.9880563928902786,0.20878760829678886,37.16794481484507,31.033244078156734,3431.9370000000054,113.5640292828882
B0006,3.5527392240854914,4.173452155236546,0.24828702085454257,-1.9772969675547487,0.2550510279652047,37.51577848501052,31.001249222460967,3431.125,112.2062288618483
B0006,3.5560959755046615,4.1764585468168685,0.23569232950784283,-1.9771693646864965,0.2558583155228212,37.24165964092258,30.92143474404136,3412.406,111.58698192448526
B0006,3.5504500858303394,4.17626102066065,0.2412668680951192,-1.9660385076397233,0.2945196467100642,37.27233216178077,30.929360248207214,3410.688,110.85344008528202
B0006,3.546007083640312,4.172855540858831,0.23609522141797626,-1.9445990482746272,0.35868920499030876,37.2071345030198,31.00810965793079,3410.718,110.20692630951902
B0006,3.554257954720065,4.188187801734904,0.24338241655362303,-1.9769156942357176,0.2565992948918275,37.49607769896255,30.96779499306422,3392.719,110.92537943090181
B0006,3.555857469677978,4.189991619197343,0.22108351984586955,-1.9997552547832569,0.1472028740367492,37.25007396118109,31.10097217303459,3470.672,114.95972253586326
B0006,3.5537306734803207,4.186982490201218,0.22399671363615298,-1.9884344406296768,0.20930169353012182,37.39699052067588,31.307368922041046,3414.109,112.41870744081888
B0006,3.5452650003621513,4.186483106541616,0.23247375361023506,-1.977131099996694,0.2563264313075085,37.2852066420257,31.131339987164562,3395.219,110.80878160091223
B0006,3.538408778928339,4.187721936001791,0.2365736558729295,-1.965705768920947,0.29559075143204966,37.080390421974414,30.828713779105055,3386.0,109.85162035424241
B0006,3.5297688311332673,4.184171356892756,0.2442494192305717,-1.9542494702422435,0.3305619258645819,36.98024266357476,30.761533072057244,3368.187,108.61461231348177
B0006,3.5300676840423306,4.186779863144672,0.24464747529573896,-1.9490605727432448,0.34614941622095324,37.59874124546701,31.303056929415803,3368.266,108.3122419440033
B0006,3.5248882875629555,4.186482965601712,0.24409981280453605,-1.9373547119632697,0.3755932912194258,37.33680914521836,31.06432144678013,3358.719,107.33421443867479
B0006,3.5190926887152725,4.184741677172267,0.2470108336078659,-1.9312604088713479,0.3903476743623129,37.39499820465976,30.96654665282149,3339.5,106.37278757361481
B0006,3.5151810230271,4.186114015167315,0.24818050170469888,-1.925413982519257,0.40381788555537457,37.35233964342659,30.826455697992966,3331.265,105.77602720633652
B0006,3.514029112834162,4.186378094589789,0.24655146399647063,-1.9198444871883995,0.4172601474671678,37.58677381866742,31.080769482413952,3321.188,105.14640482220818
B0006,3.514139684003936,4.185742966026202,0.2441467401802066,-1.9087331589392134,0.44116578868873263,38.20704456989348,31.69428781742534,3321.844,104.5383992575895
B0006,3.509578354212467,4.18499542353586,0.24857815752130533,-1.90276801874341,0.4529868518407547,38.340431886092745,31.875581783696685,3311.828,103.89342258523635
B0006,3.5110708693292705,4.175622772952551,0.2579982816753887,-1.9093247566511207,0.44011883860882745,38.521539672721865,31.543288143901563,3327.391,104.80031552922102
B0006,3.5159179315855056,4.191704957733779,0.2463333931364589,-1.930637216793332,0.3919487253053628,38.03707160241571,31.420983409991024,3312.078,105.47297914414328
B0006,3.50585340727078,4.185468369564667,0.2446594488840512,-1.907114151507875,0.44283476772046937,37.9342856877206,31.15837149963786,3293.172,103.55275808978905
B0006,3.5010379345914444,4.184201889006967,0.24386408714192456,-1.8953541357988335,0.46674450600859174,37.88470784051604,31.156614216998822,3275.328,102.33058930680285
B0006,3.4974076626364967,4.185838836583766,0.24494709784455085,-1.8892713805954209,0.47839566157516394,38.065368726791895,31.206611383963256,3265.016,101.67848993791766
B0006,3.5388872766749144,4.1729165619005535,0.23131188059689844,-1.9819359924929794,0.23678431221333915,39.788440481350335,33.61169282822636,3328.937,108.92398576528566
B0006,3.5327430295356828,4.186982012423103,0.24214221411645204,-1.9653277079992455,0.29804523507464725,39.21290317800791,32.85630077141311,3329.266,107.99278988832623
B0006,3.521214759733266,4.186537777937825,0.24555349683837133,-1.9470636598230844,0.3494490754391079,38.66937823121345,32.210981559158874,3301.579,106.05961072064194
B0006,3.5093111439506677,4.182282350256796,0.24899377647718807,-1.9241628426386395,0.4067688890492981,38.5170065164806,31.965090081650274,3283.563,104.2068948146524
B0006,3.50716091973708,4.185961817428056,0.24280577853247837,-1.9124470439353745,0.432393442505128,38.29250529949152,31.744801840189538,3275.125,103.27910970859556
B0006,3.500928918686389,4.1836566973224585,0.2434099534316563,-1.8950209973545986,0.46738895101762173,38.52091685291118,31.876564068962466,3265.656,102.01898194846903
B0006,3.4973019898820894,4.184390004467988,0.2457283668493636,-1.8837082435178907,0.4888913093946917,38.95436345473558,32.24289319481841,3266.093,101.3910657018931
B0006,3.4929038301187156,4.184732708741646,0.2442305229339009,-1.871665199438006,0.5096556977569098,38.73136385469604,32.07305565938816,3257.594,100.46339877671595
B0006,3.4886592248223183,4.185835940524748,0.24525111740310898,-1.8654809345089407,0.519890952842277,38.74827601131975,32.030140929891196,3248.593,99.83109929796424
B0006,3.4822930804774015,4.185703389994729,0.2493099528019541,-1.8592903578575999,0.5300532307868653,38.84227056628921,31.984935871368258,3238.766,99.1909712950612
B0006,3.477575664197982,4.184887437252902,0.2518559097122119,-1.848156298789804,0.5484139851314983,39.22138199620832,32.23677365476226,3240.14,98.61532198765643
B0006,3.4787436506489255,4.1845671326128535,0.24779761665897748,-1.8415742473538441,0.5580136833627395,39.46651089916252,32.56097148037261,3230.109,97.9591636954597
B0006,3.4740152461288862,4.184590722398005,0.2481747009528209,-1.8297533943331723,0.575235056243686,39.352653481724175,32.48984985901219,3229.7810000000027,97.30605773985755
B0006,3.4718387718772696,4.181227276564003,0.2426141317087308,-1.8170860697729954,0.5930027640181769,39.31890647034385,32.42612199208859,3212.469,96.09060927476621
B0006,3.463180130644551,4.182601669503782,0.25078402581186393,-1.8111560774496664,0.6010105168060946,39.47196886600465,32.29984271249387,3213.219,95.77255842911781
B0006,3.463469391967206,4.183991041340736,0.24915606885731165,-1.8113056300795982,0.6017500789250887,39.74009698783903,32.610757585145336,3203.578,95.50060820568646
B0006,3.46021805164007,4.182425008087469,0.24908673342769072,-1.803802475704306,0.6101520531890412,39.03600072360686,32.25699351958767,3195.125,94.82307909510108
B0006,3.462574876665621,4.190985194174346,0.24697579942244166,-1.7982439953659044,0.617976822972795,39.16106395962828,32.47193402838835,3195.312999999994,94.54503306413288
B0006,3.4537077937586056,4.181860480163402,0.24885304995083599,-1.7857963808615818,0.6334341515285369,39.20051799483514,32.40219271195366,3186.297,93.59930691689472
B0006,3.4514035349888337,4.183449364094532,0.24921586467170181,-1.7850748194527644,0.6343837459996637,39.15878418316098,32.30987415652578,3176.438,93.25331119774496
B0006,3.450781146333252,4.182943907496545,0.24567669681511736,-1.7785916660457872,0.6423674423126488,39.18225956809825,32.35440526839345,3167.593,92.64569034947554
B0006,3.446105572450592,4.182592999177517,0.2496218879250538,-1.7727874712030285,0.6495580854343683,39.38159156766375,32.4731363791227,3167.719,92.0187418394884
B0006,3.4418152533277135,4.177556435498103,0.2491351218055252,-1.7601807681971697,0.6641426527717407,39.44712875501599,32.52334649341759,3159.077999999994,91.10132903183082
B0006,3.445008015985666,4.183199732433941,0.24515645977476566,-1.7653027883569699,0.6581647774776609,39.40950590627068,32.518264823491045,3148.829,91.39059282085356
B0006,3.441164687975023,4.183585552184287,0.24787050297865929,-1.7593486488770236,0.6651496523287127,39.48443326993031,32.5437072434024,3149.094,91.06207745489324
B0006,3.443620591429828,4.183170360974043,0.24096251553880949,-1.7526167898737661,0.6726676811790744,39.4416762582387,32.56222309600736,3140.547,90.4584009250455
B0006,3.439943269617906,4.183501501534186,0.24353482853815808,-1.7516949849801622,0.6736465926241109,39.53866201326228,32.58978020040808,3131.625,90.15034505410591
B0006,3.43602719305159,4.183243008796117,0.24596851697816463,-1.7510429704034998,0.6743880868507955,39.5867547936938,32.57089563557426,3121.907,89.82817722210909
B0006,3.436309312279291,4.182038001412004,0.2419346998100851,-1.7388746112390865,0.6875098760181514,39.49975288442087,32.537854347094196,3122.125,89.20241052496316
B0006,3.430470227771154,4.182440318401142,0.24765745345800494,-1.738622547139575,0.6874126065884919,39.9686395722832,32.656450905205084,3121.672,88.85074877563565
B0006,3.4417311090871063,4.189962701965466,0.25106300976323476,-1.7870762809520677,0.6320451725781171,40.42668250871336,33.180785234653264,3120.86,91.39839245433372
B0006,3.4355429213552537,4.181214475643097,0.24421421592227435,-1.7612682208672186,0.6625185365340356,40.02451449021777,32.71220835503141,3103.828,89.83287024655341
B0006,3.4272336842373576,4.182157933832856,0.24910541250368623,-1.7545532300777185,0.6702555519871066,40.02167483360719,32.543943889007906,3095.094,88.91806378665241
B0006,3.4307536518687556,4.1802491747767325,0.2401828794282919,-1.7364250156958492,0.6902995946833612,40.07821178158415,32.6655410721976,3095.781,88.2920467875595
B0006,3.430880434209888,4.182775550999248,0.24162483629887058,-1.7371686757879774,0.6901938590679467,40.56578932835109,33.160922870564626,3094.328,88.30292017614644
B0006,3.431984614031654,4.182970513713943,0.24075805090643415,-1.7358183569582517,0.6909643228530621,40.75221353269305,33.414445545408455,3086.531,87.98964761735316
B0006,3.426913589626702,4.182588389688278,0.24390409420958664,-1.7297302660430056,0.697508246759448,40.71162611325717,33.3541679486525,3085.625,87.64930626604122
B0006,3.4220422356705154,4.180388252515709,0.24542766996075077,-1.7278671098991139,0.6991910065982325,40.58721297402195,33.13634596100404,3067.203,86.70042119568767
B0006,3.4202687142856667,4.182476201666448,0.24489831129108394,-1.7269073147637581,0.7000741087207132,40.37035790264624,32.92241762841388,3058.157,86.7180109651437
B0006,3.4248208106770663,4.182567814531136,0.23908593550426926,-1.721199593403834,0.7063457700888195,40.667923693760464,33.20338483123576,3058.812,86.43279988669062
B0006,3.4234990883192666,4.182606347806988,0.24193145802730381,-1.721141114732718,0.7062879072254994,40.99035688395247,33.533950654066935,3058.578,86.41520100496261
B0006,3.4247420964314874,4.183047552179642,0.2397736631429042,-1.7200547727480755,0.7073947804841111,40.99774402817452,33.5767934055627,3049.328,86.10584169902236
B0006,3.450702139255875,4.222516216835943,0.25023747347074704,-1.8210481343824243,0.5878723902180896,40.77265883698999,33.224088400657315,3177.219,95.17900874120198
B0006,3.4480475429907522,4.1909374470770855,0.24326180367661504,-1.821445703423604,0.5876960128492276,40.52220493430463,33.37083344726966,3082.937,92.3601418791257
B0006,3.4399481891896455,4.183028520369727,0.2427997357775891,-1.7899159936953069,0.6287722600386946,40.57746834859555,33.43366634309322,3074.266,90.46773573052592
B0006,3.434112914501242,4.1838942747302825,0.24486483039745452,-1.7769345930773324,0.6443756633067926,40.516963879873735,33.28676739403043,3066.0,89.5284214585646
B0006,3.4325600940363916,4.1839835007856605,0.24147371570402515,-1.7640032117743045,0.6596774682746239,40.34325381638243,33.14347737377552,3056.437,88.58071263538034
B0006,3.4270614887575657,4.183640209073579,0.24463054330051393,-1.7571701008871028,0.6676978597082809,40.39341126895154,33.11021541795579,3048.219,87.97481385701582
B0006,3.4273403168120415,4.183387047926521,0.24185423597053712,-1.7502670210777267,0.675333178611846,40.46341487442664,33.18991802149879,3039.218,87.3652448422221
B0006,3.423482197888437,4.18356344388626,0.24502086656542998,-1.7439614243216512,0.6822341753195525,40.5818264138806,33.26265398635676,3039.047,86.7127966222505
B0006,3.4220957701069374,4.18171248971767,0.24405932801680916,-1.736850855663561,0.6897837526705198,40.61670777074496,33.299978841087025,3030.375,86.41599260739297
B0006,3.421883545422636,4.1832473219705815,0.2428697734145814,-1.7360045229798653,0.6907275433832999,40.63164766168104,33.31663547841367,3021.0,86.08829449911033
B0006,3.4195777411151886,4.183049768329545,0.24466652732217242,-1.729690117077797,0.6973512566768088,40.74323383889164,33.39150630507064,3021.75,85.48089883238885
B0006,3.4175281789596474,4.183092498086332,0.245722297401989,-1.7287954627467013,0.6981361664490335,40.81715493531611,33.41522427488497,3012.265,85.17115671258499
B0006,3.4197860540725715,4.181536580807847,0.24072830824572444,-1.7216729981632184,0.7057008972546365,40.72877617289365,33.39690850726103,3002.641,84.84044821976656
B0006,3.4171369298988705,4.172034399629829,0.2410676672421855,-1.7228162229694666,0.7047731230966315,41.45494452672042,33.73731993653,3012.0,84.85316830970122
B0006,3.4305347141293625,4.188427549455566,0.23991735978462073,-1.7486639022205694,0.6776895899344237,41.39678877103747,34.08965316576344,3020.11,86.73784201652029
B0006,3.4250844180972875,4.181499335679726,0.23957632907127518,-1.7345160724760178,0.6925158045467313,41.36669473718026,33.9987286593769,3002.172000000006,85.50161715221059
B0006,3.4171339862792935,4.179546243153898,0.24514155027152787,-1.7271570233190525,0.700023882713373,41.37787352037061,33.907397114007345,2992.703,84.51363203982196
B0006,3.417521467040602,4.18101558225098,0.24118996831184453,-1.7305179027385762,0.6961800078331686,41.14095609169821,33.70518417605219,2964.468,84.19800249126253
B0006,3.4181623236680356,4.182667734360821,0.24023254474076217,-1.7141443638380731,0.713769009765717,41.2168813199875,33.7458832944166,2983.375,83.91049016486667
B0006,3.4203319359051187,4.179947555799937,0.23704110865142286,-1.7067823273466607,0.7208414875767244,41.40391881889191,34.01657212624259,2975.297,83.32797843343702
B0006,3.4192916311692465,4.182316086490744,0.23940658854934618,-1.7063596521950202,0.720844710362304,41.58657133119858,34.175023374593785,2974.9850000000006,83.29035605243678
B0006,3.414352330355796,4.18300582450457,0.2425959125992081,-1.7052696591517462,0.7218334254343061,41.43504077863728,33.976109677640174,2966.25,82.97874818375779
B0006,3.412701167144591,4.182504606082063,0.24259041351261376,-1.704626557443961,0.7225430721555794,41.37436880579148,33.84150372451663,2956.359,82.65149768077522
B0006,3.410409522809144,4.179533028548021,0.24474597793080613,-1.6985503106996724,0.7290183585855321,41.66477948989921,34.1008464215818,2956.344,82.04488628309305
B0006,3.414419320260644,4.18250512422575,0.2421506300810272,-1.6982347588599789,0.7287515618375688,41.81816829502593,34.34663683304219,2956.406,82.33901227075755
B0006,3.4131710032395315,4.1828227593786,0.2426171972291869,-1.6971165805711328,0.7298100948222105,41.68664700078119,34.216231530637586,2947.266,82.04958113279673
B0006,3.4107019261975147,4.182413969607667,0.24354918786594648,-1.6959199401004303,0.7311075512935267,41.565382893773936,34.041617020161176,2937.984,81.72096882168604
B0006,3.4089059214760367,4.182451170946608,0.24374441129102337,-1.6953163120957457,0.7318900545211962,41.46394809540406,33.890212870710734,2929.125,81.42498598593197
B0006,3.4134080258317576,4.181305580928812,0.23949329489653742,-1.689038351243322,0.7377818063462684,41.6123634180086,34.116762412437,2928.454,81.11406351312785
B0006,3.411221044859532,4.1804870315884735,0.2431681152913039,-1.689240311218937,0.7378539634540037,42.0075404495327,34.49049358941505,2929.375,80.82573350432763
B0006,3.4155210852213678,4.163570261072192,0.23758062010344097,-1.7102007614808157,0.7174252697264778,41.61679232360952,34.23744800906639,2946.031,82.67076696804145
B0006,3.4229838362549794,4.190012868765637,0.2418235620691341,-1.730244918610445,0.6973693285806507,41.80245062827161,34.41428886050454,2955.438,83.92419501379365
B0006,3.414757022019347,4.182418011462176,0.24452878253982532,-1.7152465923901479,0.7121617753005012,41.653004783464006,34.16445180476377,2937.625,82.34576333810915
B0006,3.414358716272361,4.182070839014939,0.24191122340111865,-1.7013404928191733,0.7256641483192122,41.36061809844917,33.877146811272176,2929.078,81.72142990415385
B0006,3.4091886698418046,4.182701902443236,0.24644620841099862,-1.7004366132157598,0.7265368649069731,41.42815616511055,33.839566254190565,2918.375,81.0673883568916
B0006,3.411930366643558,4.182270325485355,0.24298064387616258,-1.6873533635265772,0.7384886031504588,41.343265645039,33.818304796930946,2919.812,80.77940817903496
B0006,3.4094417183837504,4.182394535290608,0.24430319515549773,-1.6919294969110734,0.7347285295063716,41.38118673567723,33.812621135472135,2900.422,80.47578670689046
B0006,3.4081896097479882,4.182061947471753,0.24571559866572168,-1.6852952939579415,0.7407257018236468,41.378450473707446,33.79894614410012,2901.375,79.85448989011705
B0006,3.40737851449911,4.182288987105723,0.24620777882888722,-1.6787428835073939,0.7466443851634074,41.306600641009794,33.702723745621576,2901.187,79.50973685572114
B0006,3.4085862639015,4.179662143533188,0.2434821497535618,-1.6712137513430332,0.75340122926014,41.20408103671912,33.63562651984647,2891.64,79.19289378901608
B0006,3.404843616147767,4.181392635232333,0.24770635723412432,-1.6768931248947172,0.7486485013416443,41.32955629442644,33.690724061796516,2882.906,78.93298684441612
B0006,3.4081057374178703,4.182099866234647,0.24461981189701218,-1.6701186583642826,0.7545133516985317,41.300370296451625,33.71317033815573,2883.265,78.91186346155884
B0006,3.4091728540380735,4.182054276922838,0.24380226014783457,-1.6634753413292604,0.7602099702768097,41.2436462295636,33.65376593260612,2882.969,78.57879722033235
B0006,3.4110817622184233,4.168816046299314,0.2413885747948132,-1.6645875549232958,0.7591691993982392,41.36464929786556,33.983578066068176,2891.656,78.89260147732978
B0006,3.4167486246717154,4.190149239555381,0.2449761229412246,-1.6918384605140158,0.7346364622780434,40.89285784811417,33.816348135475515,2901.25,80.4771581156104
B0006,3.4169689184247174,4.187196878135145,0.2422765369465996,-1.6711981411684524,0.7535373254787405,40.652964511118334,33.60692030225909,2891.703,79.19781697058492
B0006,3.4105763913818787,4.18232296515852,0.24610776312677582,-1.6632769410531225,0.7602661620250699,40.58410707337388,33.47350597721994,2883.016,78.2485197292917
B0006,3.4113335283009314,4.1822817387062585,0.24406911107689153,-1.6559085740676296,0.7667495947329943,40.322783635307104,33.20917872762011,2873.453,77.95571304611752
B0006,3.4081283345557187,4.181394192711236,0.24863447091477814,-1.656100922060331,0.7667608374913484,40.78032921971219,33.58088963686094,2874.031,77.66842919450177
B0006,3.4125732422699135,4.182109437180301,0.24562470719717328,-1.6493259508429792,0.7722287142049981,40.85731522464202,33.764008619560336,2874.234,77.65824829434
B0006,3.407693686560286,4.181210531150237,0.24975273339092707,-1.6481131076816378,0.7731245144778003,40.74860220857894,33.57003564415372,2864.984,77.01744119951339
B0006,3.4073499608041957,4.180183763169455,0.24862385895293532,-1.6402541382604887,0.7793479123932031,40.47227623020844,33.272050895552354,2855.093,76.40503089035349
B0006,3.409292163767801,4.181641969595387,0.24699673938901662,-1.6339151095418003,0.7850126547127958,40.28187574900838,33.12740933210319,2855.625,76.40232886054224
B0006,3.4095492354804775,4.1818501497507565,0.24799161343224002,-1.6340244573659812,0.7851240850970459,40.637565231244686,33.439116773449626,2855.594,76.09348088738112
B0006,3.410318915287339,4.1817089329030335,0.24780727886656095,-1.632488007933941,0.7861787494110996,40.64243349478575,33.482874768414376,2847.437,76.09889396391397
B0006,3.409269478846638,4.178725976011113,0.24851269412421495,-1.6192610042624402,0.796433708568786,40.38713367022122,33.22136307064441,2847.36,75.47992363077184
B0006,3.4094374435069095,4.181148894438262,0.2478508170104093,-1.6178242977824624,0.7975336676909266,40.15316398972329,32.985627389014255,2837.328,75.14386929141851
B0006,3.403885091976961,4.181246648937272,0.2536325963953785,-1.6181015728870056,0.7972314769163535,40.26211669866818,32.970182781539556,2837.281,74.85255405411363
B0006,3.4065929107527846,4.182124874468928,0.2530513297922528,-1.61809852978642,0.7975429399919411,40.65437976632703,33.31018716138479,2838.515,74.8508499135712
B0006,3.4095930016592684,4.179545017207998,0.24949951811862411,-1.6103535053387172,0.8036046939062107,40.41021687551566,33.23406652671602,2828.328,74.54362773467722
B0006,3.409409922814414,4.164241788212258,0.2454220315222469,-1.611644410040853,0.8024149556477131,40.49521984011741,33.117656712920734,2838.265,74.86303986559685
B0006,3.4195489282896943,4.189238693156103,0.24707539060227918,-1.6420364978388977,0.7786975534845751,41.357879741754175,33.784170366860046,2864.547,77.03525188060705
B0006,3.4151799904187996,4.180842923747738,0.2484846023322681,-1.6194806393973795,0.7963677470483693,41.37902988743146,33.806439563441614,2846.39,75.46656044411762
B0006,3.4154594925159083,4.18123823034649,0.24847342262534064,-1.6048643562670923,0.8073736815947108,41.20920760771975,33.63735785291911,2837.969,74.53697868542707
B0006,3.4130336456755868,4.1798277092808815,0.25175511492775093,-1.5916400783224374,0.8172445185870438,41.20630554355683,33.58195933847606,2838.156,73.58996572735197
B0006,3.409452435657409,4.180792839927961,0.25584289767475976,-1.5901105081883435,0.8184044710265609,41.28239317323536,33.56245583951572,2829.843,73.2909448239689
B0006,3.4138496008165014,4.181365190126037,0.2526075741654633,-1.5767754479909835,0.8276512934901961,41.1595683576961,33.5111267532655,2829.625,72.9699752692545
B0006,3.410900672125043,4.180594670510683,0.25584137450881067,-1.575262673173442,0.8286780991319168,41.230427315370186,33.53675907012135,2819.437,72.33466205902505
B0006,3.4105744140130074,4.181424135030176,0.25741131807211914,-1.5684640005188113,0.8331275074290729,41.21487873613708,33.498030695567785,2819.579,72.00696171538232
B0006,3.409651424735992,4.181921994951423,0.258630171202855,-1.5671286757845893,0.834339199917223,41.27439823262361,33.516977262709986,2810.672,71.72491328564445
B0006,3.412857837344254,4.179593598747663,0.25665911002756053,-1.5537993411647464,0.8433112637469296,41.237668013317766,33.531923269271225,2811.485,71.10953978517963
B0006,3.4134509017056525,4.180557596235595,0.25677091136637126,-1.5521827524962775,0.8440916037889512,41.24068073261839,33.567636169584304,2802.422,70.78635205421072
B0006,3.414388187503409,4.181414159913002,0.25727620633883347,-1.5452652929126827,0.8484593754616506,41.28133907077437,33.60493096509702,2801.625,70.45734568634823
B0006,3.412419038813061,4.180815073540562,0.26037501524984086,-1.538651770825325,0.852788066566617,41.28338645880181,33.54281440778599,2802.031,70.15421101775553
B0006,3.4148103057455175,4.1697037841892834,0.2571955455440005,-1.5169723774339863,0.8662067028044486,41.14919304328959,33.472459360982775,2793.39,68.91328088571464
B0006,3.4166177332601,4.180283727512206,0.2583040811189994,-1.5238501013926742,0.8618411900618512,41.26268252018065,33.58210389885497,2793.39,69.54534169629834
B0006,3.4121341541171764,4.181170015245673,0.2641722962540337,-1.5237928146868023,0.8618851863140046,41.45791806300034,33.6634605108384,2792.485,69.21066779876772
B0006,3.419700177568569,4.1575524997258,0.2533363813667731,-1.5391310859398721,0.8526242406974834,41.11666214070682,33.730546074122294,2802.016,70.17688310315262
B0006,3.4234687742187893,4.188511527828155,0.2623534872197857,-1.5426703969635052,0.8509716769739258,41.36263766174168,33.8912822372509,2820.39,70.81597520092672
B0005,3.5298286688693397,4.191491807505295,0.23655823616646718,-1.8187019641679727,0.5950584036965106,38.98218133148803,32.572328114029,3690.234,110.8810941793962
B0005,3.5373201277859714,4.189773213846608,0.23536612087025036,-1.8175598506612867,0.5967037718608691,39.03339796678704,32.72523522519307,3672.344,110.27426491904757
B0005,3.5437367282719,4.188186735991303,0.228111087522163,-1.8164865418840956,0.598033410427442,38.81879668981741,32.64286193755933,3651.641,109.61858646318186
B0005,3.5436661072601456,4.188461118855572,0.2333465027689954,-1.8255891938692528,0.5849720920767387,38.7623045063458,32.51487646204882,3631.563,109.61341018678597
B0005,3.5423432526672167,4.188298524761055,0.2373009622577082,-1.8261139590277584,0.5849781734923365,38.66539257343368,32.38234901543077,3629.172,109.57655791290779
B0005,3.5413347346347575,4.188815807948604,0.23993226167114742,-1.8168108743168805,0.5982374845560281,38.75169504640032,32.43418218230641,3652.281,109.63724888680161
B0005,3.5410250495075215,4.18839163793879,0.24313957024653737,-1.816791144707133,0.598027293280686,38.8207012322275,32.480416444757985,3650.828,109.60645896360984
B0005,3.554133296801584,4.188927891511958,0.2279099167513015,-1.8443412120754061,0.5588480400785012,38.51713023385634,32.41046186109587,3572.453,109.0456678420507
B0005,3.5529355991467955,4.189029250882121,0.23306799549076232,-1.853972745505648,0.5439173113548029,38.526267904657,32.3461408313,3550.594,108.9869606335492
B0005,3.5512057319376997,4.189223427076418,0.23735414167102423,-1.853589933851096,0.5437675433297862,38.52698128472781,32.27679750791685,3551.25,108.97736951862787
B0005,3.549292319740949,4.188916055911241,0.24374302251465715,-1.863380178294828,0.5281400480827111,38.54143406601644,32.15709350345252,3530.25,108.97774484991294
B0005,3.559759220648976,4.189876247266316,0.22947624709797806,-1.8729688102878943,0.5130716590837109,38.52197451768004,32.36407129853099,3491.016,108.35553930746012
B0005,3.558081969139198,4.189286794768804,0.23524097823363496,-1.8826095043160835,0.4956165132448094,38.582485834057856,32.3181954403762,3470.281,108.32867573833323
B0005,3.555692244172496,4.188837765892728,0.23855345527869287,-1.8825367876363654,0.4956211462224088,38.52029413487392,32.15709029211502,3470.0,108.3100610696291
B0005,3.562746818017503,4.189110301768517,0.22453375718322335,-1.8817935155260215,0.49675893020691225,38.21358592965045,32.044070003146096,3450.297,107.66247956588732
B0005,3.5614521756489204,4.18921207304098,0.22859181141516383,-1.8921861285036712,0.4783175942794847,38.1983618706913,31.931593674911532,3429.407,107.63314778587203
B0005,3.5603420474985823,4.188899969428112,0.2336151721811594,-1.9027629207037406,0.4583670956269601,38.31926916027133,31.941655359029298,3409.484,107.66137446214204
B0005,3.5591189041401865,4.188779799856791,0.23939502329865414,-1.9133470605822436,0.43709670101645964,38.4787542519308,31.965008645476725,3390.422,107.69056947331002
B0005,3.557886771846508,4.189272591516219,0.24211638521908152,-1.9131602105481538,0.43739375219380805,38.54659017774874,31.966241678512723,3390.281,107.67320766598513
B0005,3.5520375235511907,4.187614060563439,0.23477782948432763,-1.8553455745575975,0.5414698544768106,38.44749852224995,32.37143341978575,3591.734,110.3159983737968
B0005,3.5525668436897124,4.187628781108399,0.2448173475304705,-1.8746995273150975,0.5092300236214019,38.992275791716615,32.70024990461686,3552.297,110.33937024513408
B0005,3.5567940383270398,4.187447226312926,0.23373891268927044,-1.8738272127883846,0.5103730187309344,38.51424197364312,32.32266411829938,3531.578,109.66805339129692
B0005,3.5614100044534203,4.187344026387161,0.22544994683917527,-1.883193546754683,0.49437303605838623,38.165816144899125,31.98795810666763,3492.907,109.04709870528791
B0005,3.5566107947817986,4.187438187636325,0.23129045070961002,-1.873239184822504,0.5118130466075484,38.16526203587147,31.894456524691385,3511.594,109.0072550584309
B0005,3.5586742170266272,4.18774138117799,0.23910922447932814,-1.9139593751505897,0.43486489663084726,38.27549578575718,31.78039681801023,3431.9370000000054,109.03519864002922
B0005,3.564103182686904,4.188261122540052,0.22432330178039336,-1.9030532722310995,0.4573362383960383,37.98216079918311,31.688747146342205,3431.125,108.34533756494329
B0005,3.559588063594272,4.187338767288234,0.23463255580240505,-1.9134590742247914,0.43606619958029547,38.11100191887773,31.596747992569153,3412.406,108.38941954045225
B0005,3.556833231052199,4.187560306288175,0.24012901309651455,-1.9136209099025532,0.4361071320744154,38.18831137948753,31.565586498787077,3410.688,108.34165013598304
B0005,3.5624410850948944,4.18805176248713,0.22531026238437576,-1.9025819745719061,0.45861118124673544,37.99854111908584,31.59124667045208,3410.718,107.67249336640386
B0005,3.5591407106855666,4.187667484260542,0.23438290818377094,-1.9130621638638965,0.4374122485698811,38.194201649765226,31.603485399391182,3392.719,107.7508169185339
B0005,3.5573161327793144,4.2010701773378685,0.22478337971214638,-1.920618117118412,0.4210961516440683,38.45796400011448,31.91556385491565,3470.672,110.60128435609222
B0005,3.561870782772737,4.1996223345495824,0.2235720445769139,-1.9298830859597569,0.3998423776454544,38.49126351534004,32.081128118597164,3414.109,109.34113705833623
B0005,3.5617586337260088,4.199853323702163,0.2213510620234656,-1.9293005284805407,0.40083773658767985,38.31473393357882,31.849792632896243,3395.219,108.69610892005863
B0005,3.5597307651083123,4.199103467081427,0.21927532436509642,-1.923330987770314,0.4140883105105742,37.861934640176806,31.465690433362017,3386.0,108.06324054404568
B0005,3.5575937553540915,4.199998536865001,0.2239537871103154,-1.9284469980320087,0.40250038264104065,37.90665575786083,31.409348956650316,3368.187,107.78264293257678
B0005,3.5597237883937995,4.19967522099872,0.2209801800385344,-1.9231439161693824,0.41507740963490697,38.34003238560517,31.902247475518077,3368.266,107.47010488358222
B0005,3.559061771422033,4.1991847248803165,0.21771514337644682,-1.9170149640438081,0.42788671422977803,38.0745950590744,31.649024294808623,3358.719,106.81706775310762
B0005,3.557015527748059,4.200012480335,0.22052028075457983,-1.922048805055383,0.4167099351187296,38.07252758016199,31.48874626238971,3339.5,106.48736761164554
B0005,3.5562481933590964,4.1992373656547874,0.21742090167721123,-1.9162302821549881,0.4295413747370516,37.80133585100446,31.329995610092634,3331.265,105.89671452684944
B0005,3.5532756526091784,4.199395781118708,0.22452623481021516,-1.9220800182578983,0.4178785715198085,38.39873985476869,31.569551201845574,3321.188,105.89695577785949
B0005,3.556266431640255,4.199578698026071,0.22096742761745108,-1.9162417890311958,0.4301544929609481,38.74929237918251,32.111426258867944,3321.844,105.58843103473308
B0005,3.5563095420140822,4.199546957512695,0.22117733910818724,-1.9158809823517762,0.4307955266789468,38.87275464755104,32.271676011112376,3311.828,105.2565296724216
B0005,3.558950851054106,4.194091469340824,0.22550794469395652,-1.9114406265753041,0.44067375045589385,38.503541429116005,31.842291659678658,3327.391,105.57321169230644
B0005,3.5534418211598053,4.200715235801255,0.2229496052893184,-1.9158166997544155,0.4305939836666456,38.27009094548294,31.759815453754253,3312.078,105.2776303313642
B0005,3.5510121537420285,4.1990980807180325,0.2216201354243429,-1.9151304155635374,0.4316514819228713,38.11684755251712,31.41911167391793,3293.172,104.62435184598856
B0005,3.551317608213949,4.199398534411534,0.21932074696010626,-1.9148485784393638,0.4329328203091831,38.04152715355532,31.331626572312267,3275.328,104.03420346937395
B0005,3.549003180550162,4.199122915612965,0.22144629488934392,-1.9144128654409127,0.4334053453936525,38.17980302242767,31.35934131425137,3265.016,103.69028438119581
B0005,3.5597648340955175,4.190409478081396,0.22722748069200965,-1.9388813849818083,0.37779475028402737,40.71218198711114,34.31088483888259,3328.937,107.12649656746905
B0005,3.5623454342368555,4.199933846791869,0.22227391812377686,-1.927509725704535,0.4046355296077637,39.88526123315293,33.43585640373787,3329.266,106.50325324434758
B0005,3.558336657621618,4.199365021329158,0.22147695346051366,-1.9267185977839403,0.4061642245882447,39.18287352945846,32.66698125020078,3301.579,105.55809587383011
B0005,3.5540131386228695,4.19902365945384,0.22473746346279738,-1.9261308349663746,0.4074242751781163,38.95156480403077,32.28423408691397,3283.563,104.94014250391011
B0005,3.552376095886298,4.199432142144215,0.22236358329078568,-1.9202346781375206,0.42078135455068144,38.607510759873634,32.00739178780946,3275.125,104.33408992694335
B0005,3.549618661283733,4.199640922827531,0.22654739258708573,-1.9201011498853633,0.42121153219582386,38.920359903369054,32.06387071886056,3265.656,104.02629845383208
B0005,3.54938103086703,4.199305653118061,0.22676974984008744,-1.914427810545647,0.43348048129389816,39.23273115358871,32.43754560319043,3266.093,103.71006300657173
B0005,3.5472118680418956,4.198949734540481,0.2259297319036886,-1.9083407065035893,0.4460659525542237,38.9649270684008,32.16809876635083,3257.594,103.10678085281657
B0005,3.5467052098640246,4.19834220599025,0.22293092024176694,-1.902207182631691,0.4581844418714669,38.83927283461771,32.05752645824972,3248.593,102.47874793205523
B0005,3.544629653883431,4.198995776266302,0.224735876656725,-1.9020484449938708,0.45891308926795626,38.82796377704433,31.97592092807272,3238.766,102.16380002221257
B0005,3.5436291614253204,4.19916986492694,0.22548872600732597,-1.8964907679062355,0.4701918636452334,39.14007944734004,32.21689335291319,3240.14,101.89390581681286
B0005,3.5444946147995258,4.199246833083063,0.22535563972499398,-1.895971437908019,0.47070468917649616,39.349611598028886,32.55632993697177,3230.109,101.5532586077355
B0005,3.5409201846556857,4.19925518864016,0.2279232427931213,-1.8899648799839277,0.48162375811158165,39.29444535878087,32.40048085325998,3229.7810000000027,101.21095729713959
B0005,3.541195668799061,4.199610827671791,0.22571944550735676,-1.8893703824420507,0.48295765610267255,39.10487658009542,32.29371860868794,3212.469,100.63298894642519
B0005,3.540671044783382,4.1994453812630566,0.22232770586728487,-1.8776883243431417,0.5036968499774822,39.0462609369598,32.136071448067796,3213.219,100.01011849360084
B0005,3.5376048790268775,4.198991968341307,0.2278035015163785,-1.8831065986697755,0.4943331421972539,39.398032192832,32.382685497234974,3203.578,100.01579779853262
B0005,3.538422485261741,4.197785116892181,0.22478623561389083,-1.876359921441716,0.5052459745361098,39.10678394120843,32.30899951427638,3195.125,99.36759608729243
B0005,3.53928626988912,4.201331130571617,0.22405053018605095,-1.8709550260104437,0.5151556922537976,39.44448954135193,32.56636929496717,3195.312999999994,99.08673280669481
B0005,3.533690170241391,4.199339974904826,0.22875214978625033,-1.8705599868289542,0.5157546970961461,39.509602016775695,32.46542951751835,3186.297,98.77855644686035
B0005,3.534367734544495,4.198916244859707,0.22434241853957987,-1.8640049795794804,0.5263135506152927,39.33486536224533,32.347056454418095,3176.438,98.10960563376365
B0005,3.5312941932103548,4.198537488587242,0.22742872815982934,-1.8636932149873204,0.527087829798622,39.43723270017243,32.37153894064616,3167.593,97.82316201452709
B0005,3.5309134771684274,4.198943932259475,0.22708128337573127,-1.857820396301907,0.5368188730291541,39.51375235624076,32.45549347979197,3167.719,97.51719607083118
B0005,3.5287226893409893,4.199579806494986,0.2296112762432864,-1.8572160981955346,0.5374001902211296,39.60170302810528,32.50017194695606,3159.077999999994,97.21963081741316
B0005,3.52625493581969,4.198782234828033,0.2310765911883366,-1.8568340008006832,0.5383160191069417,39.68746359758208,32.50100298369444,3148.829,96.88352676885064
B0005,3.5286843243370045,4.19910517813207,0.22510578697122166,-1.8448886500218815,0.5567437022145733,39.53535075538898,32.4728927422438,3149.094,96.23849334952976
B0005,3.525556939424901,4.198510853141954,0.2281397131118496,-1.8444180038305806,0.5575503803894237,39.6502371632164,32.50480154634882,3140.547,95.95404569190775
B0005,3.5226805646793737,4.198732430468704,0.2308516858920289,-1.8438790389835118,0.558258177729594,39.69929058154853,32.51218336210202,3131.625,95.65249268173628
B0005,3.5246734587890085,4.198799630396931,0.22588557047078087,-1.83711254029409,0.5679295356339376,39.56076309770468,32.45692821941515,3121.907,94.9868437294337
B0005,3.5213155754526824,4.198753541225669,0.22872630381164663,-1.8315957075983758,0.5767088275569215,39.63708096307912,32.447059186431154,3122.125,94.71328334022664
B0005,3.51803386486462,4.200309982421394,0.23152662212104436,-1.8311195242792309,0.5767399739087573,39.43977047692484,32.32889654966259,3121.672,94.66275931886862
B0005,3.5236841955396794,4.201124089732316,0.2295228480555242,-1.8432799764914718,0.5590382516984779,39.83902225625452,32.84488475360107,3120.86,95.29486160166385
B0005,3.519146638240668,4.198150316653697,0.22754368748819617,-1.829798505957538,0.5781334853154986,39.41794949618613,32.31731555011648,3103.828,94.05278099863438
B0005,3.516233648608237,4.198524048997099,0.22767764621364045,-1.8236746835609148,0.5877660020442546,39.262781682151214,32.06376130177751,3095.094,93.46578035150401
B0005,3.514773138461639,4.198840869468569,0.2288190587510357,-1.8176720770210877,0.5961114455245333,39.47237839941986,32.21997626855924,3095.781,93.15902330664558
B0005,3.5132992979150073,4.198119631667182,0.23177314415834077,-1.8179238657973993,0.5961445220961885,40.03754146951368,32.7120225448885,3094.328,93.14203831514308
B0005,3.514484830704665,4.198320288264955,0.23095886806963914,-1.817160673909645,0.5970349702033853,40.14273016201157,32.945022147355694,3086.531,92.8558172288689
B0005,3.5109677353595243,4.1980467610750285,0.23330751651469486,-1.8110297241968543,0.6051581383309773,40.1165626728546,32.857549597381336,3085.625,92.5084942209168
B0005,3.510935874957801,4.199047008209673,0.23108659705635715,-1.8094435644526072,0.6069013859029622,39.87503330866132,32.629663328789654,3067.203,91.8731553389019
B0005,3.509393098217416,4.197669918520713,0.22920883095192396,-1.8026537331443495,0.6156468293908701,39.61961987024145,32.379859014262976,3058.157,91.25664029143394
B0005,3.5066782411556563,4.197600624105256,0.2328002385953969,-1.8031542757366412,0.615721903133411,40.067324667444815,32.68215852457039,3058.812,91.293133332892
B0005,3.5109885623008092,4.197985718630326,0.2283329552029984,-1.7965666438696486,0.6234851437507705,40.24716716520102,32.99387423636739,3058.578,90.94206595941164
B0005,3.510305462695178,4.198164128530042,0.22846049187380552,-1.7959771394311954,0.6242659960184777,40.30253125568348,33.045397072111655,3049.328,90.63379881439297
B0005,3.5222215314850214,4.222920057935785,0.23489696038406022,-1.822916991757235,0.5889299654441849,40.09418103142496,32.856295641052824,3177.219,95.90959496568622
B0005,3.5163492154331264,4.200423045909808,0.23460822575957183,-1.8294275689587538,0.5799206922442278,40.52238496316615,33.33950238056361,3082.937,93.4028975087786
B0005,3.5134397623234963,4.198372063670128,0.23373674328687408,-1.816317296828028,0.5976282910241006,40.56886357314186,33.35156485472646,3074.266,92.46175343404741
B0005,3.515137522009075,4.198353213898968,0.2275911231966178,-1.8033689952639713,0.6147651065356567,40.27804845768325,33.147486361012966,3066.0,91.52309745521849
B0005,3.50830390643132,4.197873789078739,0.23352522351086794,-1.802670753119494,0.6156394846208407,40.2921849196155,33.007275861749356,3056.437,91.19921756686111
B0005,3.509190808443004,4.197955644238241,0.23018953113289325,-1.7958941337499832,0.6242630120504568,40.184384347174266,32.91990812745461,3048.219,90.60222199798433
B0005,3.5068097579555353,4.197918434710392,0.23206199649358034,-1.795344963527795,0.6252844674365714,40.320066232195046,32.99903328622305,3039.218,90.30002458049582
B0005,3.50609090727422,4.197739340034368,0.23177324893998671,-1.7893518988259458,0.6330101724590489,40.33650561265159,33.03772281691292,3039.047,89.98146250492086
B0005,3.5037157727265953,4.19785490446139,0.23381247270066655,-1.7883879159763685,0.6338733874724278,40.43267631588412,33.07740307192613,3030.375,89.68172355853922
B0005,3.5067479961367156,4.197306756122815,0.22817625044492165,-1.7815447770741009,0.6424340150968986,40.314538591575015,33.05467981523988,3021.0,89.04259572586705
B0005,3.5058813026542324,4.197528212001444,0.2283393623825587,-1.7753115642966961,0.6496163987691415,40.386661855917744,33.11570360624461,3021.75,88.74539651559296
B0005,3.504168333530808,4.19743662221161,0.229234886610025,-1.7742377662318363,0.650820274975926,40.43384612547835,33.12942148982365,3012.265,88.41960716318444
B0005,3.5030568931470634,4.197717228550219,0.22962412070328486,-1.773860289771637,0.6517546907968572,40.44479269068758,33.130681310493344,3002.641,88.10878614392709
B0005,3.4982324882487936,4.192454851360723,0.23355982041117498,-1.7809702419814517,0.6432257233392734,40.58499656066617,33.20069210329718,3012.0,88.74749973302173
B0005,3.5065859365661325,4.202845001527377,0.2331416663559091,-1.7879098523188455,0.6347436730403643,40.99869158762305,33.78697527817091,3020.11,89.35600490602164
B0005,3.501457140697961,4.197952808231904,0.2338907608197367,-1.780229415660985,0.644246791952682,40.997807625227495,33.673365085761986,3002.172000000006,88.44271626073777
B0005,3.5016583871628097,4.198017952345714,0.23145672397193165,-1.7731015168894209,0.6524940973483503,40.84213757482493,33.535818118317145,2992.703,87.78296373472965
B0005,3.4966186408455298,4.192162800008929,0.2315978911633851,-1.7705879947441516,0.655250568309213,40.69012464267011,33.32269982188509,2964.468,86.83611702642902
B0005,3.4991645719433246,4.196993378341778,0.22983938603487397,-1.7600629827474803,0.6680517358563884,40.69938049882204,33.346230327490304,2983.375,86.85074872593009
B0005,3.496080777360074,4.197603515102162,0.23463832033648271,-1.765575132998529,0.6618426180378948,41.06026204078849,33.64948900485925,2975.297,86.90316123840091
B0005,3.4959014526388,4.196406678544622,0.2338027128281173,-1.7588271887545277,0.6688280176098168,41.19696040482682,33.79269513542103,2974.9850000000006,86.54590320849981
B0005,3.497586979902671,4.197098662004674,0.22950556866575983,-1.7516428147438297,0.6770407760388341,40.84446688602949,33.52446663707275,2966.25,85.9264683866118
B0005,3.4956989619989507,4.196909312093871,0.2299778752335828,-1.7513097768253418,0.6778601694318531,40.764203830749366,33.39042251934235,2956.359,85.61436839360714
B0005,3.492875380810072,4.197105220217278,0.23378302547155907,-1.7511840784846122,0.6778637436789006,41.11212504270441,33.67370212742761,2956.344,85.61140942969533
B0005,3.49551076423368,4.196244829545076,0.23062957343481494,-1.7446206812145286,0.6848904297582487,41.27256611507568,33.91080564765892,2956.406,85.29300761826089
B0005,3.4942333590450834,4.19680260180666,0.23088390043863466,-1.7436362428649814,0.6856979354646392,41.15574924454392,33.7850680599871,2947.266,84.98574245103646
B0005,3.491197414255986,4.196227405416926,0.2322965366171324,-1.7425325036061037,0.6865929751072053,41.03237216951879,33.61126807392732,2937.984,84.65776837939858
B0005,3.488909408157623,4.196558172556389,0.2329264823133463,-1.7419837011363046,0.687505691566351,40.937269906716935,33.45598581472246,2929.125,84.35795414589305
B0005,3.487376295811431,4.196870541112335,0.23539887207666607,-1.7421680980861822,0.687538016943258,41.240704611971786,33.723267448788484,2928.454,84.36808158214882
B0005,3.491994243745711,4.196795527524874,0.23108854744939497,-1.735841378420618,0.6944616604006627,41.43649987692296,34.05007636985734,2929.375,84.07061961717643
B0005,3.491585878898649,4.189287343772767,0.23180346075829492,-1.7567879869499758,0.6716141949745494,41.16703904201915,33.889346908026745,2946.031,85.61117998749407
B0005,3.495576227046425,4.201144545237731,0.23434594414669577,-1.7573176114092575,0.670534030462985,41.36216559728765,34.067648550088656,2955.438,85.90162706246916
B0005,3.4938988589692483,4.196925753814179,0.22991162204202661,-1.742762839332656,0.686699579770391,41.02198772703674,33.75168100943646,2937.625,84.65332980374556
B0005,3.49159162968384,4.196901090271507,0.22969721453384803,-1.7352637407600362,0.6944284081835842,40.78818812957494,33.46482299584788,2929.078,84.03378585251681
B0005,3.4885729299834787,4.196688955833435,0.23125162530471471,-1.7344350518111926,0.6953424822644083,40.81506138506309,33.40210697922146,2918.375,83.68869423540356
B0005,3.4869021151089825,4.196339302740304,0.23209353799352606,-1.7280392046289716,0.7022316077780137,40.85837421987642,33.410688917712235,2919.812,83.41974946293067
B0005,3.4855485210036417,4.196181412764837,0.23241327259559025,-1.7326888725308258,0.697237772226579,40.839876773287166,33.38984948261314,2900.422,83.09626985522728
B0005,3.4838912547260388,4.195770804194879,0.23297198966112082,-1.7260735249920125,0.7040151021068305,40.85376069244676,33.3700433438796,2901.375,82.79429250785945
B0005,3.483198941484065,4.195456241846729,0.2323856820123224,-1.7195393742714093,0.7105949418446779,40.74795214258888,33.27215987470977,2901.187,82.44835240234615
B0005,3.4836274447098883,4.19654355365607,0.23137348858328963,-1.7185829844462919,0.7115856854453628,40.68794001196382,33.222444215660225,2891.64,82.1377601288511
B0005,3.480172442538601,4.194357133255019,0.23326911304838618,-1.717672415155695,0.7126205209603628,40.7810749453613,33.26207748383125,2882.906,81.85563630694345
B0005,3.478452148610975,4.195863681881766,0.23529509458933892,-1.7177080769362936,0.7124313037276298,40.88159339768709,33.312029905516525,2883.265,81.85538271735804
B0005,3.4785782556105507,4.19558455466442,0.2340977087570062,-1.7109669363015378,0.7190538318519245,40.81191473576834,33.25287943255863,2882.969,81.51058014917734
B0005,3.4825195584604582,4.188483624251573,0.2303412402483575,-1.7184206130755166,0.7116002030602223,41.11793533148924,33.745054045019884,2891.656,82.14705365027439
B0005,3.4886823636752835,4.200346502821317,0.23089056285952433,-1.7260471943596487,0.70406823889181,41.248795355864885,33.88841975386692,2901.25,82.78728944317443
B0005,3.4858502383832755,4.1981749992980655,0.23006365836911544,-1.712021613408506,0.7180955673190298,41.16242984455477,33.7353756996425,2891.703,81.81604979154321
B0005,3.478794177297151,4.195715092938243,0.23453996495323506,-1.711022510206629,0.7190570379830654,41.16437554618679,33.59131052719714,2883.016,81.51340425023025
B0005,3.4812826020756744,4.195755769877104,0.2300023006876262,-1.703421414006958,0.7264082658567215,40.86421618020504,33.32366688599416,2873.453,80.8886226306829
B0005,3.480352041587074,4.195911764444989,0.2317297204267771,-1.703574708739156,0.7262019250374427,41.25434553511566,33.691961507697364,2874.031,80.90771444852027
B0005,3.4781127815565127,4.195824004004723,0.23459878147822352,-1.7034912994217157,0.7263745505953919,41.45023191903855,33.887639684793655,2874.234,80.91143058690795
B0005,3.4765867130506134,4.196258226051591,0.23472415799026072,-1.7023383270190764,0.7274936186035835,41.27708509224051,33.67308060941856,2864.984,80.58957019483479
B0005,3.4733769291841643,4.196612664794988,0.23613516344527882,-1.7014238498912502,0.7284124959732013,41.06460515498328,33.411988203265814,2855.093,80.28342498903305
B0005,3.4726366397371127,4.195850781215982,0.23522618557771546,-1.6950436046971957,0.7345611096739674,40.99284868101728,33.29926524979532,2855.625,79.97297883256475
B0005,3.473439372740961,4.196002392961924,0.23518545064249638,-1.695057731610264,0.7347721783758081,41.29040553417739,33.59980731390034,2855.594,79.96838850639372
B0005,3.4754777099091454,4.196207586734141,0.2330705684131052,-1.6937809113323188,0.7356134071094789,41.22740227746052,33.61961195858585,2847.437,79.6752610419895
B0005,3.4722884821666766,4.195534582569042,0.2344914419346953,-1.6869434054016965,0.7418705913426482,41.04619550953222,33.3945201718652,2847.36,79.35499407292929
B0005,3.471373665098864,4.1957439573980455,0.23373399463291314,-1.6860649112944588,0.7427475926138861,40.85874389007758,33.16734508187535,2837.328,79.02808036697438
B0005,3.4726160162875095,4.19586805747139,0.2317139516350819,-1.6795829780331426,0.7486911075587083,40.79196924883506,33.10962161613893,2837.281,78.72934500240335
B0005,3.4738146874457896,4.195347750909715,0.2314553175547566,-1.679793840292355,0.7488533717853917,41.14127834456325,33.46501751186519,2838.515,78.747100719841
B0005,3.4701426486639693,4.196065828878837,0.23472522386577235,-1.6851739865098712,0.7438768164764811,41.14429319149828,33.442619101404404,2828.328,78.73674396956119
B0005,3.467523652225441,4.184534803011309,0.23031267169577166,-1.6863812036302581,0.7428319626634493,40.66184230912503,33.037928170775885,2838.265,79.06997972961237
B0005,3.4767525840839255,4.201240476440081,0.2357905002938202,-1.715777469309528,0.7147439225571015,41.04669454497069,33.4949493613756,2864.547,81.23501297854816
B0005,3.4758956827369127,4.195703567262997,0.23179732230772573,-1.7007216920098716,0.7293490278732816,41.0462053156659,33.491363029025784,2846.39,80.0051896787006
B0005,3.475812179626641,4.195744519551191,0.230210121933629,-1.6928138295817332,0.7367700122619932,40.8683026432256,33.329808599922345,2837.969,79.3779424397541
B0005,3.4746554404904435,4.196363050482315,0.23072335808814123,-1.6861104874993165,0.7427756192144798,40.85283588259973,33.27302769298771,2838.156,79.05813632147533
B0005,3.472301781313945,4.1957929878569455,0.23174255819209505,-1.685043785043406,0.7437386119488855,40.85270645265791,33.229879126701434,2829.843,78.75710207053834
B0005,3.4729305773503527,4.195797286482793,0.23047543951511296,-1.678524839793589,0.7497527985378388,40.8263251809212,33.20860833999321,2829.625,78.44898823181194
B0005,3.4696192030612285,4.196349384378125,0.2335360160165041,-1.6839115230941766,0.7449043048958415,40.90308836809665,33.236115055926255,2819.437,78.4326788539002
B0005,3.470018470757559,4.195609431921248,0.23228852507704872,-1.6773783325850857,0.7507201142394082,40.84337405460518,33.18660088296571,2819.579,78.1097944586367
B0005,3.470762691935286,4.195339917236225,0.2308019513459115,-1.676425373206175,0.7517330528835424,40.81792110626284,33.174058099115534,2810.672,77.82531362747808
B0005,3.468111467035994,4.19540205700612,0.23331018641197845,-1.67627880896028,0.7519156881213355,40.94699384765951,33.253984518546055,2811.485,77.84469105946924
B0005,3.4648625780221494,4.195685302232799,0.23628874196780142,-1.6817992883033976,0.7468204737683257,41.07493805830632,33.3198093248819,2802.422,77.8478379156142
B0005,3.467864133752208,4.195561297751176,0.23302321568608483,-1.6750812261110137,0.7527506827263925,41.02476444658572,33.33765795318199,2801.625,77.51797184831166
B0005,3.464021404592563,4.196066962029683,0.23624354348512958,-1.675366426273468,0.752577985925264,41.06214198725253,33.29076744042025,2802.031,77.52910632325776
B0005,3.4664623858156745,4.196640912532072,0.23372068251081674,-1.6744879201095209,0.7536990836142821,40.98366325567302,33.27568841807217,2793.39,77.25377461544014
B0005,3.46850906693551,4.1956235749123225,0.2314029145517178,-1.6674467270234996,0.759749939831608,40.98234242711097,33.32067807371405,2793.39,76.92765589407729
B0005,3.466806213058136,4.195862008850563,0.23283528586038774,-1.6674702882406252,0.7599494093003732,41.06375085817118,33.37314972896719,2792.485,76.89475444749644
B0005,3.4710707220080397,4.18482689434833,0.23018035235448406,-1.6888978346592105,0.7406357353840044,41.047029587744966,33.71351889594897,2802.016,78.1826228693643
B0005,3.475472204020004,4.201968615940368,0.2359864959610258,-1.6979281889133206,0.7326261071163669,41.051007697556734,33.86531768239223,2820.39,79.14206376344731
B0007,3.522006703394617,4.199497433806136,0.2881775974288166,-1.8691188840185695,0.47650762856966966,40.59042914535701,32.62485875142121,3690.234,112.94552568041769
B0007,3.5319490434317116,4.198510349854315,0.28042527107844056,-1.8680422715350309,0.4778200874778309,40.26023408628707,32.738209593287145,3672.344,112.32346044785378
B0007,3.5344025220217845,4.198280074112568,0.2844568598122299,-1.877784734502072,0.45959674206821344,40.27558633997852,32.68511456550919,3651.641,112.32499206952306
B0007,3.53492504932652,4.198267468745592,0.29083757862587983,-1.8875256535871225,0.4403601314030101,40.29314715799111,32.554748499572646,3631.563,112.33145620232496
B0007,3.534536640068787,4.198464224146956,0.2929624493875082,-1.8871559747738404,0.440591196422929,40.2688726302198,32.46787845303298,3629.172,112.2526158264006
B0007,3.5411626672196816,4.197967993115647,0.2674296832861651,-1.8675154082122565,0.478755396723532,39.67620802332074,32.48624734055599,3652.281,112.327242556522
B0007,3.541165612176161,4.198023461704379,0.2718843747011349,-1.8673304059806155,0.4787197380967585,39.80381766292616,32.55779966353037,3650.828,112.28154601546183
B0007,3.5494581176357975,4.199372697237068,0.27369566400247164,-1.9063154499484403,0.3989572643880162,39.88810476942348,32.45374435641106,3572.453,112.3755289090931
B0007,3.550280546407974,4.19921182024681,0.2778617953651774,-1.9164259300038171,0.3754267038591207,39.95162250671474,32.373246444985035,3550.594,111.66968217463673
B0007,3.5481347674910286,4.198957678253482,0.2845628157128564,-1.9165016044519982,0.375197325688978,40.05202185471829,32.30534276235138,3551.25,111.69127878670868
B0007,3.5484272148956437,4.198832114024662,0.2896636595475328,-1.926771167846017,0.34931803848510656,40.1213838436794,32.183319483399806,3530.25,111.69079257173694
B0007,3.5560433603714667,4.198945227315025,0.276782824822683,-1.936979366983281,0.32129244449448424,40.174657039770814,32.378853181816005,3491.016,111.07009668736264
B0007,3.5604849642800684,4.199051302806796,0.27245039995275366,-1.947065774665518,0.28902676327881915,40.016434730174936,32.2913249500013,3470.281,111.03562012673389
B0007,3.5562872542469752,4.198107645780677,0.28338199580130485,-1.946961601670498,0.28914293139850245,40.16569230743226,32.14782797344657,3470.0,111.03166634738115
B0007,3.5647746218187315,4.19925638222589,0.2556912534148872,-1.9468510507422583,0.28972612488972677,39.46139677634257,32.01380948237792,3450.297,111.0527975617495
B0007,3.565438928797127,4.199087384946408,0.2605202370565669,-1.957406371900557,0.2523975612854689,39.5636595172155,31.881310103471357,3429.407,111.01536628541908
B0007,3.565961679108638,4.199009971925293,0.26742548192983523,-1.9680136940585706,0.2071553451064679,39.628948319501816,31.854304304240507,3409.484,110.36325956634441
B0007,3.572496559005355,4.1985172274243965,0.24501867564544394,-1.9680499927642312,0.20784742374409607,39.22534721491488,31.856555404576753,3390.422,110.4055457925408
B0007,3.5699492020415136,4.198245740608724,0.253992409559784,-1.9680218912213907,0.20774034620382395,39.4126321606434,31.867182607083926,3390.281,110.39680546231511
B0007,3.5464338449590023,4.196262462698172,0.2877922877067573,-1.9066656790606793,0.39806447016393737,39.95874037686836,32.35216872128999,3591.734,112.33203212959644
B0007,3.5531968089006387,4.1969587758867,0.28915915014675286,-1.9267118604677658,0.34835350913108376,40.31302300333008,32.60219299451182,3552.297,112.37333978195625
B0007,3.5599340214678805,4.197071720130598,0.2630930215859064,-1.9260915660103675,0.34941771040077757,39.359447242364645,32.19571819720114,3531.578,112.3508391935135
B0007,3.5595604968238,4.19690260801443,0.2762451800325786,-1.9468340181835688,0.28831452572297267,39.454159451189874,31.805988160181123,3492.907,111.74841204406998
B0007,3.552385161941813,4.1966416719103465,0.28894621581693053,-1.936419689671865,0.32067412080801433,39.64174827400944,31.737001978644926,3511.594,111.70006661672613
B0007,3.5707670304281067,4.1971302559922,0.25119227347469175,-1.9675984733558025,0.20673220237051412,38.86906912217273,31.51707667966367,3431.9370000000054,111.72825868196729
B0007,3.5657224847439295,4.19652461108806,0.26797210942673244,-1.9680130544442065,0.20657881093433822,39.11839966443177,31.442860781038384,3431.125,111.06774141872087
B0007,3.5712835067487103,4.196790308710931,0.24613642238982758,-1.9675572757550353,0.20736445048718527,38.68010761281634,31.32326275303232,3412.406,111.09291278120214
B0007,3.5679716274891398,4.196693048697735,0.25708647441380517,-1.967618505240168,0.2071378770938514,38.863045678198645,31.28571570579735,3410.688,111.04103460281078
B0007,3.5646314038791784,4.197078923354,0.26957680559456787,-1.9678214300979182,0.2071231422713658,39.14531169811219,31.331850868998007,3410.718,110.3825228788749
B0007,3.568983888921194,4.196062203382386,0.2517021660775261,-1.9675056354779956,0.20762918561060126,38.8380564174779,31.32285733932258,3392.719,110.44594527863205
B0007,3.564620688944316,4.206531081984383,0.24268377174702066,-1.9683447778186902,0.20548929807832753,38.95965174080089,31.608436452122476,3470.672,112.49252860090004
B0007,3.5694388142217837,4.203187727641822,0.2393708702026896,-1.9788067754387157,0.14718865308881668,39.05387577229197,31.782101501165204,3414.109,111.25938200259482
B0007,3.568742147335628,4.202997027311235,0.23644855810150356,-1.9785908218423578,0.1473204032726917,38.699551697978606,31.51504198920288,3395.219,110.6181563134105
B0007,3.5642424070467817,4.2027504558714135,0.2439008718473348,-1.9784335668087778,0.14746473891250106,38.6052414906155,31.13866351339678,3386.0,110.3114872409049
B0007,3.5653038098527605,4.202665067816707,0.23838373066148522,-1.9781601679702336,0.14798217514006307,38.42604747702835,31.068710515588776,3368.187,109.70693578849402
B0007,3.565432167703823,4.20243913428064,0.24394102489962827,-1.9783765899690637,0.1478962003317654,39.0468968949422,31.618244836823447,3368.266,109.72685634353432
B0007,3.5622303163451425,4.202794567899269,0.2487175811817385,-1.9780771457931066,0.14827886770835783,38.83676495861389,31.331528063668397,3358.719,109.39897674976693
B0007,3.564481026852489,4.203135326288817,0.2372707723605399,-1.9780971417908424,0.14864545502326573,38.49981470604549,31.132569191182142,3339.5,108.77034786524398
B0007,3.561614556780574,4.202837061508687,0.24155038848954166,-1.977978349880126,0.14875595211669995,38.582340147970775,30.972969676157927,3331.265,108.49315796687205
B0007,3.5630587459190144,4.202745735932991,0.2380948022640211,-1.9784334957218424,0.14890550467656513,38.787499833494046,31.1990648511682,3321.188,108.18708875352911
B0007,3.5629534367704405,4.203198796599359,0.2446154013486785,-1.9782873833989176,0.1490949460650594,39.31221126031847,31.722267598269813,3321.844,108.20047181561576
B0007,3.5634460120762426,4.202901668731174,0.2432726266649588,-1.9781961432676651,0.14917678730582615,39.40567993360536,31.900827580605675,3311.828,107.8689468733496
B0007,3.563998342345823,4.196154302326916,0.25398073103714824,-1.9670969462670498,0.20964922121211438,39.32802757827611,31.5372402498617,3327.391,108.29594722476752
B0007,3.5604902283110547,4.204477224486428,0.24563949813557265,-1.9781214643703728,0.14917033885171013,38.6112528181758,31.24662583059252,3312.078,107.88144748133483
B0007,3.5567002097886946,4.20211656315423,0.2475333619682181,-1.9780364457328714,0.1496411658661535,38.56972695128688,30.939399361884792,3293.172,107.25831308054256
B0007,3.558412726344602,4.202901194454151,0.2400672453777982,-1.977935781469453,0.1501893746794115,38.34572083526661,30.884857004354572,3275.328,106.66428950254708
B0007,3.556136820956993,4.201790697233378,0.24388204900430188,-1.9780170042003,0.15013792165883974,38.48254063494672,30.920682316695828,3265.016,106.33230695239465
B0007,3.568999942180493,4.191916354433964,0.23813328081442833,-1.9779140108313502,0.14881074551152107,41.0499421893331,33.880577817079796,3328.937,108.407725398011
B0007,3.571059290544873,4.20342192245769,0.23819384516409414,-1.978162017642311,0.14879195778388637,40.361944885615415,33.038339318294426,3329.266,108.44516335720043
B0007,3.5666921284622095,4.202807443974011,0.23794253941668367,-1.9779553399945098,0.14944393853074253,39.6676965288026,32.27329169539202,3301.579,107.52183695990769
B0007,3.563327431073248,4.203276539809248,0.24139899859823624,-1.9779914337720734,0.14982717580366312,39.481181404811096,31.937919783481355,3283.563,106.93678234092279
B0007,3.5590146214829015,4.202580870413733,0.24311872055137518,-1.9721889844228178,0.18347784052311344,39.4190511430692,31.688686599521045,3275.125,106.33327283688539
B0007,3.5566945836342914,4.203244171517053,0.2491532035391863,-1.9723254573804139,0.18368310473563856,39.72196117128354,31.779120691032947,3265.656,106.03378956066581
B0007,3.555013984911923,4.202697222668131,0.25168558375257616,-1.9668382736785281,0.21183042025640444,40.041366724781085,32.133873372089305,3266.093,105.73122838477651
B0007,3.5526373754067415,4.202581421564202,0.24879749783017185,-1.960929600351624,0.23695032099061022,39.66314441864834,31.889431533099835,3257.594,105.1231006439141
B0007,3.547186025484395,4.201275185814673,0.25950895046183814,-1.9607588424014128,0.2372447833872407,39.84751541049116,31.817363280281278,3248.593,104.49994835640149
B0007,3.546814755244375,4.202508747096239,0.25704256782134943,-1.9607439129501683,0.23759808952760889,39.74335777163101,31.72316205746117,3238.766,104.50009656846562
B0007,3.544785017297267,4.202333230196108,0.2594142565928167,-1.9550964299704847,0.2599396573864495,40.07246786936068,31.957150654392294,3240.14,104.2240813532389
B0007,3.5465215420964156,4.202490707154508,0.2563684525041301,-1.955058998571939,0.26015270676704666,40.24771611400392,32.29917704213345,3230.109,103.9025751457783
B0007,3.540832547654255,4.202290557382721,0.26418134804828086,-1.9491545130405277,0.28033103152687044,40.27220819224188,32.128842946565555,3229.7810000000027,103.24071727360946
B0007,3.5429925113583938,4.20313824854604,0.2547075170842508,-1.9485230174751031,0.2814335775032654,39.89848456781458,32.021134355757404,3212.469,102.96215966943683
B0007,3.5360811169860216,4.202703239422359,0.26528123590944064,-1.9431227050969846,0.30033326334108135,40.0571305311587,31.859048861486652,3213.219,102.36958851586877
B0007,3.5392436935272635,4.202907102508285,0.25734393700290453,-1.9430080085541772,0.3007553365017744,40.240711749549135,32.16100333536097,3203.578,102.36907021428208
B0007,3.5348237062932575,4.201457080806326,0.26659502974351257,-1.9425165961920092,0.30141637636855023,40.12941739090177,32.10276048728767,3195.125,101.75280950252923
B0007,3.5366477402090606,4.204304103661928,0.2620403236678221,-1.9370190075205085,0.3190762556693421,40.3959693732437,32.33880662180898,3195.312999999994,101.7744083229063
B0007,3.5352062840980913,4.20220228055958,0.2558244000787879,-1.9310192096578356,0.33632608074709214,40.18751058333668,32.21373014824893,3186.297,101.15073860345916
B0007,3.5329852237553396,4.202001482736379,0.25744788349136644,-1.9304738354803441,0.3366013359882929,40.14605167557969,32.09949526722965,3176.438,100.79752456848333
B0007,3.532158560934324,4.202600613133091,0.2578148839312093,-1.9305510314753316,0.3372949098270868,40.18846095484838,32.11305439113157,3167.593,100.52378104933213
B0007,3.5308376380023527,4.202328519159183,0.25773287224800195,-1.9247195409983122,0.3531878150067829,40.2789498830108,32.20371989479744,3167.719,100.21634469570124
B0007,3.5296958440720005,4.202855889678493,0.2594183580173002,-1.9245739020356052,0.35359349377092486,40.310727434969614,32.23340825772458,3159.077999999994,99.93437771084486
B0007,3.528181937212609,4.202212609390717,0.2594130837316264,-1.9243785304854075,0.35422510059448054,40.31733812871393,32.212169716369466,3148.829,99.58979845850209
B0007,3.5265730179666974,4.202335745153063,0.25933738613120466,-1.918402879916178,0.369401148866462,40.332563430145015,32.21746401954225,3149.094,99.28098623211254
B0007,3.5245022548553444,4.201997273379946,0.2621840624926119,-1.9181664471622712,0.3698538690530879,40.431258866851486,32.23410177209761,3140.547,98.9917941656276
B0007,3.5228548406546385,4.201599523927098,0.2637441486236623,-1.9180994998619483,0.370275939922021,40.46247985933005,32.228343983674435,3131.625,98.69999414158508
B0007,3.5222829121237855,4.20196227209543,0.2626111165077087,-1.9179522150901993,0.37099845889793376,40.40103455658551,32.1833106060944,3121.907,98.38217731712382
B0007,3.5189923820688493,4.202045571197949,0.2661987865007531,-1.9116539768893375,0.38559264697879414,40.4426971996319,32.17200142078129,3122.125,97.73690758939114
B0007,3.5177844279570794,4.204697039833386,0.26640245561413023,-1.9115865510736891,0.38565780532465327,40.26214977673693,32.03316223587618,3121.672,97.7274559118839
B0007,3.5212226057273495,4.203964293328523,0.26786574725596746,-1.9176487188202131,0.3708855111540938,40.64566836195685,32.506671891788216,3120.86,98.01794950505666
B0007,3.5172227884430147,4.201985395805308,0.26291550609714415,-1.9111337702474194,0.3865707488508325,39.95209030011925,31.961039485620926,3103.828,97.44761723532328
B0007,3.5125010864221813,4.20178017149305,0.2688270257981476,-1.9108556098369367,0.3870444432480512,40.16503458324407,31.798082670491866,3095.094,96.82904430161689
B0007,3.5129614635074673,4.202220537976551,0.26590233251265677,-1.9049762303506044,0.4011254995330948,40.36674175781141,31.95802833708937,3095.781,96.54319660715261
B0007,3.5125204100391962,4.2013887453306085,0.2696531998224168,-1.9051068520548522,0.4011860765258974,40.88269125311642,32.418131697462755,3094.328,96.50713320135965
B0007,3.5151454557578807,4.201620573144587,0.26499594992300185,-1.9049079394753692,0.40172036302068437,40.85633220225456,32.64044972789331,3086.531,96.56092688132271
B0007,3.5134431794731813,4.201668680267049,0.26428564911416735,-1.898761620917719,0.4151954454598399,40.7780246115985,32.56399373078006,3085.625,96.21101483911885
B0007,3.5097089402574535,4.202567159315787,0.26998888308021174,-1.90433828068926,0.4030003664255134,40.5829305350897,32.28305350922276,3067.203,95.60149324668565
B0007,3.5042771471756997,4.201472345711643,0.276362889207048,-1.904192698545851,0.4037206884803756,40.6345689985191,32.06065237439007,3058.157,95.3182181293337
B0007,3.509207943122176,4.201332830124454,0.2644399053502661,-1.8982712229514884,0.41697849296085937,40.75070125010339,32.365261126964526,3058.812,95.33616607140395
B0007,3.5095064920492853,4.201522880341636,0.2669199043283192,-1.8977934870545978,0.4171326231479289,41.0672419235651,32.68851871366292,3058.578,95.31159226044569
B0007,3.505203266169396,4.201386492450036,0.27822874636079686,-1.9036436467205253,0.4043488728701554,41.40590880756584,32.747733642524246,3049.328,95.00365970923869
B0007,3.5281182345919744,4.233325435700087,0.2745683251139366,-1.9369923426487148,0.32005599690063535,41.01558674901627,32.50500516961017,3177.219,100.86700892021018
B0007,3.519590928396835,4.203917718634026,0.27095946893810313,-1.9233409193548265,0.3578714137117536,41.31851435911838,32.91993878980997,3082.937,97.11456848717656
B0007,3.5146260368096875,4.202046403451837,0.27527818530823556,-1.916884219356136,0.37356738954803365,41.4002950560853,32.948305858317944,3074.266,96.50234769974264
B0007,3.5115494818370454,4.201592874087554,0.2742765846996205,-1.910472150518363,0.3890050338739006,41.2508092329952,32.76906651915661,3066.0,95.90026436762754
B0007,3.510769869032659,4.201214370586727,0.268135375122442,-1.904277326283454,0.4035804639484424,40.95362783962595,32.59734424608833,3056.437,95.26191078438247
B0007,3.50804494279531,4.201660608337926,0.27185373111158595,-1.904002494100001,0.404096881065216,40.989022190981714,32.52349894408369,3048.219,94.98929325285506
B0007,3.507748080950393,4.201750207865124,0.2709271196950078,-1.9036546380501311,0.4049841353119343,41.02622774121347,32.578228834731775,3039.218,94.68716560229463
B0007,3.5066673521067266,4.201226117420626,0.2696597843353944,-1.8977146678452774,0.4183923310345627,41.01371342582121,32.62728298499839,3039.047,94.36595815235984
B0007,3.5061843921745397,4.201796973837129,0.2695403153910377,-1.8973347377958825,0.41888498116899214,41.04923314430273,32.652115712561326,3030.375,94.08194962813565
B0007,3.5051004339266254,4.201200470517945,0.2693575081604602,-1.8970045774163773,0.4194983019730331,41.05277512550887,32.64767456395258,3021.0,93.75822947527197
B0007,3.5054479186890566,4.201289094579205,0.26588697295785546,-1.8909127399289274,0.43254745405901385,41.02092182377061,32.69938792310311,3021.75,93.7855872754346
B0007,3.500074246846,4.201033482375415,0.2785316768740694,-1.8968789299198896,0.4200305221644981,41.34840278359994,32.724576765133094,3012.265,93.48655786030251
B0007,3.5011647157526498,4.201482697501314,0.27387180614210904,-1.8964710309338209,0.4205326571189624,41.23753665797544,32.70434030242972,3002.641,93.15113861442887
B0007,3.500407285435189,4.196165946742788,0.2731798189442516,-1.8967768141795405,0.42033804366846494,41.21700308433066,32.74051962267582,3012.0,93.47056193297352
B0007,3.507816455272743,4.205246397279064,0.27615748515568417,-1.9031485600103595,0.4059253221825559,41.89753189273277,33.38712825139849,3020.11,94.06767225800373
B0007,3.5025243992110107,4.201509838937999,0.2798358907757274,-1.9028574663381215,0.4072388254877474,41.90270996402953,33.270627344923426,3002.172000000006,93.48842388670582
B0007,3.505155823274424,4.201909525379603,0.2675806948659075,-1.8963219640753084,0.4214000658767076,41.48233804274523,33.115074143665915,2992.703,93.15839917493102
B0007,3.4983646475135717,4.199865517000471,0.2804620319343645,-1.908430732943726,0.39550136822821474,41.6411622659972,32.90572814040102,2964.468,92.5696287117972
B0007,3.500140843862166,4.200859733656452,0.2693018983715613,-1.889754408573026,0.4351014528838576,41.433877603827945,32.953112654161664,2983.375,92.21004467818182
B0007,3.49909547013937,4.20162098338246,0.2764390932673891,-1.8959167588975123,0.42268689798797543,41.8543569979417,33.2282109237263,2975.297,92.27822794876745
B0007,3.5010357611640606,4.201149059944848,0.2694893163513689,-1.889387844169526,0.4361055797477761,41.78271326384125,33.361342590516294,2974.9850000000006,92.25286019776146
B0007,3.497212315865497,4.200810741834928,0.27297181225456174,-1.8889185963670394,0.43652920427860653,41.62744766181303,33.12431679486816,2966.25,91.63855487091003
B0007,3.496089957852059,4.200373974181371,0.27191513700686615,-1.8885071150010757,0.4369616572629798,41.552128441464966,32.991553593266204,2956.359,91.30717685280368
B0007,3.495877119417779,4.201791474587699,0.27496846524722196,-1.8888180820733198,0.43722713520470824,41.839167194182565,33.2318318845246,2956.344,91.31706935431276
B0007,3.493116071455022,4.20067023466464,0.2822101309265451,-1.8887930414931369,0.43727645525429354,42.23998716092915,33.509812392094496,2956.406,91.32696153288201
B0007,3.492655946458748,4.20021831736756,0.27948843102800136,-1.888168080257056,0.43784637646667,42.04090238497712,33.382402850667845,2947.266,91.01723788887865
B0007,3.49208824531703,4.200674971032527,0.2765757672691732,-1.887904907597145,0.43864957353336587,41.803429062834496,33.17829959346276,2937.984,90.70436828896543
B0007,3.490216477408044,4.200371214024706,0.2762707856555497,-1.88773036624322,0.43915131648727207,41.6886924602386,33.01591345323486,2929.125,90.40458324187274
B0007,3.4905931958620466,4.200965645223048,0.27791427319149475,-1.8878077163294118,0.4392100247997174,41.98817160118213,33.271000362987586,2928.454,90.40200258145661
B0007,3.4911419366203664,4.201492773602507,0.2803468724562596,-1.887674933393443,0.43912747667926644,42.33252236723314,33.61966967517867,2929.375,90.42243153651849
B0007,3.49283645226053,4.192768207316796,0.2810963399437683,-1.901022727285377,0.41084397708584314,41.63553796804361,33.29697162630193,2946.031,91.61772515868986
B0007,3.5025157522808223,4.204602036514753,0.26938637317126457,-1.8951144121477894,0.4240019425196382,41.470498076928735,33.393130865360554,2955.438,91.9269496631194
B0007,3.4929535655988118,4.200995491738166,0.2800473458588181,-1.8941478117057606,0.4251951881545496,41.54038193238441,33.138207103628474,2937.625,91.00044672925604
B0007,3.491746263651725,4.201036137691208,0.2739480815207627,-1.8875042014728927,0.4389657871114934,41.13947017697289,32.84069778843796,2929.078,90.40058617479207
B0007,3.490432264232957,4.200762329918291,0.27334671159184026,-1.8871434043422721,0.4397703529105269,41.09041922644824,32.75739655594484,2918.375,90.05439898321421
B0007,3.488861416967918,4.201013677167557,0.2733096704992953,-1.8807630082774924,0.45263033446465406,41.10034021580957,32.77234087259374,2919.812,89.78031462697074
B0007,3.4891932104785104,4.200439147859412,0.27158324847907117,-1.886419275237733,0.4410527693921791,41.03075447325996,32.720417557744895,2900.422,89.45934510686607
B0007,3.4878785713375917,4.200264786461796,0.2708081873411031,-1.8800039366336023,0.45401733962921653,40.99688397371006,32.710022803073514,2901.375,89.16229493832161
B0007,3.486430546073901,4.200151660684939,0.26942206211431624,-1.8733366537372407,0.46628315175158985,40.88481342461614,32.62076759783716,2901.187,89.13636508487855
B0007,3.4812572775226682,4.200453152662228,0.2810450178149723,-1.879702248133121,0.45450949833224574,41.09400879501426,32.57651826255201,2891.64,88.84181814863153
B0007,3.4823550791204023,4.200291122451955,0.27618473675568306,-1.8790751470067306,0.45527109312858494,41.01377835587309,32.58396494906228,2882.906,88.54631472171125
B0007,3.483507428628053,4.199877643371451,0.2706642376770264,-1.8728728303565043,0.46785169026162604,40.90635248178393,32.623742674615976,2883.265,88.56138268250433
B0007,3.478976541530706,4.200436806124781,0.27901477412156306,-1.8726786421400126,0.4675952089691564,41.06596192416311,32.58599202496769,2882.969,88.21399953936631
B0007,3.483501191305966,4.193077426787744,0.271459803978156,-1.872734820116884,0.466976735288397,40.84520330629611,32.864544723781215,2891.656,88.50847255297286
B0007,3.4899701994096612,4.203372086437543,0.2720921390700621,-1.8800362373714223,0.45404655206619104,41.12807910254104,33.079651096902374,2901.25,89.47813261785477
B0007,3.484801138956006,4.202065190134895,0.27487138562116303,-1.8730214281226414,0.46714695079315066,41.094988453128494,32.932141650182686,2891.703,88.51898234971787
B0007,3.47835437960934,4.200086642861885,0.2823117509156759,-1.8725486136074456,0.46780854056224475,41.11877573165318,32.755748003791545,2883.016,88.2226211183598
B0007,3.475694933923807,4.199758658258613,0.28258465838189456,-1.8724613181992062,0.468367838824259,40.98003499062696,32.52965474617847,2873.453,87.92170499233661
B0007,3.481431873453954,4.199843161074874,0.2707612378199709,-1.8659419458758726,0.48060585434657793,41.017509953482886,32.848065199041,2874.031,87.93190238031785
B0007,3.4796060336232353,4.200352076636086,0.27649649550394423,-1.865786095147701,0.4804228093904999,41.299420742573055,33.072327061961936,2874.234,87.61909514223444
B0007,3.47822589673296,4.200169604165679,0.2751259546380272,-1.8654605849037513,0.4811524107807584,41.105738037939375,32.85096451719535,2864.984,87.30592529005945
B0007,3.4743233868367187,4.199911577879335,0.2778258705992035,-1.865134613881632,0.48195004159869936,40.87704013237699,32.57230232995455,2855.093,87.00299462581627
B0007,3.4737305453330443,4.199564012073342,0.27395504541306487,-1.858515986418667,0.4934210728550705,40.73021986226824,32.45068444176091,2855.625,86.68403869459004
B0007,3.474812723214051,4.199951033620322,0.2745709348042032,-1.8588972649148483,0.4936980368379071,41.03226257370644,32.7394359440147,2855.594,86.69962447724075
B0007,3.476096426841386,4.19995987158867,0.27115793190115217,-1.8581969672334215,0.49444769472428574,40.89527781087817,32.775898242252914,2847.437,86.41295067695395
B0007,3.4686822529487804,4.200414702164272,0.2837379792854724,-1.8581200056254086,0.49423269823837673,41.02491521192672,32.5817324044051,2847.36,86.40942249962083
B0007,3.4661964701943586,4.199552965128597,0.28266310578979587,-1.8577209868352302,0.4951232291378951,40.81596834579472,32.35021153014993,2837.328,86.08825560039122
B0007,3.468183423895935,4.199706970400125,0.27448777109671585,-1.8512458354075154,0.5063643101821768,40.65138669632271,32.28754240914786,2837.281,85.78161351864826
B0007,3.4678606629897453,4.199300346769649,0.27877904296350897,-1.8514531972432,0.5063422319981459,40.965385542419945,32.603239183227075,2838.515,85.81564496802865
B0007,3.4662499547181245,4.200086391757318,0.2828554929502132,-1.8574211435317929,0.49582125615542155,41.11319128215138,32.61208344144242,2828.328,85.78453349873803
B0007,3.462469269360201,4.189989265375979,0.28234983840720784,-1.857823928669184,0.495128295757502,40.78738321989129,32.26742656599958,2838.265,86.11679182981035
B0007,3.480518309485383,4.202670619155847,0.2708729920104874,-1.8658259561850365,0.481338293402097,40.73001188190229,32.637733704417855,2864.547,87.63078245610805
B0007,3.4723137993738336,4.199186500777735,0.280674535222071,-1.8647784241320746,0.48247014851293285,40.990354594470126,32.665258715232376,2846.39,86.714443196969
B0007,3.474362108592906,4.199638763972608,0.26998998098418464,-1.8578958465335809,0.4952394542819388,40.62521315513875,32.502652632323915,2837.969,86.4321731069507
B0007,3.4722823212388754,4.200028390360542,0.27038243077626223,-1.851194762921303,0.5064473876733177,40.58944296824891,32.446842086875606,2838.156,86.11279345223814
B0007,3.4701761898320465,4.199347098159206,0.2715372359526194,-1.8509042611451945,0.5071528769311283,40.584393586876246,32.39361892904713,2829.843,85.50599599296655
B0007,3.4635011119445216,4.199148920577739,0.2837615614650409,-1.8508582746706244,0.5071501586119525,40.884444140401214,32.417221778010834,2829.625,85.51659603795953
B0007,3.467453100453348,4.199648027535327,0.2738609968254639,-1.8504182940365097,0.5080447288031393,40.65159637790841,32.40094040453025,2819.437,85.18498576962187
B0007,3.4675864728547836,4.199193175738452,0.26996449680019863,-1.843689287692697,0.5190085183536033,40.53138082339522,32.36314241861483,2819.579,85.1749215552828
B0007,3.462182535852444,4.199053572226856,0.2806297602259418,-1.8498733070449755,0.5087455951874704,40.821433488540606,32.382600705235255,2810.672,84.88677795988295
B0007,3.465962999117946,4.199879744716988,0.2713369138330934,-1.843287720729204,0.5197022937246866,40.643362943412974,32.4323818014572,2811.485,84.59196447749325
B0007,3.4601727514874407,4.198680179439704,0.28368201666912907,-1.8494580225090995,0.5096143033077817,40.97063567014205,32.4886182994049,2802.422,84.60695028213145
B0007,3.464226115253961,4.199235005181635,0.27226661402086466,-1.8426221358637018,0.520769116627146,40.74888323397497,32.524062377970175,2801.625,84.26424027111022
B0007,3.458799193390812,4.198950996279868,0.28201606607307056,-1.8427098003104345,0.5204805895168696,40.93461596721165,32.482615965621896,2802.031,84.27348529611258
B0007,3.4620805499710854,4.199393701075195,0.27384344144244144,-1.842239518040086,0.5214152023843951,40.74175890345818,32.46389583182878,2793.39,83.98539354876633
B0007,3.4578782949034514,4.198994975977764,0.28194439535178567,-1.842252843487983,0.5214208870579174,41.00964443691023,32.55681404542561,2793.39,83.99521368037216
B0007,3.461590937144894,4.198421699164089,0.27158635705288503,-1.8356063485512328,0.5320114278467215,40.80558697887537,32.576296430484255,2792.485,83.64398681553382
B0007,3.462906230864041,4.188887274283021,0.28210992553139796,-1.8561013515700384,0.4982417938705447,40.92586026351328,32.81804879809979,2802.016,84.91802398029846
B0007,3.4753580425264796,4.2050716026539625,0.2751974835408152,-1.8574370794605966,0.4967399727413084,40.57390100608222,32.92941193334214,2820.39,85.55522981100613
B0018,3.527546226327255,4.188195942647034,0.2359380947195542,-1.9541761960216968,0.3280036107574691,38.10180309676608,31.773285281389256,3434.891,110.7925260718416
B0018,3.534835576186522,4.186703558364525,0.23822583660538213,-1.9474374301153292,0.34522628237249564,38.14987995994155,31.92489159472864,3425.485,110.087219040999
B0018,3.538246596159443,4.188811210133346,0.23762181874045557,-1.9520511323479741,0.33139196286859035,37.5266914843442,31.31691283374216,3410.375,109.87258133631369
B0018,3.537697945111872,4.188875360300162,0.2370215144318158,-1.9460914562122762,0.34840348066344007,37.06279237079503,30.821190751176527,3404.719,109.33933086517855
B0018,3.542667604586918,4.189908817357781,0.2397742289312896,-1.9412796601390512,0.36400534219725983,38.2110354381278,31.95346971511436,3417.641,109.46037229758076
B0018,3.5451037330477333,4.190509582057232,0.2414517211722879,-1.9400338819083036,0.36548432652958296,38.17496505957075,32.02311236185272,3411.766,109.21123471671103
B0018,3.5475142438631493,4.1903241054041,0.23218501916583212,-1.9335667184847714,0.3814317094765696,37.64038685475582,31.634533158077698,3399.516,108.77357872498952
B0018,3.544812433691423,4.190302498850287,0.23629886387759835,-1.9332161326561408,0.38303271697336577,37.37602884738843,31.28819492159572,3388.75,108.41335882203784
B0018,3.5434780274164095,4.188517549229078,0.2371732047677659,-1.9325959489970461,0.38468162673741557,37.28928029078695,31.11122470608501,3380.406,107.76401714269338
B0018,3.543133206790044,4.191794143442699,0.2401297981078768,-1.9387520938161948,0.3695916845920226,37.52377766578506,31.13166983979621,3404.141,108.88700136926286
B0018,3.545155146280937,4.190699409462101,0.23984417695745233,-1.9319248326301843,0.3857477415661153,37.72420412562674,31.51305775907457,3396.141,108.2315126779938
B0018,3.545032366549762,4.190263311275428,0.23671690983377958,-1.9249594896453863,0.40148847349954553,37.41366095304306,31.31102568785445,3384.094,107.78752457861616
B0018,3.5440892170496827,4.18970538556629,0.2318704689357917,-1.9179528942264987,0.41667220998458215,36.94724908852665,30.893964711700164,3370.656,106.96047750314584
B0018,3.541317108618481,4.188354430914051,0.23251146397316694,-1.917373033348097,0.41834757983871346,36.70709131205994,30.540598970902945,3357.797,106.52007816917029
B0018,3.541197979542517,4.193543208571066,0.24021272223025195,-1.9180652422275588,0.41914592935555084,37.13061214416645,30.82566018736547,3363.015,106.36884463065974
B0018,3.541255460524435,4.190238041929225,0.241444618741721,-1.9106033469326071,0.43401802048220867,37.686600065941576,31.451400678644543,3357.734,105.78773340289875
B0018,3.5427478949705886,4.19075698083662,0.23888392979145712,-1.909404549449075,0.43519927252961854,37.633580732302406,31.518847747922937,3344.187,105.63372081886011
B0018,3.541251093602656,4.189715378549557,0.23244841634642938,-1.8960567702455418,0.46155228798292747,37.15252578645951,31.11237289077096,3339.969,104.73783137421155
B0018,3.5350260562177453,4.187635645163932,0.23673810485604102,-1.8948411660605735,0.46362243413137183,36.78829001793698,30.586452588663985,3327.641,104.29521550194141
B0018,3.5326627624319777,4.191004692440202,0.2420506018685824,-1.90021436299665,0.4531739170037248,36.541146197392216,30.242913021104116,3312.844,103.78425667182228
B0018,3.5333109441755526,4.1906972904216495,0.2357136559940899,-1.8936767267608487,0.4669019504705276,36.372087786130464,30.10270376338569,3302.031,103.41705588730197
B0018,3.52738705832889,4.185877977731026,0.23938537053798345,-1.8739718829459886,0.5024658658127134,36.52608510498833,30.251184852221932,3305.547,102.04802888232479
B0018,3.5296025965720452,4.188109147549676,0.23625500977889216,-1.8791764961687347,0.4935111882303175,36.476252762052624,30.212407704391104,3289.562,102.21974001378133
B0018,3.5289707694229833,4.188302415854336,0.23438380743056172,-1.8780560689384003,0.49473168261758504,36.37720890237669,30.125011009636175,3283.797,101.98275688669445
B0018,3.5322741848919814,4.18962510592865,0.23896798551869866,-1.8993718818269214,0.4567200125973096,36.64000948247426,30.22428629982563,3325.235,104.47549718626877
B0018,3.532438322521663,4.190150750158746,0.24393574439533722,-1.8926958551018207,0.47055440112935504,37.38165499248184,30.976376254737342,3317.547,103.4918953810907
B0018,3.5363211310943603,4.189151018945234,0.23431450662672548,-1.8783667048362822,0.49585265158542874,37.59824760372582,31.415702913300986,3311.766,102.86247699431654
B0018,3.53353527421993,4.189631312089484,0.23637695652955396,-1.8708343396819402,0.5085963634369715,37.56055515516341,31.383299841535273,3305.218,102.24221751781457
B0018,3.527012841842043,4.187690359657657,0.24335291601062248,-1.8696567234639716,0.5104585014739269,37.52114200586718,31.167937826253638,3295.453,101.49095261828671
B0018,3.52925730014011,4.190215357888677,0.23601704240940324,-1.8623726014599724,0.5227478974145737,37.21887096740918,30.994690437264207,3287.0,101.17851300901346
B0018,3.527821497534469,4.189776104976122,0.23528435512899715,-1.8547843408980225,0.5352863944103575,37.33441415744885,31.055317978554886,3276.922,100.45379810356212
B0018,3.525692957415014,4.189846430994002,0.24004452342757918,-1.8538766950740675,0.536947140227542,37.7331798444306,31.373945543706103,3268.687,100.1596075716987
B0018,3.524396248234728,4.188109551881256,0.2394721635863499,-1.845735037450336,0.5490915965506679,37.84649344841882,31.56128410753226,3260.594,99.47549488362624
B0018,3.520797576383474,4.186368648390758,0.23938630633957264,-1.8382538558498933,0.5602053123990605,37.6701649416618,31.318474723902874,3258.812,98.97794668691547
B0018,3.519457281260753,4.1901657245031085,0.24290739226961808,-1.8435676915974055,0.5523858583153195,37.53185198546868,31.104012325043954,3243.422,98.44230333511791
B0018,3.513165600287965,4.189966178473989,0.2505997920449218,-1.83704467002657,0.5623536642493775,37.593333753421376,30.989730398009076,3236.515,97.87765070777398
B0018,3.517217159454334,4.188259618341401,0.23646371766168012,-1.8211904293154166,0.5854202439037296,37.36141011067826,30.967851972472324,3230.734,97.21340728926003
B0018,3.5120091114107965,4.18974005757658,0.24844885716156304,-1.8270453339799269,0.5775148427624969,37.89980324671546,31.285342046153826,3222.093,96.88521205054447
B0018,3.50911052654104,4.1862359225351335,0.2491635346183944,-1.819052179250902,0.5883016026735612,38.03149707759718,31.41096207271253,3220.344,96.39861895860209
B0018,3.516106699716392,4.189625262426538,0.25277801281033435,-1.8693745969498121,0.5115312648072848,37.42220155418978,30.755137125871208,3250.75,100.10433409750968
B0018,3.519010068254593,4.186586244011676,0.23843671844136033,-1.839770443871628,0.5578305966902095,37.32511174435206,30.977446633931525,3239.344,98.50659790432363
B0018,3.5124212742229295,4.189366482043888,0.24807896905848456,-1.837963396328485,0.5605506174973947,37.31088262198154,30.800512192698992,3222.25,97.49616950126936
B0018,3.50815215295169,4.188553804618968,0.24913183688172647,-1.8296109578903785,0.5729052675059204,37.23234655688736,30.616192795676138,3206.157,96.54251873929908
B0018,3.508648568515266,4.188764708195774,0.2416809977881533,-1.8210831511954937,0.5849188022567446,36.94850857727268,30.399839302766903,3197.969,96.21323972990132
B0018,3.5051993439595477,4.188636968174337,0.24592770126573008,-1.8199201144788144,0.5868385117109035,37.002663545357386,30.38386825126278,3181.625,95.2911275215792
B0018,3.523165280193865,4.188466199744378,0.25318729486331965,-1.8951156248467713,0.46461712513467684,36.71025442949399,30.576239500422755,3302.36,103.12981824570475
B0018,3.527269876472835,4.189570916346704,0.24733295181963344,-1.8867694858233446,0.4791257929311746,36.72807623650589,30.705906284556665,3285.812,102.52419084275424
B0018,3.526762654741574,4.189584987657955,0.242383456978437,-1.8786631828974334,0.49407846014370227,36.72959308355185,30.62583594950684,3260.016,101.28523869170851
B0018,3.523020179476104,4.189371286385834,0.2436980584625848,-1.870474802329599,0.5082058740243448,36.787462351640364,30.597357068657974,3240.031,100.20746368859885
B0018,3.5197923457982654,4.187606340824144,0.24226706150778526,-1.8562833971202242,0.5326432027762483,36.75689163314213,30.528493896066262,3232.265,99.18497185394007
B0018,3.5251014582287223,4.188829347125095,0.23981359831205834,-1.8625354754370638,0.5221704114976312,37.35015763097096,31.203754246103966,3232.031,99.52853163441281
B0018,3.518519199837846,4.189202115880737,0.2493914106635456,-1.8606833274060013,0.5248684995787435,37.48126030855565,31.172639449335037,3209.5149999999994,98.35925166289228
B0018,3.5190801794284594,4.186778882107656,0.23690724186719364,-1.8383636766891702,0.559510889405247,37.12544389762631,30.96825922704022,3196.125,97.10084129109394
B0018,3.5114167272902406,4.187888599491238,0.24918642757567697,-1.8436958588115402,0.5517155422065936,37.19112571388883,30.821704306343126,3172.562,96.28819044401092
B0018,3.5108038681605738,4.18915752014188,0.2455983748859378,-1.8362729789790888,0.5631945663434421,37.17642722353301,30.765219721637393,3172.735,95.9046844644537
B0018,3.5143261179075496,4.191289655270872,0.24280634848491844,-1.8646902787950443,0.5189834946907256,37.11936678632194,30.809988428281613,3238.109,99.9606147077036
B0018,3.5196664048265602,4.190628233635541,0.24226929721478901,-1.8572649157581866,0.5309019686925571,37.2702464066457,31.03903359070028,3191.063,97.97707749620896
B0018,3.512403849382274,4.189158279329032,0.24876150712458966,-1.8483454421357695,0.544955976023811,37.39550861947664,31.04176453157222,3165.828,96.35434271158681
B0018,3.5077862234460104,4.185868202467219,0.24844054549141317,-1.839168422289249,0.558982777511567,37.378956702246384,30.959784195511766,3140.407,95.0900030302581
B0018,3.5076596102713244,4.186906972044146,0.24221243142965285,-1.830332610270234,0.5717503704578598,37.245718322158105,30.843513277103145,3131.922,94.76179214653764
B0018,3.5074833565874615,4.189576283423886,0.2428311991615096,-1.829290599843924,0.5735136933454928,37.21755583353321,30.797157400797865,3121.109,94.37210603611358
B0018,3.5023865933440717,4.189808713646982,0.2505308672928681,-1.8278449003095165,0.5753377250326288,37.56150979821064,30.984434580754094,3105.265,93.42225782269402
B0018,3.503693493885047,4.188889298039903,0.24339017954535835,-1.8188198987741453,0.5879523768419997,37.4174791317661,30.967899275139946,3091.25,92.91129808480352
B0018,3.4989948462048113,4.188220838257245,0.2480474474926816,-1.817194042260449,0.5899823940553199,37.55101533655474,30.976616345195186,3076.703,91.99069241973584
B0018,3.495405576723954,4.186454063976498,0.24854315694839318,-1.8157980815469457,0.5920349096110298,37.59895044072871,30.89768961926806,3062.328,91.5103004066793
B0018,3.494528300232307,4.1895672733133145,0.25180264647469053,-1.822108117298183,0.5832853420027148,37.48923978216981,30.815688222379325,3050.563,91.47816400926726
B0018,3.4962554827793926,4.189297764105604,0.24451613098918087,-1.8129628028687816,0.5964398762316433,37.37911114363861,30.726188079151118,3034.672,90.91890827510069
B0018,3.48769646191346,4.186793087812023,0.25310566427547665,-1.8044876731207795,0.6077218695085601,37.559604168615785,30.76818712651005,3031.25,89.97924167964399
B0018,3.486547580844067,4.188594535127793,0.2547236505348396,-1.809986175960184,0.6005171816917169,37.61805450748922,30.775415173787835,3011.343,89.67435351349607
B0018,3.482298183882304,4.186295492358637,0.257256305074142,-1.8090400456598725,0.6015346118668679,37.71101994346608,30.761821976538275,3003.0,89.37162822285237
B0018,3.491819481711868,4.187384370589753,0.2528720400746576,-1.8273691233501441,0.5765261995920948,37.767989299214086,30.913721930762733,3045.187,91.58584808933755
B0018,3.493995853241935,4.188929264481706,0.24836794799207226,-1.8180385592622932,0.5895707990203048,37.91919394450186,31.228215653165606,3028.469,91.01361459676944
B0018,3.484377015629623,4.185269759332432,0.2568306177070208,-1.8085351614741645,0.6029133604760181,37.99328509003338,31.261679783387308,3012.937,89.66062505528699
B0018,3.4859116793558376,4.18799771486628,0.2522875804459769,-1.8068041184926535,0.6047203809473584,37.984838024989045,31.18408593575448,2998.875,89.13656108165128
B0018,3.484278753976679,4.187899339921793,0.2513746279293885,-1.8050190987020625,0.6069178832141436,37.8288851383529,31.001432353085377,2983.547,88.59342103865923
B0018,3.4829886521206714,4.1882916128809375,0.25328404675617033,-1.8118563821702207,0.5981252434394352,37.844837975501,30.981374033120872,2966.86,88.43895855392377
B0018,3.483799876979844,4.187409532380725,0.2485402540522564,-1.8021525551783737,0.6115114596412922,37.8984610468502,31.088687926688607,2954.797,88.00714360135503
B0018,3.4787540756450497,4.188656943531829,0.2586825720615871,-1.8092953592546854,0.6015709818366892,38.27784043980244,31.336420133762665,2945.735,87.67933614927561
B0018,3.475219435178451,4.188198669984733,0.25928028571553985,-1.8000309691416814,0.6137236339762075,38.24434303919528,31.225999871035654,2941.375,87.08643753950064
B0018,3.470739535801023,4.184528192003684,0.25826458177370376,-1.7981302589297095,0.6158664083527366,38.06956259266949,31.037323488688802,2923.953,86.47566122442728
B0018,3.474600910003521,4.1927676322495895,0.25673839160569434,-1.8058248446047425,0.6059608523475357,37.81744565252647,30.811349225731828,2921.031,86.76920270071008
B0018,3.4740521567700093,4.187873640279204,0.2518312779304581,-1.795955865281378,0.6194837327474192,37.90256777035479,30.932223179746046,2902.75,86.15729251306942
B0018,3.475075728648004,4.1880559282136725,0.25152621540312803,-1.7951057003644757,0.6202550885933535,38.16628336469349,31.215527070380897,2897.875,85.96232509514566
B0018,3.472424307596416,4.188063095530185,0.2553873265325528,-1.7940097981352856,0.6219148875143559,38.36789486715962,31.400797084337558,2892.094,85.32780980961269
B0018,3.471751102262539,4.185913481526783,0.25003502675471406,-1.7841592631620102,0.6336068636911544,38.19823604401131,31.259213269721236,2886.921,85.10414125702738
B0018,3.4745407296058963,4.187259539606346,0.2600894900799881,-1.8136320536623207,0.5958586431455523,38.09998280757164,31.134701292957466,2942.531,87.78638041296048
B0018,3.471720060423485,4.187670932765983,0.26107470269964445,-1.810960446087532,0.5992123003543539,38.21452378284136,31.246879695988095,2912.469,86.75732238741539
B0018,3.4713984098288235,4.187836103953847,0.2549764345163562,-1.800802328247715,0.6128154420706069,37.93969653616424,31.027558674438325,2895.594,86.17512453919826
B0018,3.4626491088970703,4.18719517574786,0.2644348065790667,-1.798647877727257,0.6152244037239007,38.06666733482501,30.931917385258963,2884.406,85.311593563333
B0018,3.466072725920186,4.183339938829854,0.24999022482858319,-1.7804067367547436,0.6384555022191082,37.63260475617888,30.667082236656018,2873.766,84.53985386589746
B0018,3.4730670533412877,4.192209704853633,0.25755912484066074,-1.8167125180994765,0.5918312151441142,38.18223603956323,31.226789107710772,2893.375,86.87645870229504
B0018,3.4668548162926327,4.186622455926472,0.25997402118722357,-1.7981268087177564,0.616523463706281,38.3907466519188,31.387733116648285,2884.9839999999967,85.30812322851328
B0018,3.46527367520258,4.186945959000922,0.2606232704196867,-1.7964439222994821,0.6189371240289149,38.51622654624205,31.505666838292886,2870.234,84.7935653779019
B0018,3.4638878223448684,4.18744003081614,0.2619815198121017,-1.795371462470329,0.619958610403652,38.56612180540248,31.5462258449116,2864.11,84.54617760080386
B0018,3.457807923440064,4.1845980039811215,0.2643751106331802,-1.7937175263130196,0.622697047113403,38.5606541602861,31.389977882297476,2846.64,83.95604443402432
B0018,3.459813554486507,4.186742025132256,0.26461246605949673,-1.8014517734888207,0.6120664216870488,38.53842073636507,31.385433749863733,2839.532,84.12125161665614
B0018,3.458027727779737,4.1871520936423146,0.26299515484071223,-1.7915215753378781,0.6250407299756072,38.548873480234754,31.423707199142058,2832.703,83.42894462379348
B0018,3.4613996718507845,4.187096292904282,0.2549409261122887,-1.7816941240706174,0.6376654439726294,38.45838357496903,31.435368910968148,2827.077999999994,83.23258006390162
B0018,3.4611285476693214,4.187367312766795,0.2550970840878703,-1.779737998541223,0.6402225139571769,38.54382874673793,31.542375291159843,2821.531,82.98157391484604
B0018,3.455556822823358,4.18534593452204,0.2595850489683989,-1.7856528650965158,0.6326884615160128,38.650883957434026,31.52669677306915,2805.156,82.33657259423953
B0018,3.459598362944341,4.186646524222555,0.2549386328393227,-1.7784070647657095,0.641138761124272,38.45654834997334,31.435921914290375,2814.906,82.71499644683516
B0018,3.4506569891269216,4.184730834033599,0.26403237252573614,-1.7778412667349817,0.642833515029382,38.6564130442344,31.475238112886494,2801.156,81.84443039799226
B0018,3.455515243082573,4.187175976285891,0.25753346472332,-1.7764462760420034,0.6441113795474609,38.655587491253975,31.5817445550721,2794.187,82.02487885626917
B0018,3.455840338587253,4.186108406696249,0.2560472901892914,-1.7752748972563315,0.6454613276661517,38.6997087046862,31.647958536134297,2785.391,81.70249369971262
B0018,3.448678293668265,4.183460397462309,0.26190564612415446,-1.774201326872465,0.6466846597520868,38.87481687744787,31.662032275252905,2779.5,81.03149160901818
B0018,3.4745031786447553,4.187091541628412,0.2562696911093872,-1.8196650877007408,0.5878693389724974,37.36397452607736,30.434500875864142,2899.234,87.22611732091211
B0018,3.474031881945217,4.18736921126964,0.25813961239512057,-1.8096836854216038,0.6016441539956098,37.88258787662229,31.017997058077018,2894.922,86.60907748740712
B0018,3.474404210386772,4.187597633155394,0.2560558945441953,-1.7993287687468957,0.6146655593877023,38.15898073660424,31.39483761465523,2888.25,85.89479870597056
B0018,3.471767043833224,4.187608979498198,0.25752330438826654,-1.7959419603883284,0.6188320217766714,38.05243159675446,31.24511885640641,2873.906,85.31112407224767
B0018,3.4685305272975935,4.186194120124063,0.2544729699855063,-1.7956017209600372,0.6197305988329744,37.89096376444466,31.05306925187263,2847.406,84.49999656489287
B0018,3.4651213646662598,4.186991375693876,0.25922497389969,-1.7929541659933774,0.6231537508776085,37.81203585126145,30.88589263299332,2849.281,84.44634513943366
B0018,3.465287985947589,4.185443351643291,0.2534224673361877,-1.784474211719448,0.6337843829348875,37.9591954678784,31.053992379018933,2833.688,83.55307901074205
B0018,3.461799526154992,4.186308413669027,0.26298480955619646,-1.793581043096934,0.623462474737998,38.52104349883516,31.492840068071885,2826.453,83.3380101694377
B0018,3.463260140320492,4.187179397572641,0.2619734430620895,-1.7920645354970144,0.6248397802525874,38.87868799770175,31.93832684630049,2818.312,83.02228933785707
B0018,3.462839429201602,4.1854460754417,0.2556416201337189,-1.7809541104468565,0.6378101640549725,38.65118899876309,31.74562722135923,2812.7189999999973,82.78225035260016
B0018,3.4569152237960306,4.193052368415502,0.2676082970326924,-1.7989851707207014,0.6150607583595223,38.434235278537344,31.31018499405759,2803.5,82.91293831604983
B0018,3.4574690175816127,4.186241953638429,0.2574394360571047,-1.7873231599598716,0.6298747207649471,38.10387572433,31.127360345471814,2783.25,82.19427559993389
B0018,3.4502191781217797,4.186011006323472,0.26493801889138324,-1.7861666392556754,0.6315209990588402,38.12742842632319,30.985550813719595,2776.391,81.5094679858036
B0018,3.4486728051793962,4.18675624032869,0.2645712379606562,-1.7849995504167617,0.632408312631788,38.03962943213698,30.899653280757406,2766.516,81.16715181278855
B0018,3.444632719716698,4.1831553230638425,0.26235097271168484,-1.7783310205058362,0.6409763052863646,37.85657903247749,30.706123644966482,2751.516,80.40536710323242
B0018,3.467272639213176,4.191989955143364,0.2597087050137913,-1.809775952165901,0.6013127924655565,37.43017193410286,30.47122187456595,2848.859,85.22001662864767
B0018,3.464490491162134,4.185628679672912,0.2578119687917207,-1.7896694300229212,0.6274028594881518,37.8264149292754,30.939221783021114,2840.016,84.00192096344175
B0018,3.459667012281024,4.186834478731371,0.26514702115159183,-1.79700972481249,0.6177710945055984,38.08307173716899,31.111640631561894,2817.375,83.2280236689685
B0018,3.462241956955771,4.186613091061155,0.2565546711445496,-1.7861513769566686,0.6312740378102863,37.88279649093536,31.037910219908994,2809.234,82.91497444664606
B0018,3.4555661695067355,4.183907160253637,0.2603308765642147,-1.784162084841115,0.6340096391052586,37.96027066990377,30.967950840538833,2791.187,81.8362271373501
B0018,3.458696199585801,4.18533882899107,0.2573622425302024,-1.7845257009241222,0.6341667224930295,37.880513353762176,30.93996203578424,2794.016,82.4040647875078
B0018,3.4525282614097663,4.185280284017658,0.268153663797996,-1.7920667435100546,0.625132688002326,38.43416278222213,31.295019295352862,2774.719,81.74489361796736
B0018,3.4552290080443044,4.186281579801858,0.2647639387319315,-1.7827798732717042,0.6367021285636032,38.847489737859576,31.81846533166901,2777.844,81.39122714818772
B0018,3.4619744219744675,4.185356132672309,0.2545420008137018,-1.7725212915953121,0.6488383119287078,38.80283421497622,32.00067162597675,2781.125,81.4311204522758
B0018,3.452221905520614,4.181406543107895,0.25988652157311093,-1.769870119236631,0.6514922165839537,38.72699121838442,31.73992229230571,2760.906,80.74184868745328
B0018,3.4476500494421916,4.185252405343103,0.27085690569915755,-1.7884847819526568,0.6286723328477213,38.67191958148309,31.52613649688221,2753.25,80.91698821590685
B0018,3.447928507599004,4.185763363191996,0.26405515941435304,-1.77774044867741,0.6422823524717661,38.371813640118894,31.27624493654335,2742.843,80.09601865416435
B0053,3.0828389099409663,4.082016063841389,0.3681146457357664,-1.993560711727946,0.19338064792757959,19.02185891684059,11.988576567861957,2349.64,63.855865666353395
B0053,3.1103286425468237,4.178658528567033,0.4024090724428493,-1.9952648424142538,0.1860218699263989,18.304754041202315,12.059863244911188,2560.688,68.92847894615011
B0053,3.1104628288221936,4.192255020207044,0.42055096764611405,-1.9952720113784062,0.1876806046805435,19.33942752368694,11.967885395858058,2522.375,68.69433685983398
B0053,3.115027942360279,4.192588912486402,0.4102137268204141,-1.9947394897780593,0.1892635115635341,18.729143210051177,11.985900972885712,2488.719,67.5257230784428
B0053,3.109376043532363,4.192849949462827,0.41523242056569576,-1.994716528121975,0.1900664496382702,18.709411575172343,12.004376962205335,2474.844,67.00036393674702
B0053,3.1067532264566258,4.193081087954604,0.4115202896904334,-1.994462268339957,0.19045736265642238,18.63570596513145,12.133888437168595,2473.875,66.5110842975941
B0053,3.083406677687234,4.179165887700054,0.4222546389814298,-1.9944377413009737,0.19005420422747438,21.292305794774187,12.32708937826574,2495.5,64.89054093350171
B0053,3.080580001769896,4.191975122366585,0.4314283497585459,-1.9945357941517972,0.19086257123282882,21.01159959420005,12.164497494980397,2481.078,63.593522043782535
B0053,3.0828198149689934,4.191963518196991,0.44712930542154533,-1.9942887474626396,0.192223481673549,20.939938897683515,12.128732336863894,2460.125,64.55986061792142
B0053,3.095128536447283,4.192155796080977,0.41634640037236087,-1.99423279352749,0.1930158526448415,19.28383683899809,12.245191547318633,2440.547,64.81945461969718
B0053,3.078011917190656,4.192319942921637,0.43110957577785997,-1.9941297761315324,0.19299389500473843,21.101391697483887,12.190916714981144,2449.922,62.74126599120811
B0053,3.0992512260717127,4.178294459840927,0.41045849348787566,-1.993681474074749,0.19482046495510186,18.64340722345076,12.163073942837917,2408.781,64.82422158467395
B0053,3.0759964813859115,4.192753069603226,0.430580577195079,-1.994006147873811,0.19401518308162957,21.313677971413888,12.292542702117027,2442.547,62.762742111736436
B0053,3.076814828498021,4.192029518756707,0.4485403462925348,-1.9936703356758645,0.19538687045283692,20.92811979857166,12.129527968970198,2420.671,63.364019703878995
B0053,3.0908348956433267,4.192422731350341,0.4152711744860938,-1.993640914837378,0.19575656761378696,19.930786955410536,12.364595355360214,2409.906,63.94191167732879
B0053,3.0705536079059534,4.192159667005352,0.43939646191353954,-1.9937041845656749,0.19628399914014905,21.0220574646762,12.128324396717016,2416.672,61.161904301280536
B0053,3.087460321440554,4.177933640317498,0.41091533835962,-1.9931353663259233,0.19708892835702674,19.091622529647232,12.302129277138697,2395.75,63.7336619108827
B0053,3.0715434654202056,4.192397472111982,0.4302127554099461,-1.9931266937645042,0.19672666025429156,21.30570494347084,12.366585260617875,2410.688,61.39406749578639
B0053,3.0648787393041275,4.191651190035001,0.4483097084685602,-1.9933351618651365,0.19756062310628536,21.06885524244432,12.13341884254367,2402.125,61.6699345349248
B0053,3.0920593287919123,4.191822005194803,0.4200827076685405,-1.992634824405149,0.19961982970475378,19.0403826843671,12.146814956196247,2355.265,63.06789657007585
B0053,3.0752264215555254,4.192766032434195,0.4240218144780773,-1.9928701313578603,0.1982787037781575,21.22988294194384,12.493460218119653,2396.719,62.38597760884781
B0053,3.063652287832334,4.151701089360854,0.4119413945217077,-1.9928226279037262,0.19675044550132667,20.949809700571592,12.212439916474112,2442.344,61.835452004242065
B0053,3.081738329329653,4.177926260298856,0.411914471284882,-1.992894098916617,0.19672889254507,20.122996890408825,12.533800131697806,2444.703,64.28585097848679
B0053,3.0712653565298207,4.19142646613203,0.4390387798618648,-1.992442672698046,0.2004792600707915,20.906313087706064,12.15752125414067,2412.25,61.82998150849636
B0053,3.0775076513338275,4.191965715839513,0.4216493326145542,-1.9925886065719591,0.1992371293226043,21.20076254299653,12.500489505201012,2403.234,62.79792905208402
B0053,3.081721091323029,4.19127356264746,0.4342414306364584,-1.9921660756338,0.2011370164152146,20.01669492389786,12.129752391274424,2361.047,63.329745555402305
B0053,3.065618110074437,4.192474641560636,0.4309557127927725,-1.992579022263777,0.20016930866234023,21.30088854975241,12.4375808996521,2392.468,61.141596206835956
B0053,3.078450046499129,4.17716731983324,0.4110398968705431,-1.9922556312887356,0.20104994659883613,19.859103950325803,12.499986997045514,2373.89,62.50883957592589
B0053,3.0625561806089783,4.191922035679278,0.4331584602206051,-1.9924849523302153,0.20125738000557067,21.371062787995548,12.407329307373491,2383.234,59.912161848555535
B0053,3.070668465167841,4.1914917424018325,0.44517027559010974,-1.991918687181604,0.20306525042617934,20.121473725568496,12.12683073125857,2342.453,62.48312303209529
B0053,3.0689252222547845,4.192505197154108,0.4253009280361536,-1.9920764243229472,0.2028276337414781,21.375504791399432,12.488226976946088,2359.296,60.65958748364193
B0053,3.059463155886766,4.191388693209469,0.4522986816080284,-1.9916033205160302,0.2037199134504229,20.75519907919811,12.141455926320956,2345.453,61.219768537305455
B0053,3.0515604930870808,4.176817913788527,0.4334455932282838,-1.9918811626801765,0.20327367791944134,21.495108529574846,12.395143910298117,2360.172,58.53971122421693
B0053,3.077258112412092,4.191203897341503,0.43182234413346116,-1.991620909948196,0.20533986227434123,19.650976156235696,12.19451958922961,2315.407,61.92288349560084
B0053,3.0764274410465147,4.191950279497998,0.4217042557411259,-1.991691964766,0.20528347917321588,18.85601423191303,12.32467046038635,2322.156,61.328743486552604
B0053,3.0735171627901745,4.191989330112193,0.41772210404562016,-1.9916164333598747,0.2053688132544084,19.66943680638515,12.456556362135045,2327.1570000000065,60.6244454299678
B0053,3.0586262243104274,4.192193889063254,0.43040004690810546,-1.9915769869135742,0.2053054859121366,21.138845685984403,12.493233578273262,2335.0,59.1565828792747
B0053,3.0655406838342585,4.176984220978375,0.4189454750619632,-1.9913283590219126,0.20594268080657244,19.288047919779903,12.497083720348076,2329.375,60.59688480674817
B0053,3.0545790418645686,4.191893131054369,0.43410138140621024,-1.991453914785753,0.20575569642663452,21.3268013324968,12.499664099435382,2333.875,58.59930203956326
B0053,3.050692756091621,4.191053526742021,0.45679256989378875,-1.991333341091594,0.206925459854018,20.84260661100648,12.233147481743185,2317.453,59.97526711423471
B0053,3.0706836502741286,4.191344296215671,0.42084544429123,-1.9909759973896202,0.20819601071326538,18.56010936417985,12.380002749755878,2295.109,60.193372273030235
B0053,3.051595420919736,4.1920711169862885,0.4342357221048443,-1.9908720980814456,0.20920349872202085,21.59240098021019,12.616251645969692,2326.657,58.678334168016335
B0053,3.072187965091245,4.132408076306833,0.38068943730641236,-1.9918802848881905,0.20066150346461079,20.679962323191948,12.829588969895449,2479.297,66.2769151833394
B0053,3.094404341842919,4.175775307137671,0.39473306796494256,-1.9920173318720953,0.20166866919527884,18.9874805225948,12.58985421750493,2463.578,66.5159770058869
B0053,3.070776135685358,4.19084164853627,0.4276643034244077,-1.9921854505345817,0.20233091404292275,21.621996984314368,12.499581621225966,2458.812,62.02579986386263
B0053,3.093317588803282,4.19061444729718,0.4050812249309605,-1.9915614937804331,0.2046884061335546,18.973652680872625,12.55044884575378,2400.672,64.31813525157015
B0053,3.0749380759068083,4.191036582578031,0.4303419282953859,-1.9913636586660957,0.20524631125727374,20.978900321002104,12.432369953422185,2396.407,64.0367623623641
B0053,3.0677280268889113,4.190677216614621,0.42943296245066886,-1.9913026171829147,0.2057722554933127,21.79016577987201,12.51661002939304,2392.375,60.470407385008166
B0053,3.0638438118587557,4.174970264553197,0.4298057572160085,-1.990880837032101,0.206982172187502,21.259687238039497,12.386978430486096,2373.687,61.39829018645441
B0053,3.069633671738992,4.191223425605613,0.42105430391649795,-1.99127383323294,0.2064401542772167,22.11367611975276,12.86442209459833,2385.922,61.5428422554673
B0053,3.0774703956362286,4.1907916530158085,0.42806734217493875,-1.9908555652032598,0.20843964390714217,20.51266351352416,12.452887134609785,2345.0,63.048040133829545
B0053,3.065650898720959,4.191391388470691,0.4239303276572541,-1.9910466332112344,0.20802009029088922,21.838243278861643,12.717167506079072,2363.047000000006,59.792671853003874
B0053,3.087680483774557,4.1908069648629,0.40929139612342064,-1.9904913026405957,0.2102702203857749,19.19841243068418,12.479976931874727,2316.687,62.51454072890176
B0053,3.080080108538352,4.176075101120923,0.4115310280985609,-1.9901940926688606,0.21089436134371087,19.94793881732045,12.53086381740867,2322.0,62.544268558931094
B0053,3.0638130274525714,4.1919833117809935,0.42397207706170753,-1.9906079852392542,0.20912596101971317,22.11167709201849,12.900294389057347,2357.687,60.33991189728687
B0054,3.224017445984581,3.849482783980402,0.3822300792909674,-1.1710330967045812,0.9924503367197391,19.2224107892251,12.46348139823978,2660.313,44.193573859793354
B0054,3.250620648698839,4.150169673638684,0.3392269406241171,-1.6489958041029575,0.7742370118742742,19.13350840101625,13.22908734445715,2826.0,69.67333918786434
B0054,3.3125509639490387,4.18097797086454,0.34917770898961553,-1.5571513787964162,0.8421272465574603,19.246439328077983,12.767949622305693,2818.578,66.01260308878464
B0054,3.014547209987882,4.183817862511293,0.47031104286542214,-1.997470366256859,0.16840940941240215,25.274344894624623,14.48548355867213,2713.812,65.4618120858635
B0054,3.362083204238267,4.179551945393369,0.33112524564866175,-1.4975619564128648,0.8784096306209649,17.912726519981458,12.21069483610014,2786.578,64.23233715169718
B0054,3.01935322902276,4.186221002348923,0.4856136996518944,-1.9970237894724439,0.17077894541729574,25.399130245059563,14.382852820878863,2667.89,63.641302825960835
B0054,3.2949076790535123,4.162967318861197,0.35163321571304607,-1.6640786232847222,0.7613798795068453,19.95849572800336,12.646539321462496,2530.172,63.12093789044164
B0054,3.099558518903638,4.186119302404479,0.4449713764164695,-1.9715817292939632,0.28127212880799046,22.3455512044548,13.501798463127008,2446.062,62.40837863272355
B0054,3.344320754921095,4.183685207894235,0.35663880840682083,-1.5296202376253885,0.8597253805263283,18.346440665576743,12.310686417130766,2713.25,62.46392127871781
B0054,3.3393968492515325,4.186682919177322,0.37305761918965435,-1.5281296055710467,0.8606210370927184,19.776786565302107,12.449589157423155,2676.578,60.81258051155797
B0054,3.1066787302612444,4.187137846103755,0.4496082189695477,-1.9701082949463855,0.2864170849160639,22.520284175103843,13.39260571620204,2394.734,61.078541801061014
B0054,3.3713317734388912,4.170757473231068,0.3344994680575574,-1.5000378935218985,0.8769725934728456,17.54568061289479,12.045245019281868,2673.0,62.050210507094924
B0054,3.1171442968796907,4.18733783943504,0.46085230832779406,-1.8653555811837863,0.5230171078765105,22.730114882559054,14.027143186292392,2619.578,60.76104357088214
B0054,3.3723181530355464,4.183271363053432,0.33618991956242544,-1.5115018139952765,0.8707415383684125,17.24230903543893,11.986987916312621,2640.016,61.708235329716075
B0054,3.3752367769573675,4.187176348907268,0.3458802295403766,-1.497824274090196,0.8785135653595445,17.67282228813571,11.961246010798936,2621.187,60.29506965031863
B0054,3.0680241783485127,4.187497017349983,0.484062961589743,-1.9179494962272425,0.4248380028029221,24.83365687277193,14.303923037098802,2616.453,58.9049472078527
B0054,3.080029423131606,4.167864162415893,0.46516472710216555,-1.9314917930639428,0.3938476915316865,23.814869897999767,14.014570142346548,2565.109,60.20438245739723
B0054,3.0995001166042586,4.182759232638332,0.4668050458482419,-1.92048742497431,0.41934267683299137,23.28615802177016,13.82742179742786,2532.531,60.64241168407191
B0054,3.135117188240346,4.183401065560466,0.4671778596853895,-1.849612166299431,0.5483581169455682,22.857688282463823,13.793181239419976,2556.593,60.364081779997846
B0054,3.361825569933971,4.174098618023754,0.3443086403153814,-1.525824007413269,0.8622149926010136,17.0744400013979,12.006556818172502,2577.891,60.34801369256564
B0054,3.069748420550782,4.187244537540539,0.480973889986596,-1.9223708469458909,0.4153748421695483,25.034160636506623,14.223331420666247,2572.36,58.54031863078908
B0054,3.0996476610968013,4.149611746563943,0.45305236992121667,-1.9101165488009806,0.44058168213450855,23.82931377080337,13.816713741617784,2697.75,65.79830678085217
B0054,3.3276361450033405,4.167185143906847,0.3601874857851409,-1.6020144332363573,0.8111534395174256,18.148295901779747,12.297445133045807,2683.406,64.66273402908611
B0054,3.0908876531781067,4.186239596060815,0.482553184453165,-1.9236868575194104,0.4123582226658829,24.24050410772348,13.917709213674303,2646.156,63.16059499538012
B0054,3.1255606087732573,4.183562459488766,0.4666643918391086,-1.8803961080701523,0.4975703584001489,22.93935470684112,13.738247646589583,2593.531,62.028835339002555
B0054,3.0910099520509644,4.183469543197807,0.47368501166842614,-1.905113543140002,0.4513912760003197,24.77112444800467,14.021036742212438,2604.125,60.16404679729298
B0054,3.371121145966289,4.182803471091083,0.3425825587076066,-1.5218810456368534,0.8646808411159785,17.39258920543283,11.909908874752377,2588.594,60.68429502286289
B0054,3.3382772643772527,4.177543051799468,0.3661333913221257,-1.5596078514903517,0.840827051472197,18.305747733025576,12.313622257322168,2579.203,60.671867941675984
B0054,3.275227014636782,4.18745666665725,0.4133797842828776,-1.6471246950174097,0.776094857025625,19.849601783840107,12.835536006037291,2555.453,59.81816533062293
B0054,3.08264025202744,4.187380122640154,0.46694674407988446,-1.9257089452541614,0.40739889858262296,23.697887384213885,14.025334270032486,2525.609,58.60634778103648
B0054,3.3354691487943056,4.183314724424282,0.3694191206177518,-1.5632544144584157,0.838519020489302,17.639370990163055,12.206393799822907,2536.172,59.65112421582761
B0054,3.0695623236052407,4.187279483525102,0.4829670744849521,-1.9167231691178084,0.4272992872942607,24.85575941323945,14.157912343382948,2536.204,57.241755190039115
B0054,3.1084291827280213,4.168586129733135,0.46397249507843974,-1.8791583665297855,0.49929579680846814,22.63357359621721,13.877029644763786,2488.86,58.536811562731614
B0054,3.3581509225423294,4.183747098480424,0.3633022263619524,-1.5204721015245712,0.8654820838472418,18.24210090664387,12.000734280236426,2518.547,58.05617065678712
B0054,3.1056894645085027,4.187523274109238,0.4740900306729078,-1.8782588716032265,0.5012171076604856,23.459587106388877,13.961422230756657,2485.766,57.89389797894637
B0054,3.076065545012625,4.184269535257578,0.48814906723015006,-1.89639216401358,0.4681389440043431,24.87318926454243,14.14108020855593,2506.718,56.61924102245125
B0054,3.121042954980712,4.183868392040906,0.4735362281927352,-1.8576897659318123,0.5355876933743066,22.57895105031832,13.857077682108361,2459.297,57.56729531822786
B0054,3.330025768269621,4.169539487587025,0.3749355008428129,-1.5518869076190895,0.8458188171180613,18.155876160419844,12.299989669041157,2488.734,57.828998730060356
B0054,3.067009596769174,4.18749739820457,0.4810147245341154,-1.9124622855946998,0.43625733310273623,24.745737558953422,14.212120623239777,2491.375,56.1846395908245
B0054,3.224323331222822,4.183674115350642,0.4437385498081573,-1.7011264817066785,0.7281045637550069,20.864500972462256,13.232401754114171,2467.328,57.447379919935834
B0054,3.348287536831091,4.185924206625423,0.3784363786372467,-1.5163049342863169,0.8681123502874848,18.59367691804772,12.098481296366476,2466.125,55.73859940225924
B0054,3.0573024563037245,4.187821519147336,0.47670570973784476,-1.9284095076756849,0.4008327940844686,24.597212846034733,14.31610663580659,2459.312999999994,55.62580388451196
B0054,3.076951013118892,4.145501189988608,0.46062352953060975,-1.8954338677218163,0.4692184291646878,24.13178710047615,14.083550544682673,2559.125,59.585503360196476
B0054,3.085795975435223,4.168037433999008,0.4568794736150532,-1.9122439737900219,0.4362117900049838,23.612194914633054,14.07160712441505,2534.156,58.7307376038555
B0054,3.3302769619097354,4.182894970276525,0.3750887378605862,-1.5658732171156964,0.8368280790928756,18.35582339692624,12.23792511997238,2521.985,59.15512151622531
B0054,3.071754770434524,4.187269403966888,0.47289524935832916,-1.9198544645109012,0.4206748042258624,24.73342335069987,14.182674582038874,2503.172,56.73920097594024
B0054,3.0794678744671966,4.183666770470569,0.47147514766836746,-1.9091163760160397,0.4429207977262681,24.172566338551658,14.10332308130901,2474.344,56.895424032390494
B0054,3.0669938746662084,4.071079307477162,0.4258101097295449,-1.8522071985944888,0.5434233781753515,23.99040081449467,14.073408640034845,2349.64,52.858807236221416
B0054,3.092460830981556,4.166737300664872,0.4499430440362838,-1.9078833192347389,0.44518843062808316,23.497913584081875,14.081056672524559,2560.688,59.35241348215289
B0054,3.1098726595442607,4.182736373587939,0.4577068183132158,-1.8886275942243518,0.4824553954714021,22.413638355604547,13.882912785076055,2522.375,59.45795313977486
B0054,3.0916929425969144,4.183619389994964,0.46374236017514353,-1.9132216217910722,0.4341704148804376,23.276288269463745,13.976909425974554,2488.719,58.25748711859099
B0054,3.092077800709679,4.18340061507743,0.4661352994387721,-1.903346510749379,0.4544880560436812,23.166415774259068,14.001484389915577,2474.844,57.69323424741486
B0054,3.0868228519569625,4.183750141327261,0.4671378856768439,-1.9027928791898274,0.455373559466786,23.915519230311656,14.093605062402071,2473.875,57.1801677801393
B0054,3.072604933827402,4.16720818599326,0.4752126626206722,-1.8852058718255222,0.48848855752134435,24.7714915843067,14.300275862318225,2495.5,55.51412681234515
B0054,3.076772656394079,4.183066668693598,0.4871594463934654,-1.8841642253203457,0.49080892918670366,24.68396453173386,14.124062472619881,2481.078,55.686122310477806
B0054,3.2911829197288838,4.182465009412686,0.4011614121489017,-1.6061202048940721,0.8084193090066676,19.020363167421827,12.64526098166937,2460.125,57.012821675866476
B0054,3.0675140530182183,4.186729661376772,0.4711458670238768,-1.9185686957922585,0.42324205609420684,24.13873479197664,14.223331638985794,2440.547,55.7260685900913
B0054,3.0671371599201427,4.183427098166605,0.4915057532411112,-1.8904802137424437,0.4793173051825482,24.81564122138252,14.139185148296136,2449.922,55.144930271804306
B0054,3.078813614886158,4.166698332057613,0.46484046556176395,-1.8976415345909174,0.4653634042412931,23.24485824164149,14.087390371698557,2408.781,55.29339383157208
B0054,3.066888936059056,4.184004022833215,0.489310376350956,-1.8894343368968853,0.4811659260706758,24.86373425921068,14.202958247128624,2442.547,54.72579482497629
B0054,3.2822748078833337,4.182970368325371,0.40701957689426727,-1.611671218418306,0.8041670788771108,19.187532398616906,12.672879944135305,2420.671,56.06513216211617
B0054,3.06323475400009,4.186946857158577,0.47294164867839156,-1.915975846751273,0.4290058178935058,24.608575630578702,14.267116889972154,2409.906,54.7032469201527
B0054,3.3294345220814243,4.182782183216822,0.3850967440438321,-1.5310760587444987,0.8591767967190661,18.813867999485478,12.173995572424571,2416.672,54.96376343421476
B0054,3.059197039764698,4.175798948316686,0.4640271273229939,-1.9239678603051145,0.41076960327867906,23.94925053538712,14.240824503948053,2395.75,54.41813353402951
B0054,3.0606951230963726,4.183432164471636,0.4894374519463867,-1.8954445735817307,0.47003678860967507,24.82147170162433,14.275292993104369,2410.688,53.637231048507594
B0054,3.3096645129465334,4.182464884390648,0.39196162233303095,-1.562794930544311,0.8390951648877759,18.57811741414672,12.319879487331049,2402.125,55.41920999389325
B0054,3.068838395977353,4.187190771734197,0.46896549691065403,-1.9221081343667143,0.4157940399247707,22.523812738647745,14.017340985088923,2355.265,54.46090639033907
B0054,3.0642577232510537,4.184124653963867,0.4796136547937002,-1.8937037642157029,0.47314016919276647,24.88527095803529,14.309673058312118,2396.719,53.374343455879846
B0054,3.05089172896046,4.1396795894908935,0.4683207132682686,-1.8756620997311104,0.5049676352210465,24.49535100296176,14.20580721645281,2442.344,54.35608136109305
B0054,3.0723870805326334,4.166798038044882,0.4636466679902362,-1.8854776045140642,0.4877323297016129,24.79248513927076,14.343325580342825,2444.703,54.43993848985739
B0054,3.292510597456584,4.182556356872751,0.40377480247812547,-1.589261111842247,0.8206516392237354,19.41886177632084,12.52113276136492,2412.25,55.767463128852604
B0054,3.0615420925064947,4.18680349899093,0.4714081188743873,-1.9122401856096214,0.43604350883322024,24.843161021240142,14.320010513448283,2403.234,53.64326765789208
B0054,3.104814009888728,4.184455817920845,0.47133324523972825,-1.8597568424209725,0.5321713403002745,22.81807409211731,13.817833063271001,2361.047,54.58604333718452
B0054,3.0591573873230504,4.184079696303244,0.4867110685777403,-1.891396177801322,0.4776102873491266,24.58129890321389,14.23049295284562,2392.468,52.34918341426389
B0054,3.0574972660409525,4.166279880071051,0.47080079697874994,-1.9002601186022197,0.4604646278922317,24.65462709285521,14.343710795679344,2373.89,52.8871341171627
B0054,3.0567448490556264,4.183737744816785,0.49399223661769215,-1.890256821336201,0.47974971938719657,24.667711168999983,14.146643227132303,2383.234,52.67305519366463
B0054,3.151370552126675,4.18293565751089,0.4641708992029935,-1.7845839996739221,0.6375832353618502,21.67226159753115,13.55224741011707,2342.453,54.0272559974081
B0054,3.056163933839863,4.18457456922587,0.48557388383055,-1.8986075226465784,0.46393106664324624,24.96144413226689,14.28080189135689,2359.296,52.16855758856484
B0054,3.236611432340167,4.1835244239011375,0.43286193597565054,-1.6591500079295531,0.766216634166399,19.86209455847644,12.92628985289928,2345.453,53.94066963299369
B0054,3.0377786371686537,4.171664411266561,0.49062704590748873,-1.9081461941354183,0.44459208221738683,24.813991518744384,14.22945813956484,2360.172,52.03483882878245
B0054,3.096631349811912,4.183480212813237,0.47162911702295435,-1.8642154954714256,0.525395476706986,22.3422759308799,13.889055949262897,2315.407,53.374387618372786
B0054,3.0611426143701355,4.183649118386083,0.4764014620955196,-1.9063318856890261,0.44910548642917364,23.389616432610406,14.09831645395676,2322.156,52.76855388882047
B0054,3.0558445282697995,4.183468521205082,0.47913920573241325,-1.9062132651550836,0.4490575393053793,24.437246414395887,14.205610727972747,2327.1570000000065,52.43611554689823
B0054,3.0499483326806858,4.183632733146927,0.4941697307254381,-1.8957242503552245,0.4694749532422611,24.61732308170388,14.199988460708054,2335.0,51.36095526575514
B0054,3.0516041952252326,4.165207327973796,0.474788661582079,-1.8948015430442458,0.47060902019728107,24.271941214408503,14.288204303284642,2329.375,51.94608775465679
B0054,3.0472454916360254,4.183812225950738,0.4983017823211286,-1.8950958802980535,0.4707215860140374,24.804728027574093,14.208858242752529,2333.875,51.59318721499092
B0054,3.231306720712414,4.183143233797935,0.4379490231896133,-1.6587879730372208,0.7669326863946311,19.87934804833635,12.936183613815922,2317.453,52.95149861974987
B0054,3.0561992011444175,4.185938542114043,0.4726380945326672,-1.9142507746667623,0.43273383790265185,23.51552492010551,14.08418288760077,2295.109,51.902609724033674
B0054,3.049101236395701,4.18432308250829,0.489891619403245,-1.891201590561377,0.47805872788914194,24.913142338885027,14.275903069670573,2326.657,50.614717035330635
B0054,3.059261895423349,4.1182630057067415,0.43504290493713327,-1.8398920804939838,0.5619416691417587,23.80380834532953,14.30665353308513,2479.297,52.557503342502066
B0054,3.0704875641057296,4.164907528561344,0.4539094169438794,-1.8791742872877957,0.4990871356595614,23.08245417914552,13.97058204189835,2463.578,54.413299679291036
B0054,3.067048133380307,4.182445897550156,0.491334137593018,-1.858308089580359,0.5345663219591015,23.778234573688007,13.799155081842601,2458.812,54.48066919862302
B0054,3.0722065010406205,4.182116565141312,0.47216609696206224,-1.8751258468342007,0.5063452993288486,23.05943482945761,13.85337076803369,2400.672,52.9894214537845
B0054,3.117253230362332,4.183709805636206,0.47364818455970253,-1.800714268791482,0.6171147917918258,22.244929264861582,13.514874679422098,2396.407,53.52213685315781
B0054,3.0560602390351073,4.18305579589887,0.5024263390575991,-1.8630586445315185,0.5266586220016259,23.801178997375885,13.789537640473576,2392.375,52.86572847123796
B0054,3.2276996110787217,4.163750891434571,0.44086844621087723,-1.6261597439567572,0.793022955677632,20.129283300775896,12.632160467633849,2373.687,52.519630451293544
B0054,3.0511101255752124,4.1857725238225205,0.48884890893812566,-1.873244340822881,0.5101552004809544,24.104183465359974,14.133236180004296,2385.922,50.535747839496366
B0054,3.110131898177326,4.183962354946822,0.4775516915934702,-1.8048654869219674,0.6118345419052433,21.124822433154826,13.44514404240349,2345.0,51.99730324208185
B0054,3.048474354226641,4.183748382269399,0.5044639191784407,-1.8598703836367976,0.5317162309129086,24.038373358435607,13.90645728525564,2363.047000000006,50.41209455052918
B0054,3.0720502151516498,4.183059531782334,0.48219110370710616,-1.8567326723251218,0.5371405715651911,22.33379539164456,13.600457924373249,2316.687,50.983817046673494
B0054,3.0780861695186963,4.164596042177817,0.47572312475526446,-1.8332643523185828,0.5723022312116928,21.7292466341309,13.622342114819537,2322.0,50.913785945808655
B0054,3.047978400472379,4.183536913886723,0.500643644086284,-1.8581507060124247,0.5345007334464392,24.067733333922256,14.071709155413798,2357.687,50.0143061071349
B0056,3.2954766160397124,3.8387228819147694,0.33102770337043347,-1.082554743304369,0.9940384099889461,15.737541036017063,9.97935642991351,2660.313,46.90174374560392
B0056,3.278114932402385,4.14918086948454,0.24107317987504934,-1.7199163116216973,0.6865007341265098,14.09017680302044,11.067443145348815,2826.0,80.29336114344032
B0056,3.3106158390566507,4.17533419262966,0.258469812706949,-1.6905155460333223,0.7164931559222099,14.9073664521439,10.889462468094056,2818.578,78.68954053360049
B0056,3.3172843725733268,4.177469814791119,0.2464320016539115,-1.726708354723348,0.6800393402459746,14.04619289990165,10.764459531712715,2713.812,77.4868178601544
B0056,3.344030455029123,4.177333358996554,0.2627449110416388,-1.6420112923998627,0.7608591488593841,14.458798502682042,10.65574896441831,2786.578,75.49165818575307
B0056,3.336353669510842,4.178105672730461,0.24959757666761423,-1.7046338232855287,0.7030430141059517,13.79068771013097,10.604398240583924,2667.89,75.19238195377956
B0056,3.3009005971377725,4.169426750713255,0.24283927785922954,-1.8247670015083761,0.5554949340541268,14.881216824496482,10.747618198190096,2530.172,76.48665949708077
B0056,3.3051103949821674,4.178499777464705,0.23976081891482426,-1.8506548604930126,0.5154530367303016,14.283153326557814,10.642275000961929,2446.062,75.09258340469249
B0056,3.3671071393351695,4.178690194193401,0.2560396329132249,-1.6314150295742418,0.7695836087308617,13.24625881226546,10.449432487805073,2713.25,73.02290744722036
B0056,3.350670766767032,4.178597106977031,0.2640846976597358,-1.6616088416098966,0.7438159103101125,14.784638313108044,10.535109718676143,2676.578,73.42016014819514
B0056,3.316178080747263,4.179016949083667,0.24085284699957404,-1.8455069420958794,0.5241328907174297,13.967206000860529,10.596589405147556,2394.734,73.31867256881718
B0056,3.3637533511944144,4.170255325585353,0.26269104349481126,-1.6426461298564279,0.7602143575080283,14.10183741263998,10.518875176620943,2673.0,72.47111331867406
B0056,3.345736483227564,4.1791853671260935,0.26250236698298657,-1.6956317121625684,0.711952049689748,15.014735099158155,10.55326910161315,2619.578,73.47668447988138
B0056,3.373106355519255,4.179445713445421,0.2627504435254757,-1.6346840292281264,0.7671106488661928,13.814334631047265,10.414707663905276,2640.016,71.23870458013604
B0056,3.3697897239570302,4.1797547856645245,0.26656238177110825,-1.6381228999586526,0.7641452937157063,14.16755708920704,10.394183210718758,2621.187,70.87781763487571
B0056,3.3623304120622954,4.179854576648961,0.2711240955862721,-1.6445053548128659,0.7590570613027393,14.498480751440637,10.441904510807989,2616.453,71.16312115805837
B0056,3.3440747440292173,4.171853041375375,0.2628864455082752,-1.7073520267726885,0.7002115071752344,14.957470899011565,10.556505695788386,2565.109,72.5183757534635
B0056,3.344993026252809,4.179639783717689,0.2633302189039849,-1.7217523886019717,0.6855408860489093,15.001521036754518,10.536326582207261,2532.531,72.23528211948279
B0056,3.350361911675404,4.180054992180052,0.2650839675192709,-1.7041819303581027,0.703569276279637,14.338173356663557,10.495199596430949,2556.593,72.09394250139273
B0056,3.37818787285201,4.174069945070663,0.2632128146521385,-1.6317327720996542,0.769192218922135,13.436612124692124,10.301909086360435,2577.891,69.45935338683002
B0056,3.3620625284471575,4.180243969445706,0.2716326810623725,-1.654732613269804,0.7505581176765473,14.639269846531356,10.453998023862313,2572.36,70.41010250926666
B0056,3.346029829980996,4.160878235645104,0.25272112268930064,-1.7304356189135515,0.6754874000939062,13.577353530338334,10.390292640584766,2697.75,77.3162961345074
B0056,3.3654291392154736,4.170401928183799,0.25759402024827754,-1.69638971406972,0.7110108332256025,13.568274326866668,10.29031089579849,2683.406,75.27045242459877
B0056,3.3689721031647792,4.179668272690069,0.2569817600145804,-1.6918741720619472,0.7160083467042118,13.222923404873027,10.263087503889402,2646.156,74.11268068649511
B0056,3.3465295769688743,4.179757059071528,0.2639279836957001,-1.7414082441068879,0.6640938864744848,14.117236767649958,10.400005286038285,2593.531,74.78909345737621
B0056,3.352812339869088,4.179381275805115,0.26918481771068853,-1.7007572591990596,0.7073165337353617,14.72590749283402,10.409833153074386,2604.125,73.33805712111094
B0056,3.3743035968482755,4.179761909304835,0.26848295659406557,-1.6642520477871068,0.7415942890041414,13.782905674311683,10.249617197163523,2588.594,71.1768293477538
B0056,3.3764282291064944,4.17225893612502,0.2630391255698187,-1.661218424865919,0.7441208310167555,13.53465268656202,10.237028804942252,2579.203,70.82683291417997
B0056,3.375019443182964,4.180576245666881,0.26253672170975767,-1.6741395350666335,0.732673909008867,12.997563677985069,10.198234922837491,2555.453,70.72152380927886
B0056,3.3500962120625943,4.180487517962948,0.2701231556820305,-1.7210677294448378,0.6863453564598224,14.9075480868495,10.430944576015767,2525.609,72.02887750339848
B0056,3.379062729502439,4.18039553298969,0.2643309355802818,-1.660218253465555,0.7455463241646945,13.20576446654183,10.139534423823738,2536.172,69.60671271883297
B0056,3.3612064036489087,4.180559366384886,0.2744478562556729,-1.6771366747493928,0.7302749398444732,14.51158708545384,10.308440154694576,2536.204,70.41765037417872
B0056,3.3463562838477823,4.172113004233132,0.26787473962416264,-1.7399898086415906,0.665572093768805,14.30233008977442,10.36840954285901,2488.86,71.74986384783516
B0056,3.368266919681875,4.180373353367004,0.27452207555210606,-1.6716395639461556,0.7350124965154838,14.15321706372225,10.204673365751807,2518.547,69.61682495428921
B0056,3.3594964247247177,4.180733041897962,0.2686659971055661,-1.7116000565977858,0.6965586993643056,13.855287867564956,10.315613775538878,2485.766,70.49513171320764
B0056,3.361567624174783,4.180279081248084,0.2769284519399769,-1.6774896727466349,0.729828984642146,14.492855960891132,10.276786926763112,2506.718,69.62970287587163
B0056,3.355757582090394,4.180999495499183,0.27032835711197656,-1.7243823805848957,0.6829659931821191,14.065463723343733,10.32641766409495,2459.297,70.26176419215147
B0056,3.377027547912211,4.172470795694908,0.2689432462294694,-1.6629834811063648,0.7427891567009658,13.412858944276625,10.173012177291527,2488.734,68.43631990668952
B0056,3.357651728668808,4.181062785086551,0.27757632265910237,-1.689827294587583,0.7183710342480413,14.60610388019012,10.359918034435648,2491.375,69.73388588176202
B0056,3.3773583743313456,4.181144967626914,0.2650654733270954,-1.6766143500201733,0.7305025611776653,13.208123302069437,10.160882493726476,2467.328,68.42461973186883
B0056,3.365617870156837,4.1812569980664405,0.27926567081131953,-1.675151077790599,0.7318587481256614,14.33986737197622,10.194404833993097,2466.125,68.34877007346624
B0056,3.356825640396486,4.181218970555332,0.2772170772383097,-1.7007993161787647,0.7070093197996554,14.869194370874,10.45640074188921,2459.312999999994,69.31341336242036
B0056,3.3493744607237104,4.162741220330822,0.26986290018797754,-1.7280902642659892,0.677697068822344,14.255223899564948,10.313619268601707,2559.125,73.29617312181443
B0056,3.3378261700959464,4.171908005371084,0.2715118108639107,-1.7697668005317093,0.6301353886336954,15.145967765545794,10.450923975542697,2534.156,74.38787497610272
B0056,3.379813223194436,4.1801184107331695,0.26756729264467827,-1.6776635778147013,0.7292233710556942,13.36575567843813,10.066401247840554,2521.985,70.01287481362883
B0056,3.3529139626798687,4.180978585892375,0.2762042907053791,-1.7206408430840379,0.6868981343679095,14.761564527480054,10.43749851062521,2503.172,71.39390267991192
B0056,3.3506050479395064,4.180622872978541,0.27560897481375873,-1.7353946887212042,0.6710050393980608,14.927522519928406,10.413907415221043,2474.344,71.19083162102189
B0056,3.282678428854045,4.109379346813982,0.2522812746502778,-1.8819520327756425,0.4585695796492209,15.38684146714604,10.513733364328893,2349.64,73.44077417324655
B0056,3.33124930750755,4.169898025659996,0.2696468714440476,-1.7966492983038744,0.5958862220903988,15.06186195706642,10.477654553290117,2560.688,76.29745695849908
B0056,3.3452443163116463,4.18030832398499,0.2687642316777098,-1.7761136080338402,0.6229679178409548,14.19417584217932,10.31728183321325,2522.375,74.26294281878107
B0056,3.341356791517586,4.1803883737342336,0.27206364277570566,-1.7812712509429693,0.6166293917341835,14.670219241896357,10.380685727786513,2488.719,73.51126172284414
B0056,3.3435875505910966,4.180539223969872,0.2732573702750585,-1.770178297141129,0.630250569666685,14.756439650219583,10.36448134266215,2474.844,72.64124749459461
B0056,3.3430796751998537,4.180613197410378,0.2769592015660539,-1.7603312590728741,0.6422812682284973,15.074941469247385,10.418606978035179,2473.875,72.19913677472988
B0056,3.3475631632118508,4.171995741541347,0.2782111864157735,-1.725357477499951,0.681609584744125,14.772345213065618,10.467474839092922,2495.5,71.35010039285619
B0056,3.3573308617480517,4.180481328623388,0.27942983514254416,-1.7049184863619542,0.7032502060922223,14.624267787138264,10.24758606535621,2481.078,70.08430318290053
B0056,3.382778882292665,4.181058054860729,0.2668225965798594,-1.6737250543608966,0.7332029134086198,12.974017575008304,10.06027633089391,2460.125,68.11541532108289
B0056,3.3460645335108428,4.18149130108492,0.28029671708454823,-1.7445639059237334,0.6606663926688874,14.962343761280408,10.46181981941412,2440.547,70.60671866507607
B0056,3.3641915924918147,4.180595098911064,0.27758159628413315,-1.6890678369808096,0.7191042025865207,14.288936379622092,10.21776828052081,2449.922,68.56973569724468
B0056,3.340090097397974,4.173047661044039,0.2760019288164218,-1.7678866953516275,0.6331646896851695,14.731654795183925,10.382854030148234,2408.781,70.62861150268388
B0056,3.35648490646885,4.180864505746636,0.2813474725897491,-1.704950103976557,0.7033573828697534,14.530184451529058,10.344585715881983,2442.547,68.99635743989721
B0056,3.3822432790887746,4.181146414659693,0.26840782900013627,-1.6727370538477788,0.7342307957042605,12.920963346782584,10.028217431506214,2420.671,66.99387759722393
B0056,3.3475849268060007,4.181695073360697,0.2821642310113515,-1.7375416574771907,0.6688621477872113,14.975497658516607,10.497532395250285,2409.906,69.44173491973851
B0056,3.368899621618762,4.180846468482689,0.2793162560490656,-1.6790843732728173,0.7285114421572603,14.006665059857031,10.078456668334661,2416.672,67.17388929983072
B0056,3.340217809060051,4.17358432175774,0.28156250667359395,-1.7528301920007388,0.651269102845872,15.065495014920012,10.437586290235986,2395.75,69.66580000288523
B0056,3.3606706640426602,4.181103233539769,0.28113316386540577,-1.696361090547745,0.7117144539890925,14.438517748547325,10.327680053270171,2410.688,67.76989190477008
B0056,3.384477709863685,4.181672942091641,0.27059508716056885,-1.6547810696984198,0.7501356920671537,13.194289211464437,9.931318938388468,2402.125,65.77196506172609
B0056,3.3408256322235093,4.181798435766776,0.28058598972549126,-1.7665140217971276,0.6345176223167165,14.482501609291248,10.341385046767083,2355.265,69.04796743296208
B0056,3.3541889238828593,4.181361272735532,0.284117509453209,-1.7114334458397396,0.6962052069570206,14.720749328790644,10.494744894336083,2396.719,68.0020165673061
B0056,3.340961153961277,4.16432577440784,0.28023988568637714,-1.7341386416649764,0.6713128362332805,14.529077890794348,10.206418347273608,2442.344,70.22177704512072
B0056,3.3371235826921466,4.172633979258993,0.2823428944249912,-1.76327611270095,0.6385302379004778,15.244128605525711,10.592911474763564,2444.703,71.48869206970407
B0056,3.376237517393404,4.180507540870247,0.2722167035064647,-1.684432789415394,0.7230100405464586,13.512900564234096,9.984423245892257,2412.25,67.29633911872979
B0056,3.348647645780763,4.181900407397767,0.2834549978229175,-1.7382277088571685,0.6678713657289636,14.862132323599852,10.532756069231716,2403.234,69.28864894697153
B0056,3.362242476728691,4.181297616479253,0.27029978418488454,-1.7328967687649997,0.673497206817497,13.378405270944848,10.144690849516095,2361.047,67.85777060999033
B0056,3.351293107048021,4.181657232676167,0.28766116542774833,-1.7156881587629866,0.6919899010354643,14.806201026240291,10.418716582380117,2392.468,68.07156182503024
B0056,3.3414098071318334,4.172972784971319,0.28189818540307254,-1.7530374056679272,0.6507491364594767,15.144104218787898,10.532972017810645,2373.89,69.04364370571024
B0056,3.35783559274309,4.18131610574028,0.2846620185051456,-1.702815564152015,0.7049347104033592,14.39832488350013,10.294250246042282,2383.234,67.3006883959112
B0056,3.36675593545663,4.18166924078605,0.27196174392265704,-1.7175512283850776,0.6901376763364803,13.069857113335043,10.050387765399135,2342.453,66.6956454144275
B0056,3.3487514550466417,4.182044120407073,0.2868628750685816,-1.7291690081472488,0.6778830188770333,14.625776758086843,10.472005861254317,2359.296,67.67354171067484
B0056,3.3810092385566413,4.1815714469098,0.27028804691717906,-1.6749388332386832,0.7320201136681228,12.585237711150564,9.909401931448466,2345.453,65.06485711455144
B0056,3.3564306318997588,4.174449328074176,0.2862986227424238,-1.6967956767696222,0.710918508030617,14.409091639662265,10.242760595982558,2360.172,66.42062321377735
B0056,3.3508758903963662,4.181914870814706,0.2769405781416457,-1.753415191734097,0.6503002164171081,13.639615611059916,10.216290881964335,2315.407,67.3709507804457
B0056,3.338909543714827,4.181346159150703,0.28545983213687215,-1.764019308767849,0.6380535290372443,14.880692487289394,10.357968672788795,2322.156,68.00897268604055
B0056,3.346321199511455,4.181554177966883,0.2848162487033955,-1.743062159577205,0.6625896511647188,14.94384328293818,10.4126408516178,2327.1570000000065,67.31831226003533
B0056,3.3538216131821788,4.181615967935099,0.28763212215263584,-1.711553001717173,0.6963878614476008,14.50969090814752,10.355563284677743,2335.0,66.30518670398527
B0056,3.339346853440726,4.173516161117117,0.2858075041312574,-1.7522810293736752,0.6518455687742074,15.062267575750978,10.41665753464741,2329.375,67.75727236245743
B0056,3.3536514376808864,4.181332312389274,0.2888057885004224,-1.7102152613104593,0.6976816368216201,14.468947045350122,10.301294534772044,2333.875,66.2041220281626
B0056,3.38120127228625,4.181999698138027,0.2732010982509587,-1.6752482242752484,0.7315526691806636,12.508239840028546,9.91165771895873,2317.453,64.31458134678
B0056,3.3368543585349384,4.182136607973574,0.2868233874193836,-1.7684173466123287,0.6324594249400554,14.887028438704052,10.349022787330426,2295.109,67.39503166872247
B0056,3.3522604662249167,4.18160323028519,0.2901655851757399,-1.7117088970464227,0.6962333299556576,14.643769942307395,10.403963430415772,2326.657,66.09519791171954
B0056,3.301853229400361,4.160391647622785,0.27701975263113926,-1.8436644323324185,0.5261556557629565,15.536147821768504,10.672589964446292,2479.297,75.94848406447342
B0056,3.3271853602584223,4.171177372817309,0.27807583123396445,-1.812029971968896,0.5743271509753394,14.710321906861784,10.38887188704922,2463.578,74.1547631319709
B0056,3.357838197685972,4.179908499745383,0.2818210134966651,-1.7201885508327548,0.6871377207681357,14.282705134297458,10.084749408390376,2458.812,70.15765249085682
B0056,3.3341676075284923,4.1812209027547125,0.28277376339222643,-1.7962378329894884,0.5967395454321018,14.735427526864724,10.365887906876877,2400.672,71.6081700368935
B0056,3.3656652776557863,4.180715020333036,0.27153256899630196,-1.7222270467266643,0.6852817775413476,12.986214565204865,10.019608551209917,2396.407,68.45467649474514
B0056,3.3651251580925825,4.181433629004157,0.28240023824588234,-1.6995424040803295,0.7084582995696584,14.020906563644123,10.060030313914343,2392.375,67.44437547872387
B0056,3.3750175764348014,4.173658812188033,0.2721283465752723,-1.6857958238112818,0.721512573692126,13.158594712143495,9.894806886286887,2373.687,66.31667815064249
B0056,3.3447811593713976,4.1820632868427365,0.29003130656945525,-1.7402948082227616,0.6653545717727144,14.942021026324584,10.535153782453834,2385.922,68.91872441691848
B0056,3.3605010057610825,4.18182200740338,0.27433418329125975,-1.7346003290908105,0.6718457198946743,13.316711053744784,10.116013026114192,2345.0,67.50378920643857
B0056,3.3538264483941607,4.1819501512020345,0.2887912801455073,-1.7146209406772344,0.6931564014704287,14.61281089291766,10.332244370257053,2363.047000000006,67.24414682386922
B0056,3.341678704653779,4.181791330814548,0.28148228707087736,-1.774352624864773,0.6251558102722448,14.205466297575018,10.278021353580035,2316.687,68.26778888442992
B0056,3.3456418542105237,4.173014294511639,0.27791283480778406,-1.7619972814702227,0.640076656092549,13.862516639323273,10.263503141787313,2322.0,67.92510032195415
B0056,3.3496423795442105,4.181882887350109,0.29125534027294936,-1.7226331709023301,0.6848801470332685,14.899199505524647,10.452748281670244,2357.687,67.4344988481727
B0055,3.24393616697826,3.843735024444539,0.31061721654167473,-1.1715210918629737,0.9797662282686108,18.02446981350722,11.879033293126687,2660.313,47.721288208380976
B0055,3.2904290284649416,4.174020568347548,0.2597240285372553,-1.7486007645883601,0.6481554399427039,16.633080095446793,12.415262417855027,2826.0,78.83225324678449
B0055,3.326231366449631,4.1994512899066025,0.2804986487872958,-1.7060235650197326,0.694963023444095,18.02222405324747,12.360226804144617,2818.578,76.2694655293413
B0055,3.338535407708074,4.201354950378872,0.269562738008131,-1.7298155313553945,0.6696501792059064,16.276920867509258,12.182802262813878,2713.812,75.091415419134
B0055,3.369050331157636,4.2022865042877005,0.28565515728153457,-1.630519419462631,0.7650246980134168,17.386184005164274,11.995175259559732,2786.578,72.07551403776411
B0055,3.3596802370189534,4.202804398571556,0.2771173321585299,-1.6935037519026295,0.7075370634776283,16.287370504806514,12.015852590858461,2667.89,72.13335908144417
B0055,3.331138062731705,4.194689870235318,0.27949184736296306,-1.796982266620521,0.5873285000030485,18.76540773861097,12.31051634460958,2530.172,71.72896289118196
B0055,3.335155652675837,4.203456278554985,0.27652318741656445,-1.8221216958276871,0.5510499101272549,17.743208793113464,12.203269426883178,2446.062,71.0180802100509
B0055,3.3970397549525346,4.203931038045003,0.27739571317568057,-1.60517659481492,0.7856439222074227,16.27240932778339,11.974188885781311,2713.25,69.86235846902244
B0055,3.3803008994123225,4.204477051328936,0.29578781889110484,-1.6273590433187917,0.7678264524895697,18.496064110315466,12.146032186206996,2676.578,68.58755690074841
B0055,3.344612876092421,4.204395922551529,0.28271838045052067,-1.8077804758929823,0.5720353591999178,17.233592924973692,12.075029193191549,2394.734,68.85082358800155
B0055,3.4016962939915634,4.196508158151434,0.2863506745019652,-1.5934585102181222,0.794494773823247,17.25233196126928,11.953480850146518,2673.0,67.60042045853487
B0055,3.377782507073848,4.2049198480597365,0.29889471768546755,-1.6457766002423246,0.7519285519823339,18.84637103862602,12.091243346975185,2619.578,67.64912922366229
B0055,3.411152214850695,4.204749253288386,0.28513923847077843,-1.5844221226745288,0.801339598204924,16.69866695291335,11.84145066042513,2640.016,66.65791130270522
B0055,3.4062074380814424,4.205529950993648,0.29385750651895,-1.5875314249026022,0.7990060369970611,17.281200338137296,11.855003538549179,2621.187,65.60718327925024
B0055,3.4006629565141497,4.205627291462969,0.3011573982002005,-1.5865260183824126,0.7995564820652137,17.87487048558903,11.91733362745109,2616.453,65.25511044329335
B0055,3.3734363664560836,4.197933604847559,0.30577003066052133,-1.6558769500299217,0.7428737437680822,18.56561933924195,12.135031767584422,2565.109,66.24646344846934
B0055,3.3751298920141575,4.205390438967899,0.3055091717445081,-1.6682381023500132,0.731915064312135,18.731388722663795,12.085534035682384,2532.531,66.14706829195853
B0055,3.3799212171444224,4.205435554958762,0.30645392467349464,-1.6518184000413114,0.7466144056182916,18.85911132920102,12.035133443915594,2556.593,66.10216443151012
B0055,3.4131937901660443,4.183847655178161,0.28836973381226155,-1.5631982736121797,0.816691574835328,16.474886676905992,11.694010522378294,2577.891,64.06655752815598
B0055,3.3882127771112662,4.205811869776469,0.3146016764885625,-1.6102431965480546,0.7813778914234872,18.429839421941317,12.02595112446758,2572.36,64.36608422473074
B0055,3.3833310240018224,4.185284066167707,0.28659069886314875,-1.6643817613294818,0.73456984618061,16.79121110894689,11.847288624466861,2697.75,71.56232921444968
B0055,3.406033299298373,4.196690472475704,0.28603652726920314,-1.629380871239606,0.7660455719740732,16.558207457541112,11.64238700767333,2683.406,69.43408354720493
B0055,3.395122860818019,4.205348595061986,0.2969101886640419,-1.6480629343875917,0.7499069724220853,16.176716026227933,11.772012658338625,2646.156,69.02463546403003
B0055,3.3678744885149583,4.205552375701064,0.31639949951617663,-1.6963503354994716,0.7048709659512299,18.28920429337146,11.983454214473863,2593.531,67.93530879158119
B0055,3.3809383898685605,4.2052142034116535,0.3164172837662114,-1.647762002114427,0.7502757874265852,18.65863623047158,11.908597488676612,2604.125,66.45370496238772
B0055,3.41469739374783,4.205763745942962,0.2969688853682209,-1.6019969747290892,0.7882772229275187,16.83473057053666,11.5894392622721,2588.594,65.61864387743007
B0055,3.41231159843661,4.198995746839671,0.2932352579129553,-1.607009362096321,0.7841876738531155,16.756789919207705,11.629714317449922,2579.203,65.61113079130192
B0055,3.4043822939909396,4.2061133400646735,0.29795246627879446,-1.627589670095513,0.7678124206751239,16.24699765148442,11.647248561632294,2555.453,65.87433044013203
B0055,3.3673428364678033,4.20656078786278,0.3246155487699726,-1.6825636345526909,0.7183625209587,19.129984857149815,12.022205345514335,2525.609,65.3981597878914
B0055,3.4104196380737455,4.205789072356055,0.2970704479044411,-1.612755670182398,0.7799086454482298,16.36765160927189,11.542224902228241,2536.172,65.04598251496027
B0055,3.3875483794093744,4.206468698154612,0.3197316075109147,-1.6303240143418964,0.7652863653841129,18.15665009637772,11.825965633220362,2536.204,64.10561727399029
B0055,3.3533445639000172,4.19878751718924,0.32838432627723774,-1.71799533716817,0.6825051831609197,18.80550760238104,12.03863906152037,2488.86,65.42260960642496
B0055,3.403128476363774,4.205549436509086,0.31000851441915644,-1.6148091574306578,0.7782357471446777,17.559578387097904,11.59317451081218,2518.547,63.545883746302444
B0055,3.3737196134296283,4.206680085108051,0.32090877833140785,-1.6806946415000543,0.7206333096446642,17.467083355342886,11.873598601586018,2485.766,64.85068359546833
B0055,3.382746702873388,4.206242808359698,0.3253244845349785,-1.63831200906344,0.7587809515598171,18.49462899513655,11.809310238880515,2506.718,63.242662359058855
B0055,3.3641919383896957,4.206501526529983,0.326906352982529,-1.701910823714865,0.69953750395182,17.91164881741511,11.933034010302555,2459.297,64.58358354078968
B0055,3.408219619852174,4.198066617715753,0.3020685980866114,-1.6137161861379503,0.779151456809633,16.71929796179109,11.53732922797716,2488.734,63.40553390596235
B0055,3.3720438606583496,4.2069940867465805,0.33120796340726133,-1.6587094218378893,0.7408471696249869,18.743872075423457,11.942237573488166,2491.375,63.27355103144632
B0055,3.3954495279595993,4.206185443933068,0.3079274978481763,-1.6449474011417666,0.7531328824818362,16.07532193134441,11.654440484569944,2467.328,64.16103863675941
B0055,3.3886471333647554,4.206494698836393,0.3239532659433559,-1.6341793441136752,0.7623248665874015,18.1055360480279,11.722702041818202,2466.125,62.14886965521546
B0055,3.356819503345258,4.204041730199119,0.33863779402395766,-1.6871055404907072,0.7136501987670602,19.22539590220654,12.139105911879911,2459.312999999994,63.16446613926002
B0055,3.38173030037378,4.186445589660851,0.3135946416980715,-1.6534663598224018,0.7445583099942965,17.79698901775945,11.725785170275977,2559.125,65.6005366149691
B0055,3.332585578324588,4.198472809564929,0.3457140530086496,-1.746935874580489,0.6495313248215291,19.90310164984231,12.14093273670559,2534.156,66.28178037805331
B0055,3.415794800601349,4.205147121886639,0.2990310946887273,-1.6100189784192442,0.7816248775958641,16.28428434167548,11.32244979928203,2521.985,64.46446391189549
B0055,3.364395338116308,4.207061766566151,0.3363881710475184,-1.6797818306005563,0.721086293579546,18.858200111612096,11.899725740614361,2503.172,64.00363571024894
B0055,3.3556150350421454,4.206586679847002,0.33953536461528394,-1.703206082949298,0.6979995792807145,19.26539604228336,11.9698483506891,2474.344,64.18463690707182
B0055,3.2813552523710348,4.136062355148983,0.3313586161057697,-1.8582921214004526,0.4916211942997816,19.91574517945343,11.944879920447905,2349.64,64.88883425150092
B0055,3.3340325216514985,4.194893964041484,0.3418427270746833,-1.7577069451672969,0.6372879265172486,19.74476118019262,12.028925123088163,2560.688,67.73043189002408
B0055,3.355658576925396,4.205199298124983,0.3328135533427256,-1.7278318736099232,0.6716428426504919,18.239458117812696,11.71503135296823,2522.375,66.75585644339085
B0055,3.353357049023896,4.205853256210238,0.3351675549802461,-1.7321258947169127,0.6669389629340879,19.14324542302631,11.810607676487715,2488.719,65.9764512083488
B0055,3.356165416087441,4.205832053797409,0.3349308307601401,-1.720909576078404,0.6793897542473724,18.957146305546704,11.765625767571137,2474.844,65.08374009322245
B0055,3.3655236596965747,4.205960258814088,0.3322642418421685,-1.6928963609340808,0.7081541895844613,18.569611226697237,11.666664960009529,2473.875,64.23762167218115
B0055,3.3657531038090425,4.1982654098780685,0.3357163537398893,-1.6674344219063135,0.7325706587769368,18.389604150481876,11.708939176253061,2495.5,63.36879119375094
B0055,3.3849405998756663,4.206713417529564,0.3281235142521265,-1.6377223794615257,0.7589158654305581,17.859841515218953,11.450092345609722,2481.078,62.82140736282621
B0055,3.410105370394735,4.206861671465562,0.3045846799899236,-1.6143852867459763,0.778693825905917,15.816276936907297,11.131625464424475,2460.125,63.034270980575954
B0055,3.3607031370514133,4.203250203022516,0.33889915441551255,-1.6847849277248685,0.7162986904335493,18.755426828419857,11.738832332367679,2440.547,62.91030570778615
B0055,3.3928240190547645,4.206868467936627,0.3233676606559198,-1.6204098129461206,0.7734530806144814,17.253309886018204,11.33070420089266,2449.922,61.609843087125206
B0055,3.3379943082200825,4.199652821200027,0.34690447311572187,-1.7350634493263108,0.6638216063455092,19.044660235871767,11.71743632355557,2408.781,62.9120898487472
B0055,3.383748883671106,4.206354715936561,0.32963199707182594,-1.6355169727932206,0.7609448372911605,17.632782962314124,11.448023523006356,2442.547,61.62484357454778
B0055,3.4034852057714984,4.207116858721508,0.31039574432065437,-1.620774629606393,0.7737104358062596,15.652866929465386,11.113362092407373,2420.671,61.84183581243977
B0055,3.3488479010139836,4.203805356740808,0.34876462599940383,-1.695046194498669,0.7063057197534683,18.851175405607997,11.759912549960136,2409.906,61.65097377882317
B0055,3.400337322032959,4.206451344410812,0.3193927096670155,-1.607752495748955,0.7837888326494308,16.682382112943166,11.095152329208846,2416.672,60.41572781221599
B0055,3.3343052776040634,4.199840856194157,0.3519926929063718,-1.7288529172580396,0.6706571391029508,19.331265935552995,11.855416870953553,2395.75,62.197521694484436
B0055,3.3786546268712,4.206363005983127,0.33278931311925786,-1.6438464708058846,0.7535408529549507,17.796486773673443,11.501464461877692,2410.688,61.02484849933323
B0055,3.413323315609648,4.206927414011855,0.30601778255538203,-1.5920409233304795,0.7957357114480256,15.641866781260571,10.922543090852551,2402.125,60.52145274067136
B0055,3.3358445561886736,4.202275822485786,0.34928924350304164,-1.731928125216886,0.6668918568121494,18.47501778028561,11.679121657086682,2355.265,61.517729028998794
B0055,3.3537094650205534,4.20659875616185,0.34910829104829694,-1.6777504908523246,0.7228751605082481,18.598567041058164,11.716719550648065,2396.719,60.857199623209155
B0055,3.3664574186515495,4.18778132479275,0.33266034518568377,-1.6531774202404774,0.7447469153200277,17.70296113245331,11.332026451776493,2442.344,61.46359886660395
B0055,3.319131030823727,4.19944321827157,0.3617922912666359,-1.748766373641858,0.6477630453051786,19.648490501323845,11.967823512320054,2444.703,63.11652209890374
B0055,3.4032103094968886,4.205593767786481,0.31267721732547304,-1.6200178882302807,0.7736516006312848,16.178060673787062,11.01544977025214,2412.25,61.46831136273185
B0055,3.343831990901096,4.202887645707948,0.3525505136291551,-1.703990940961131,0.6969935523640987,18.88644438182567,11.818028778074435,2403.234,61.64527979502119
B0055,3.3724641292622257,4.206513407222774,0.32525581049111413,-1.6883184479362592,0.7127676380732927,16.020151248713987,11.295282200562326,2361.047,62.170463990602876
B0055,3.3553714698756965,4.203597448523021,0.35118276394318765,-1.671488542905288,0.7286332762648419,18.292174814306744,11.589249198689654,2392.468,60.39289454140936
B0055,3.327985568079429,4.19879054583806,0.3555503388511543,-1.738115100941277,0.660169878948989,19.26049129848449,11.857143843844957,2373.89,61.74429204511046
B0055,3.380340612404249,4.206474987547079,0.3348291006213095,-1.6383784100519558,0.7582035299400515,17.24384546974176,11.276289724634314,2383.234,59.964843747830635
B0055,3.3795059063602477,4.203906513751972,0.32122943566266615,-1.6720302030703613,0.728454957650278,15.900824096276386,11.220787392479364,2342.453,61.72230899233326
B0055,3.3419486124359232,4.203458601351602,0.35490371825563444,-1.7040964736723387,0.6969786182226454,18.94850032004803,11.759447806620914,2359.296,60.31719491985869
B0055,3.3994343538904057,4.206479388387375,0.3110464560452726,-1.6294399730001765,0.7663220715304873,14.95747625778177,10.988248985047367,2345.453,60.480402268525104
B0055,3.3674537565378784,4.200091561431062,0.34322458716242676,-1.6515379727772603,0.7468297131777722,17.70459844093717,11.355681286808547,2360.172,59.42013893967092
B0055,3.3529430513041807,4.203624990778383,0.3368474953528003,-1.7174483877318063,0.6831986623306555,16.746714545942115,11.443287391092776,2315.407,61.1644898493639
B0055,3.313138824967226,4.203121026339225,0.3630408882719937,-1.7693261826528028,0.6231568659745707,19.20127329879016,11.785825239943042,2322.156,60.97390300286919
B0055,3.331207681083792,4.206360725269558,0.35588298270257296,-1.7382171562180335,0.6604692736115172,18.921215014535083,11.72640480534808,2327.1570000000065,60.68792549039108
B0055,3.361184494584018,4.206662505631524,0.3442243647075452,-1.6759841309858239,0.7248587592005278,17.83845317353606,11.472788708066494,2335.0,59.65386753359934
B0055,3.317225424194071,4.198906004577256,0.36084078565630334,-1.7579493131782606,0.637319553244383,19.413252469388496,11.802235485150675,2329.375,60.67514487489003
B0055,3.3671948983953452,4.2063268655944,0.3424771985413339,-1.6637548048231787,0.7362174226059778,17.555469742468727,11.363194027921853,2333.875,59.50790947297103
B0055,3.394889434849019,4.207127040760322,0.3166712880961802,-1.6389209925149488,0.7580722131182811,15.18160164516741,10.949818258159802,2317.453,60.047475904608035
B0055,3.310050856120256,4.202430409703646,0.36349321928142003,-1.7742280928785612,0.6170740478740678,19.119001932657707,11.706437723845246,2295.109,60.27172139353283
B0055,3.3458687278652697,4.206373386837717,0.3543822152723945,-1.6962395390509193,0.7051851073640545,18.259385299695204,11.583533228310797,2326.657,59.63419307270741
B0055,3.2453384054657453,4.181574605333568,0.37581582808971775,-1.8679808387813042,0.4730453124133189,20.334330441428275,11.961499960858754,2479.297,65.0561933758478
B0055,3.3032859676964024,4.194441045655941,0.36494853637302693,-1.7868262879672983,0.6002431731582906,18.82433959610769,11.522596039987194,2463.578,64.46816844954681
B0055,3.3954172971180325,4.204880578247997,0.32696208812948496,-1.61471261152207,0.7778464699912226,16.215064274032724,10.721858182752005,2458.812,61.67421424232873
B0055,3.319390417324327,4.202840264863921,0.36289148376748803,-1.7601408237271083,0.6343326702797605,18.624861324787787,11.411543894379703,2400.672,62.7040727339234
B0055,3.384442477808506,4.205754690488186,0.31977837483967975,-1.6551157920024593,0.7440155770139286,15.137573162785118,10.810513729948518,2396.407,62.43727571313288
B0055,3.396001919549735,4.207084563921945,0.3278057847821254,-1.6115078715312525,0.7804502396909582,16.113386903826303,10.714176302518482,2392.375,59.73588600515135
B0055,3.4091500642055776,4.198111672339926,0.30660183668074426,-1.5964976013167924,0.792136933995235,14.51027225857862,10.478734086554464,2373.687,60.22855050022535
B0055,3.318069571504016,4.203133911551857,0.3736357180453922,-1.724633006126093,0.6749614404698483,18.79688115527297,11.577446477629389,2385.922,59.94459259944096
B0055,3.3705488423522825,4.206432255358412,0.33032978192310203,-1.6761541599227183,0.7242905135197432,15.51511607516065,10.889278314878903,2345.0,61.43009335169419
B0055,3.358032061134384,4.203481073295822,0.3554632991444756,-1.6566423606087435,0.7421572143057379,17.410882869971065,11.125862267460422,2363.047000000006,58.63236301561416
B0055,3.3305932142592156,4.20306302939134,0.3554438723858668,-1.7366403960823258,0.6620429328208167,17.541633082707207,11.180258248103398,2316.687,60.48553267404551
B0055,3.345081227582777,4.197674431245264,0.34426210268587054,-1.7132159087232544,0.6875542798935124,16.68412644043965,11.102809730123198,2322.0,60.929051467223985
B0055,3.3411218242164646,4.20280430699626,0.363112293403606,-1.6853564371512757,0.7155126870314749,18.127312484256297,11.41292758502581,2357.687,59.17436293930509
